<?xml version="1.0" encoding="utf-8"?>
<window type="dialog">
    <defaultcontrol always="true">11</defaultcontrol>
    <coordinates>
        <system>1</system>
        <posx>0</posx>
        <posy>30</posy>
    </coordinates>
    <include>OSDFade</include>
    <controls>
        <include condition="!Skin.HasSetting(PVRChannelListBig)">PVROSDChannelListSmall</include>
        <include condition="Skin.HasSetting(PVRChannelListBig)">PVROSDChannelListBig</include>
    </controls>
</window>
