<?xml version="1.0" encoding="utf-8"?>
<window>
    <defaultcontrol always="true">20</defaultcontrol>
    <include>DialogOpenClose</include>
    <controls>
        <include>DimBG</include>
        <control type="group">
            <include condition="Skin.HasSetting(BlackGlassMode)+!Skin.HasSetting(DisableSlidingAnimations)">OpenCloseSlideRight</include>
            <include name="WindowClosingButton">
                <param name="id" value="0"/>
                <param name="x" value="1537"/>
                <param name="y" value="159"/>
            </include>
            <control type="image">
                <posx>333</posx>
                <posy>163</posy>
                <width>1254</width>
                <height>754</height>
                <texture border="94">common/bg_dialog.png</texture>
            </control>
            <control type="group">
                <posx>378</posx>
                <posy>200</posy>
                <control type="label" id="1">
                    <posx>45</posx>
                    <posy>0</posy>
                    <width>1074</width>
                    <height>100</height>
                    <font>InfoTitleFont</font>
                    <textcolor>MainColor</textcolor>
                    <align>center</align>
                    <label>$LOCALIZE[35000]</label>
                </control>
                <control type="label">
                    <posx>45</posx>
                    <posy>65</posy>
                    <width>1074</width>
                    <font>InfoTitleSubFont</font>
                    <align>center</align>
                    <textcolor>AlternateColor</textcolor>
                    <label>$INFO[Container(20).NumItems] $LOCALIZE[31025]</label>
                </control>
                <control type="image">
                    <posx>0</posx>
                    <posy>38</posy>
                    <width>1164</width>
                    <height>79</height>
                    <texture>list/bg_facade_nofocus_top.png</texture>
                </control>
                <control type="list" id="20">
                    <posx>0</posx>
                    <posy>117</posy>
                    <width>1164</width>
                    <height>505</height>
                    <itemgap>0</itemgap>
                    <orientation>vertical</orientation>
                    <onup>20</onup>
                    <ondown>20</ondown>
                    <onright>61</onright>
                    <scrolltime>300</scrolltime>
                    <pagecontrol>61</pagecontrol>
                    <itemlayout height="101" width="1164">
                        <control type="image">
                            <posx>0</posx>
                            <posy>0</posy>
                            <height>101</height>
                            <width>1164</width>
                            <texture border="3">list/bg_facade_nofocus.png</texture>
                        </control>
                        <control type="label">
                            <posx>25</posx>
                            <height>42</height>
                            <width>1114</width>
                            <font>FacadeListMainFont</font>
                            <textcolor>ListNoFocusColor</textcolor>
                            <label>$INFO[ListItem.Label]</label>
                            <scroll>false</scroll>
                        </control>
                        <control type="label">
                            <posx>25</posx>
                            <posy>39</posy>
                            <height>28</height>
                            <width>1114</width>
                            <font>FacadeListSubFont</font>
                            <textcolor>SublistNoFocusColor</textcolor>
                            <label>$INFO[ListItem.Property(Product),$LOCALIZE[35504]: ,]$INFO[ListItem.Property(Vendor),  •  $LOCALIZE[35503]: ,]</label>
                            <scroll>false</scroll>
                        </control>
                        <control type="label">
                            <posx>25</posx>
                            <posy>67</posy>
                            <height>28</height>
                            <width>1114</width>
                            <font>FacadeListSubFont</font>
                            <textcolor>SublistNoFocusColor</textcolor>
                            <label>$INFO[ListItem.Property(Class),$LOCALIZE[35501]: ,]$INFO[ListItem.Property(Version),  •  $LOCALIZE[19114]: ,]</label>
                            <scroll>false</scroll>
                        </control>
                    </itemlayout>
                    <itemlayout height="101" width="1164">
                        <control type="image">
                            <posx>0</posx>
                            <posy>0</posy>
                            <height>101</height>
                            <width>1164</width>
                            <include>FacadeFocus</include>
                        </control>
                        <control type="label">
                            <posx>25</posx>
                            <height>42</height>
                            <width>1114</width>
                            <font>FacadeListMainFont</font>
                            <textcolor>ListFocusColor</textcolor>
                            <label>$INFO[ListItem.Label]</label>
                            <scroll>false</scroll>
                        </control>
                        <control type="label">
                            <posx>25</posx>
                            <posy>39</posy>
                            <height>28</height>
                            <width>1114</width>
                            <font>FacadeListSubFont</font>
                            <textcolor>SublistFocusColor</textcolor>
                            <label>$INFO[ListItem.Property(Product),$LOCALIZE[35504]: ,]$INFO[ListItem.Property(Vendor),  •  $LOCALIZE[35503]: ,]</label>
                            <scroll>false</scroll>
                        </control>
                        <control type="label">
                            <posx>25</posx>
                            <posy>67</posy>
                            <height>28</height>
                            <width>1114</width>
                            <font>FacadeListSubFont</font>
                            <textcolor>SublistFocusColor</textcolor>
                            <label>$INFO[ListItem.Property(Class),$LOCALIZE[35501]: ,]$INFO[ListItem.Property(Version),  •  $LOCALIZE[19114]: ,]</label>
                            <scroll>false</scroll>
                        </control>
                    </itemlayout>
                </control>
                <control type="scrollbar" id="61">
                    <posx>1133</posx>
                    <posy>117</posy>
                    <height>505</height>
                    <include>VerticalScroller</include>
                    <onleft>61</onleft>
                    <onright>20</onright>
                </control>
            </control>
        </control>
    </controls>
</window>
