<?xml version="1.0" encoding="utf-8"?>
<window>
    <defaultcontrol always="true">10</defaultcontrol>
    <include>DialogOpenClose</include>
    <controls>
        <include>DimBG</include>
        <control type="group">
            <include condition="Skin.HasSetting(BlackGlassMode)+!Skin.HasSetting(DisableSlidingAnimations)">OpenCloseSlideRight</include>
            <include name="WindowClosingButton">
                <param name="id" value="0"/>
                <param name="x" value="1537"/>
                <param name="y" value="169"/>
            </include>
            <control type="image">
                <posx>333</posx>
                <posy>173</posy>
                <width>1254</width>
                <height>734</height>
                <texture border="94">common/bg_dialog.png</texture>
            </control>
            <control type="group">
                <posx>378</posx>
                <posy>210</posy>
                <control type="label" id="2">
                    <posx>45</posx>
                    <posy>18</posy>
                    <width>1074</width>
                    <height>100</height>
                    <font>InfoTitleFont</font>
                    <textcolor>MainColor</textcolor>
                    <align>center</align>
                    <label>$LOCALIZE[1007]</label>
                </control>
                <control type="image">
                    <posx>0</posx>
                    <posy>38</posy>
                    <width>1164</width>
                    <height>79</height>
                    <texture>list/bg_facade_nofocus_top.png</texture>
                </control>
                <control type="grouplist" id="9002">
                    <posy>117</posy>
                    <itemgap>0</itemgap>
                    <pagecontrol>60</pagecontrol>
                    <onright>60</onright>
                    <ondown>9001</ondown>
                    <control type="spincontrolex" id="10">
                        <description>Protocol SpinControl</description>
                        <label>$LOCALIZE[1008]</label>
                        <width>1164</width>
                        <include>LeftMenuButton</include>
                    </control>
                    <control type="edit" id="11">
                        <description>Server Address Button</description>
                        <width>1164</width>
                        <include>LeftMenuButton</include>
                    </control>
                    <control type="edit" id="16">
                        <description>Remote path Button</description>
                        <width>1164</width>
                        <include>LeftMenuButton</include>
                    </control>
                    <control type="edit" id="13">
                        <description>Port Button</description>
                        <label>$LOCALIZE[1013]</label>
                        <width>1164</width>
                        <include>LeftMenuButton</include>
                    </control>
                    <control type="edit" id="14">
                        <description>Username Button</description>
                        <label>$LOCALIZE[1014]</label>
                        <width>1164</width>
                        <include>LeftMenuButton</include>
                    </control>
                    <control type="edit" id="15">
                        <description>Password Button</description>
                        <label>$LOCALIZE[15052]</label>
                        <width>1164</width>
                        <include>LeftMenuButton</include>
                    </control>
                </control>
                <control type="group">
                    <posx>0</posx>
                    <posy>214</posy>
                    <control type="image">
                        <posx>0</posx>
                        <posy>250</posy>
                        <width>1164</width>
                        <height>79</height>
                        <texture>list/bg_facade_nofocus_top.png</texture>
                    </control>
                    <control type="grouplist" id="9001">
                        <posx>0</posx>
                        <posy>336</posy>
                        <width>1164</width>
                        <height>90</height>
                        <itemgap>10</itemgap>
                        <aligny>bottom</aligny>
                        <align>center</align>
                        <orientation>horizontal</orientation>
                        <onup>9002</onup>
                        <ondown>9001</ondown>
                        <control type="button" id="12">
                            <width>360</width>
                            <label>$LOCALIZE[1024]</label>
                        </control>
                        <control type="button" id="19">
                            <width>360</width>
                            <label>$LOCALIZE[222]</label>
                        </control>
                        <control type="button" id="18">
                            <width>360</width>
                            <label>$LOCALIZE[186]</label>
                        </control>
                    </control>
                </control>
            </control>
        </control>
    </controls>
</window>
