<?xml version="1.0" encoding="utf-8"?>
<window>
    <defaultcontrol always="true">49</defaultcontrol>
    <include>DialogOpenClose</include>
    <onload>ClearProperty(summary,home)</onload>
    <onload>RunScript(script.extendedinfo,info=trackinfo,artistname=$INFO[ListItem.Artist],trackname=$INFO[ListItem.Title])</onload>
    <controls>
        <include>DimBG</include>
        <control type="group">
            <include condition="Skin.HasSetting(BlackGlassMode)+!Skin.HasSetting(DisableSlidingAnimations)">OpenCloseSlideRight</include>
            <posy>-219</posy>
            <include name="WindowClosingButton">
                <param name="id" value="0"/>
                <param name="x" value="1737"/>
                <param name="y" value="240"/>
            </include>
            <control type="image">
                <posx>133</posx>
                <posy>244</posy>
				<width>1654</width>
                <height>1029</height>
                <texture border="90">common/bg_dialog.png</texture>
            </control>
            <control type="image">
                <posx>178</posx>
                <posy>292</posy>
                <width>1564</width>
                <height>90</height>
                <texture border="3">list/bg_facade_nofocus_top.png</texture>
            </control>
            <control type="label">
                <posx>223</posx>
                <posy>323</posy>
                <height>36</height>
                <width>1474</width>
                <align>center</align>
                <font>InfoTitleFont</font>
                <textcolor>MainColor</textcolor>
                <label>$INFO[ListItem.TrackNumber,,. ]$INFO[ListItem.Title]</label>
            </control>
            <control type="image">
                <posx>1309</posx>
                <posy>382</posy>
                <width>2</width>
                <height>840</height>
                <texture>list/bg_facade_vertical.png</texture>
            </control>
            <control type="image">
                <posx>1309</posx>
                <posy>382</posy>
                <height>840</height>
                <width>375</width>
                <texture flipx="true">list/bg_strip_horizontal_left.png</texture>
                <colordiffuse>90ffffff</colordiffuse>
            </control>
            <control type="grouplist" id="9001">
                <posx>1309</posx>
                <posy>382</posy>
                <width>433</width>
                <height>365</height>
                <itemgap>0</itemgap>
                <orientation>vertical</orientation>
                <scrolltime>200</scrolltime>
                <onleft>49</onleft>
                <onup>10</onup>
                <ondown>10</ondown>
                <control type="button" id="7">
                    <include>RightDialogButton</include>
                    <label>$LOCALIZE[38023]</label>
                </control>
                <control type="button" id="500">
                    <visible>System.HasAddon(script.extendedinfo)</visible>
                    <description>Summary ExtendedInfo</description>
                    <include>RightDialogButton</include>
                    <label>20037</label>
                    <onleft>5001</onleft>
                </control>
                <control type="button" id="12">
                    <include>RightDialogButton</include>
                    <label>$LOCALIZE[558]</label>
                </control>
                <control type="button" id="13">
                    <include>RightDialogButton</include>
                    <label>$LOCALIZE[13405]</label>
                </control>
            </control>
            <!-- CDART MUSIC -->
            <include name="DiscArt">
                <param name="visible" value="!IsEmpty(ListItem.Thumb)+[Container.content(albums)|Container.content(songs)]"/>
                <param name="x" value="1540"/>
                <param name="y" value="774"/>
                <param name="width" value="316"/>
                <param name="height" value="316"/>
                <param name="texture" value="$VAR[MusicCdArt]"/>
            </include>
            <control type="image">
                <posx>1342</posx>
                <posy>747</posy>
                <width>370</width>
                <height>370</height>
                <include>SquareThumb</include>
                <include>ThumbBorder</include>
            </control>
            <control type="image">
                <posx>1342</posx>
                <posy>1147</posy>
                <width>370</width>
                <height>36</height>
                <aspectratio>keep</aspectratio>
                <texture>$INFO[ListItem.StarRating]</texture>
            </control>
            <!--SONG INFO-->
            <control type="group" id="4900">
                <visible>![Control.HasFocus(500)|
                    ControlGroup(5000).HasFocus]</visible>
                <include>VisibleFadeEffectDelay</include>
                <posx>178</posx>
                <posy>382</posy>
                <control type="panel" id="49">
                    <posx>0</posx>
                    <posy>0</posy>
                    <width>1131</width>
                    <height>365</height>
                    <pagecontrol>60</pagecontrol>
                    <scrolltime>200</scrolltime>
                    <onleft>9001</onleft>
                    <onright>60</onright>
                    <onup>49</onup>
                    <ondown>6060</ondown>
                    <itemlayout height="73" width="1131">
                        <control type="image">
                            <posx>0</posx>
                            <posy>0</posy>
                            <height>73</height>
                            <width>1131</width>
                            <texture border="3">list/bg_facade_nofocus.png</texture>
                        </control>
                        <control type="label">
                            <posx>TextMargin</posx>
                            <posy>2</posy>
                            <height>28</height>
                            <width>1041</width>
                            <font>FacadeListSubFont</font>
                            <textcolor>SublistFocusColor</textcolor>
                            <label>$INFO[ListItem.Label]</label>
                            <scroll>false</scroll>
                        </control>
                        <control type="label">
                            <posx>TextMargin</posx>
                            <posy>26</posy>
                            <height>42</height>
                            <width>1041</width>
                            <font>FacadeListMainFont</font>
                            <textcolor>ListFocusColor</textcolor>
                            <label>$INFO[ListItem.Label2]</label>
                            <scroll>false</scroll>
                        </control>
                    </itemlayout>
                    <focusedlayout height="73" width="1131">
                        <control type="image">
                            <posx>0</posx>
                            <posy>0</posy>
                            <height>73</height>
                            <width>1131</width>
                            <include>FacadeFocus</include>
                        </control>
                        <control type="label">
                            <posx>TextMargin</posx>
                            <posy>2</posy>
                            <height>28</height>
                            <width>1041</width>
                            <font>FacadeListSubFont</font>
                            <textcolor>SublistFocusColor</textcolor>
                            <label>$INFO[ListItem.Label]</label>
                        </control>
                        <control type="label">
                            <posx>TextMargin</posx>
                            <posy>26</posy>
                            <height>42</height>
                            <width>1041</width>
                            <font>FacadeListMainFont</font>
                            <textcolor>ListFocusColor</textcolor>
                            <label>$INFO[ListItem.Label2]</label>
                        </control>
                    </focusedlayout>
                    <content>
                        <item>
                            <label>$LOCALIZE[557]:</label>
                            <label2>$INFO[ListItem.Artist]</label2>
                            <onclick>noop</onclick>
                            <visible>!IsEmpty(ListItem.Artist)</visible>
                        </item>
                        <item>
                            <label>$LOCALIZE[558]:</label>
                            <label2>$INFO[ListItem.Album]$INFO[listitem.discnumber, - $LOCALIZE[427] ]</label2>
                            <onclick>noop</onclick>
                            <visible>!IsEmpty(ListItem.Album)</visible>
                        </item>
                        <item>
                            <label>$LOCALIZE[515]:</label>
                            <label2>$INFO[ListItem.Genre]</label2>
                            <onclick>noop</onclick>
                            <visible>!IsEmpty(ListItem.Genre)</visible>
                        </item>
                        <item>
                            <label>$LOCALIZE[562]:</label>
                            <label2>$INFO[ListItem.Year]</label2>
                            <onclick>noop</onclick>
                            <visible>!IsEmpty(ListItem.Year)</visible>
                        </item>
                        <item>
                            <label>$LOCALIZE[554]:</label>
                            <label2>$INFO[ListItem.TrackNumber]</label2>
                            <onclick>noop</onclick>
                            <visible>!IsEmpty(ListItem.TrackNumber)</visible>
                        </item>
                        <item>
                            <label>$LOCALIZE[427]:</label>
                            <label2>$INFO[ListItem.discnumber]</label2>
                            <onclick>noop</onclick>
                            <visible>!IsEmpty(ListItem.discnumber)</visible>
                        </item>
                        <item>
                            <label>$LOCALIZE[180]:</label>
                            <label2>$INFO[ListItem.Duration]</label2>
                            <onclick>noop</onclick>
                            <visible>!IsEmpty(ListItem.Duration)</visible>
                        </item>
                        <item>
                            <label>$LOCALIZE[21899]:</label>
                            <label2>$INFO[ListItem.Property(Album_Label)]</label2>
                            <onclick>noop</onclick>
                            <visible>!IsEmpty(ListItem.Property(Album_Label))</visible>
                        </item>
                        <item>
                            <label>$LOCALIZE[567]:</label>
                            <label2>$INFO[ListItem.PlayCount]</label2>
                            <onclick>noop</onclick>
                            <visible>!IsEmpty(ListItem.PlayCount)</visible>
                        </item>
                        <item>
                            <label>$LOCALIZE[568]:</label>
                            <label2>$INFO[ListItem.LastPlayed]</label2>
                            <onclick>noop</onclick>
                            <visible>!IsEmpty(ListItem.LastPlayed)</visible>
                        </item>
                        <item>
                            <label>$LOCALIZE[573]:</label>
                            <label2>$INFO[ListItem.Path]</label2>
                            <onclick>noop</onclick>
                            <visible>!IsEmpty(ListItem.Path)</visible>
                        </item>
                        <item>
                            <label>$LOCALIZE[21800]:</label>
                            <label2>$INFO[ListItem.FileName]</label2>
                            <onclick>noop</onclick>
                            <visible>!IsEmpty(ListItem.FileName)</visible>
                        </item>
                    </content>
                </control>
                <control type="scrollbar" id="60">
                    <posx>1100</posx>
                    <posy>0</posy>
                    <height>365</height>
                    <include>VerticalScroller</include>
                    <onleft>49</onleft>
                    <onright>9001</onright>
                </control>
                <control type="image">
                    <posx>0</posx>
                    <posy>363</posy>
                    <width>1131</width>
                    <height>8</height>
                    <texture>list/bg_facade_separator.png</texture>
                </control>
                <control type="textbox" id="4">
                    <description>Description</description>
                    <posx>TextMargin</posx>
                    <posy>390</posy>
                    <width>1041</width>
                    <height>420</height>
                    <font>InfoPlotFont</font>
                    <align>justify</align>
                    <textcolor>MainColor</textcolor>
                    <label fallback="161">$INFO[ListItem.Comment]</label>
                    <pagecontrol>6060</pagecontrol>
                </control>
                <control type="scrollbar" id="6060">
                    <visible>Skin.HasSetting(ManualScroll)</visible>
                    <posx>1100</posx>
                    <posy>390</posy>
                    <height>420</height>
                    <include>VerticalScroller</include>
                    <onleft>49</onleft>
                    <onright>9001</onright>
                </control>
            </control>
            <!--SUMMARY EXTENDENDINFO-->
            <control type="group" id="5000">
                <visible>Control.HasFocus(500)|ControlGroup(5000).HasFocus</visible>
                <include>VisibleFadeEffectDelay</include>
                <posx>178</posx>
                <posy>382</posy>
                <control type="button" id="5001">
                    <description>dummy for mouse navigation</description>
                    <posx>0</posx>
                    <posy>0</posy>
                    <width>1131</width>
                    <height>803</height>
                    <onclick>noop</onclick>
                    <onright>5600</onright>
                    <texturenofocus>-</texturenofocus>
                    <texturefocus>-</texturefocus>
                </control>
                <control type="textbox">
                    <description>Description</description>
                    <posx>TextMargin</posx>
                    <posy>25</posy>
                    <width>1041</width>
                    <height>780</height>
                    <font>InfoPlotFont</font>
                    <align>justify</align>
                    <textcolor>MainColor</textcolor>
                    <label fallback="161">$INFO[Window(home).Property(summary)]</label>
                    <pagecontrol>5600</pagecontrol>
                </control>
                <control type="scrollbar" id="5600">
                    <visible>Skin.HasSetting(ManualScroll)</visible>
                    <posx>1100</posx>
                    <posy>25</posy>
                    <height>780</height>
                    <include>VerticalScroller</include>
                    <onleft>49</onleft>
                    <onright>9001</onright>
                </control>
            </control>
        </control>
    </controls>
</window>
