<?xml version="1.0" encoding="utf-8"?>
<window type="dialog">
    <zorder>2</zorder>
    <controls>
        <control type="group">
            <visible>![
                Window.IsActive(DialogFullScreenInfo.xml) |
                Window.IsActive(DialogKaiToast.xml) |
                [
                Player.HasMedia |
                Window.IsActive(VideoOSD.xml) |
                Window.IsActive(MusicOSD.xml)
                ]
                ]</visible>
            <include>Icon_Fade</include>
            <animation effect="slide" start="0,-130" end="0,0" time="200">WindowOpen</animation>
            <animation effect="slide" start="0,0" end="0,-130" time="200">WindowClose</animation>
            <posx>20</posx>
            <posy>0</posy>
            <control type="image">
                <posx>290</posx>
                <posy>-265</posy>
                <width>1300</width>
                <height>417</height>
                <texture border="90">common/bg_dialog.png</texture>
            </control>
            <include name="ProgressBar">
                <param name="id" value="32"/>
                <param name="visible" value="true"/>
                <param name="x" value="350"/>
                <param name="y" value="-5"/>
                <param name="width" value="1180"/>
                <param name="height" value="42"/>
                <param name="texturebg" value="buttons/Scrollbar_Horizontal_NoFocus.png"/>
                <param name="gfx" value="buttons/Scrollbar_Horizontal_Focus.png"/>
                <param name="border" value="31,0,31,0"/>
                <param name="borderbg" value="31,0,31,0"/>
                <param name="coldiffbg" value="90ffffff"/>
                <param name="colordiffuse" value="ffffffff"/>
                <param name="info" value="noop"/>
                <param name="reveal" value="false"/>
            </include>
            <control type="label" id="30">
                <posx>370</posx>
                <posy>22</posy>
                <width>1140</width>
                <height>46</height>
                <font>NotificationFont</font>
                <align>center</align>
                <textcolor>MainColor</textcolor>
            </control>
            <control type="label" id="31">
                <posx>370</posx>
                <posy>54</posy>
                <width>1140</width>
                <height>46</height>
                <font>NotificationFont</font>
                <align>center</align>
                <haspath>true</haspath>
                <textcolor>AlternateColor</textcolor>
            </control>
        </control>
    </controls>
</window>
