<?xml version="1.0" encoding="utf-8"?>
<window type="dialog">
    <defaultcontrol always="true">10</defaultcontrol>
    <include>DialogOpenClose</include>
    <controls>
        <include>DimBG</include>
        <control type="group">
            <include condition="Skin.HasSetting(BlackGlassMode)+!Skin.HasSetting(DisableSlidingAnimations)">OpenCloseSlideRight</include>
            <control type="image">
                <posx>483</posx>
                <posy>280</posy>
                <width>954</width>
                <height>520</height>
                <texture border="94">common/bg_dialog.png</texture>
            </control>
            <control type="group">
                <posx>528</posx>
                <posy>317</posy>
                <control type="label" id="100">
                    <posx>45</posx>
                    <posy>7</posy>
                    <width>774</width>
                    <height>100</height>
                    <font>InfoTitleFont</font>
                    <textcolor>MainColor</textcolor>
                    <align>center</align>
                    <label>$INFO[Control.GetLabel(1),,   ]$INFO[System.Progressbar,,%]</label>
                </control>
                <include name="ProgressBar">
                    <param name="id" value="0"/>
                    <param name="visible" value="true"/>
                    <param name="x" value="25"/>
                    <param name="y" value="80"/>
                    <param name="width" value="814"/>
                    <param name="height" value="42"/>
                    <param name="texturebg" value="buttons/Scrollbar_Horizontal_NoFocus.png"/>
                    <param name="gfx" value="buttons/Scrollbar_Horizontal_Focus.png"/>
                    <param name="border" value="31,0,31,0"/>
                    <param name="borderbg" value="31,0,31,0"/>
                    <param name="coldiffbg" value="90ffffff"/>
                    <param name="info" value="System.Progressbar"/>
                    <param name="reveal" value="false"/>
                </include>
                <control type="image">
                    <posx>0</posx>
                    <posy>38</posy>
                    <width>864</width>
                    <height>79</height>
                    <texture>list/bg_facade_nofocus_top.png</texture>
                </control>
                <control type="label" id="1">
                    <posx>51</posx>
                    <posy>40</posy>
                    <height>40</height>
                    <width>960</width>
                    <textcolor>MainColor</textcolor>
                    <align>center</align>
                    <font>-</font>
                </control>
                <control type="textbox" id="9">
                    <description>text</description>
                    <posx>45</posx>
                    <posy>140</posy>
                    <width>774</width>
                    <height>160</height>
                    <align>center</align>
                    <label>-</label>
                    <font>InfoDetailsFont</font>
                    <textcolor>MainColor</textcolor>
                    <pagecontrol>6060</pagecontrol>
                </control>
                <control type="scrollbar" id="6060">
                    <visible>Skin.HasSetting(ManualScroll)</visible>
                    <posx>832</posx>
                    <posy>140</posy>
                    <height>160</height>
                    <include>VerticalScroller</include>
                    <onleft>10</onleft>
                    <onright>10</onright>
                </control>
                <control type="image">
                    <posx>0</posx>
                    <posy>250</posy>
                    <width>864</width>
                    <height>79</height>
                    <texture>list/bg_facade_nofocus_top.png</texture>
                </control>
                <control type="grouplist">
                    <posx>0</posx>
                    <posy>336</posy>
                    <width>864</width>
                    <height>90</height>
                    <itemgap>30</itemgap>
                    <aligny>bottom</aligny>
                    <align>center</align>
                    <orientation>horizontal</orientation>
                    <onup>6060</onup>
                    <ondown>6060</ondown>
                    <onleft>6060</onleft>
                    <onright>6060</onright>
                    <control type="button" id="10">
                        <label>$LOCALIZE[222]</label>
                    </control>
                </control>
            </control>
        </control>
    </controls>
</window>
