<?xml version="1.0" encoding="utf-8"?>
<window type="window">
    <defaultcontrol>3</defaultcontrol>
    <include>DialogOpenClose</include>
    <coordinates>
        <system>1</system>
        <posx>0</posx>
        <posy>0</posy>
    </coordinates>
    <controls>
        <include>DimBG</include>
        <control type="group">
            <include condition="Skin.HasSetting(BlackGlassMode)+!Skin.HasSetting(DisableSlidingAnimations)">OpenCloseSlideRight</include>
            <posx>215</posx>
            <posy>130</posy>
            <include name="WindowClosingButton">
                <param name="id" value="0"/>
                <param name="x" value="1440"/>
                <param name="y" value="-4"/>
            </include>
            <control type="image">
                <posx>0</posx>
                <posy>0</posy>
                <width>1490</width>
                <height>819</height>
                <texture border="90">common/bg_dialog.png</texture>
            </control>
            <control type="label" id="1">
                <posx>90</posx>
                <posy>55</posy>
                <width>1310</width>
                <height>100</height>
                <align>center</align>
                <font>InfoTitleFont</font>
                <textcolor>MainColor</textcolor>
            </control>
            <control type="image">
                <posx>45</posx>
                <posy>75</posy>
                <width>1400</width>
                <height>79</height>
                <texture>list/bg_facade_nofocus_top.png</texture>
            </control>
            <control type="label" id="4">
                <description>No Settings Label</description>
                <posx>70</posx>
                <posy>154</posy>
                <width>905</width>
                <height>71</height>
                <font>FacadeListMainFont</font>
                <textcolor>ListNoFocusColor</textcolor>
            </control>
            <control type="group">
                <visible>Control.IsVisible(6)</visible>
                <control type="image">
                    <posx>1010</posx>
                    <posy>154</posy>
                    <height>511</height>
                    <width>250</width>
                    <texture flipx="true">list/bg_strip_horizontal_left.png</texture>
                    <colordiffuse>90ffffff</colordiffuse>
                </control>
                <control type="image">
                    <posx>1009</posx>
                    <posy>154</posy>
                    <width>2</width>
                    <height>510</height>
                    <texture>list/bg_facade_vertical.png</texture>
                </control>
                <control type="image">
                    <visible>IsEmpty(Container(6).ListItem.Thumb)+[IsEmpty(Container(6).ListItem.Icon)|SubString(Container(6).ListItem.Icon,Default,Left)]</visible>
                    <posx>1011</posx>
                    <posy>154</posy>
                    <width>434</width>
                    <height>510</height>
                    <texture>defaultExtensionBig.png</texture>
                    <aspectratio>keep</aspectratio>
                    <include>ThumbBorder</include>
                </control>
                <control type="image">
                    <visible>!IsEmpty(Container(6).ListItem.Thumb)</visible>
                    <posx>1011</posx>
                    <posy>154</posy>
                    <width>434</width>
                    <height>510</height>
                    <texture background="true">$INFO[Container(6).ListItem.Thumb]</texture>
                    <aspectratio>keep</aspectratio>
                    <include>ThumbBorder</include>
                </control>
                <control type="image">
                    <visible>!IsEmpty(Container(6).ListItem.Icon)</visible>
                    <posx>1011</posx>
                    <posy>154</posy>
                    <width>434</width>
                    <height>510</height>
                    <texture background="true">$INFO[Container(6).ListItem.Icon]</texture>
                    <aspectratio>keep</aspectratio>
                    <include>ThumbBorder</include>
                </control>
            </control>
            <control type="list" id="6">
                <posx>45</posx>
                <posy>154</posy>
                <width>964</width>
                <height>511</height>
                <itemgap>0</itemgap>
                <orientation>vertical</orientation>
                <onleft>6</onleft>
                <onright>60</onright>
                <onup>6</onup>
                <ondown>5</ondown>
                <pagecontrol>60</pagecontrol>
                <scrolltime>300</scrolltime>
                <itemlayout width="966" height="73">
                    <control type="image">
                        <posx>0</posx>
                        <posy>0</posy>
                        <height>73</height>
                        <width>965</width>
                        <texture border="3">list/bg_facade_nofocus.png</texture>
                    </control>
                    <control type="label">
                        <visible>[IsEmpty(ListItem.Label2)+IsEmpty(ListItem.Property(Addon.Version))+IsEmpty(ListItem.Property(Addon.Creator))]</visible>
                        <posx>25</posx>
                        <height>71</height>
                        <width>905</width>
                        <font>FacadeListMainFont</font>
                        <textcolor>ListNoFocusColor</textcolor>
                        <info>ListItem.Label</info>
                        <scroll>false</scroll>
                    </control>
                    <control type="label">
                        <visible>![IsEmpty(ListItem.Label2)+IsEmpty(ListItem.Property(Addon.Version))+IsEmpty(ListItem.Property(Addon.Creator))]</visible>
                        <posx>25</posx>
                        <height>42</height>
                        <width>905</width>
                        <font>FacadeListMainFont</font>
                        <textcolor>ListNoFocusColor</textcolor>
                        <info>ListItem.Label</info>
                        <scroll>false</scroll>
                    </control>
                    <control type="label">
                        <visible>![IsEmpty(ListItem.Label2)+IsEmpty(ListItem.Property(Addon.Version))+IsEmpty(ListItem.Property(Addon.Creator))]</visible>
                        <posx>25</posx>
                        <posy>39</posy>
                        <height>28</height>
                        <width>905</width>
                        <font>FacadeListSubFont</font>
                        <textcolor>SublistNoFocusColor</textcolor>
                        <label>$INFO[ListItem.Label2]$INFO[ListItem.Property(Addon.Version),$LOCALIZE[24051] ]$INFO[ListItem.Property(Addon.Creator),  •  $LOCALIZE[21863]: ]</label>
                        <scroll>false</scroll>
                    </control>
                </itemlayout>
                <focusedlayout width="966" height="73">
                    <control type="image">
                        <posx>0</posx>
                        <posy>0</posy>
                        <height>73</height>
                        <width>965</width>
                        <include>FacadeFocus</include>
                    </control>
                    <control type="label">
                        <visible>[IsEmpty(ListItem.Label2)+IsEmpty(ListItem.Property(Addon.Version))+IsEmpty(ListItem.Property(Addon.Creator))]</visible>
                        <posx>25</posx>
                        <height>71</height>
                        <width>915</width>
                        <font>FacadeListMainFont</font>
                        <textcolor>ListFocusColor</textcolor>
                        <info>ListItem.Label</info>
                    </control>
                    <control type="label">
                        <visible>![IsEmpty(ListItem.Label2)+IsEmpty(ListItem.Property(Addon.Version))+IsEmpty(ListItem.Property(Addon.Creator))]</visible>
                        <posx>25</posx>
                        <height>42</height>
                        <width>905</width>
                        <font>FacadeListMainFont</font>
                        <textcolor>ListFocusColor</textcolor>
                        <info>ListItem.Label</info>
                    </control>
                    <control type="label">
                        <visible>![IsEmpty(ListItem.Label2)+IsEmpty(ListItem.Property(Addon.Version))+IsEmpty(ListItem.Property(Addon.Creator))]</visible>
                        <posx>25</posx>
                        <posy>39</posy>
                        <height>28</height>
                        <width>905</width>
                        <font>FacadeListSubFont</font>
                        <textcolor>SublistFocusColor</textcolor>
                        <label>$INFO[ListItem.Label2]$INFO[ListItem.Property(Addon.Version),$LOCALIZE[24051] ]$INFO[ListItem.Property(Addon.Creator),  •  $LOCALIZE[21863]: ]</label>
                    </control>
                </focusedlayout>
            </control>
            <control type="scrollbar" id="60">
                <visible>Control.IsVisible(6)</visible>
                <posx>978</posx>
                <posy>154</posy>
                <height>511</height>
                <include>VerticalScroller</include>
                <onleft>6</onleft>
                <onright>60</onright>
            </control>
            <control type="list" id="3">
                <posx>45</posx>
                <posy>154</posy>
                <width>1400</width>
                <height>511</height>
                <itemgap>0</itemgap>
                <orientation>vertical</orientation>
                <onleft>3</onleft>
                <onright>61</onright>
                <onup>3</onup>
                <ondown>5</ondown>
                <pagecontrol>61</pagecontrol>
                <scrolltime>300</scrolltime>
                <itemlayout width="1400" height="73">
                    <control type="image">
                        <posx>0</posx>
                        <posy>0</posy>
                        <height>73</height>
                        <width>1400</width>
                        <texture border="3">list/bg_facade_nofocus.png</texture>
                    </control>
                    <control type="label">
                        <posx>25</posx>
                        <height>71</height>
                        <width>1350</width>
                        <font>FacadeListMainFont</font>
                        <textcolor>ListNoFocusColor</textcolor>
                        <info>ListItem.Label</info>
                        <scroll>false</scroll>
                    </control>
                </itemlayout>
                <focusedlayout width="1400" height="73">
                    <control type="image">
                        <posx>0</posx>
                        <posy>0</posy>
                        <height>73</height>
                        <width>1400</width>
                        <include>FacadeFocus</include>
                    </control>
                    <control type="label">
                        <posx>25</posx>
                        <height>71</height>
                        <width>1350</width>
                        <font>FacadeListMainFont</font>
                        <textcolor>ListFocusColor</textcolor>
                        <info>ListItem.Label</info>
                    </control>
                </focusedlayout>
            </control>
            <control type="scrollbar" id="61">
                <visible>Control.IsVisible(3)</visible>
                <posx>1414</posx>
                <posy>154</posy>
                <height>511</height>
                <include>VerticalScroller</include>
                <onleft>3</onleft>
                <onright>61</onright>
            </control>
            <control type="image">
                <posx>45</posx>
                <posy>586</posy>
                <width>1400</width>
                <height>79</height>
                <texture>list/bg_facade_nofocus_top.png</texture>
            </control>
            <control type="grouplist">
                <posx>45</posx>
                <posy>672</posy>
                <width>1400</width>
                <height>90</height>
                <itemgap>30</itemgap>
                <aligny>bottom</aligny>
                <align>center</align>
                <orientation>horizontal</orientation>
                <onup>6</onup>
                <ondown>6</ondown>
                <onleft>6</onleft>
                <onright>6</onright>
                <control type="button" id="5">
                    <label>-</label>
                </control>
            </control>
        </control>
    </controls>
</window>
