<?xml version="1.0" encoding="utf-8"?>
<window>
    <defaultcontrol always="true">5</defaultcontrol>
    <controls>
        <include>DimBG</include>
        <control type="group">
            <include>DialogOpenClose</include>
            <control type="group">
                <include condition="Skin.HasSetting(BlackGlassMode)+!Skin.HasSetting(DisableSlidingAnimations)">OpenCloseSlideRight</include>
                <posx>-50</posx>
                <posy>0</posy>
                <animation effect="fade" start="100" end="0" time="50" condition="Window.IsVisible(SliderDialog) | Window.IsVisible(FileBrowser)">Conditional</animation>
                <include name="WindowClosingButton">
                    <param name="id" value="0"/>
                    <param name="x" value="1537"/>
                    <param name="y" value="47"/>
                </include>
                <control type="image">
                    <posx>433</posx>
                    <posy>51</posy>
                    <width>1154</width>
                    <height>978</height>
                    <texture border="94">common/bg_dialog.png</texture>
                </control>
                <control type="group">
                    <posx>478</posx>
                    <posy>88</posy>
                    <control type="label">
                        <posx>45</posx>
                        <posy>18</posy>
                        <width>974</width>
                        <height>100</height>
                        <font>InfoTitleFont</font>
                        <textcolor>MainColor</textcolor>
                        <align>center</align>
                        <label>$LOCALIZE[13406]</label>
                    </control>
                    <control type="image">
                        <posx>0</posx>
                        <posy>38</posy>
                        <width>1064</width>
                        <height>79</height>
                        <texture>list/bg_facade_nofocus_top.png</texture>
                    </control>
                    <control type="list" id="5">
                        <posx>0</posx>
                        <posy>117</posy>
                        <width>1064</width>
                        <height>710</height>
                        <onleft>noop</onleft>
                        <onright>60</onright>
                        <onup>5</onup>
                        <ondown>5</ondown>
                        <pagecontrol>60</pagecontrol>
                        <scrolltime tween="sine" easing="inout">280</scrolltime>
                        <itemlayout height="71">
                            <control type="image">
                                <posx>0</posx>
                                <posy>0</posy>
                                <height>71</height>
                                <width>1064</width>
                                <texture border="3">list/bg_facade_nofocus.png</texture>
                            </control>
                            <control type="label">
                                <posx>TextMargin</posx>
                                <height>69</height>
                                <width>400</width>
                                <font>FacadeListMainFont</font>
                                <textcolor>ListFocusColor</textcolor>
                                <label>$INFO[ListItem.Label]</label>
                                <scroll>false</scroll>
                            </control>
                            <control type="label">
                                <posx>475</posx>
                                <height>69</height>
                                <width>544</width>
                                <align>right</align>
                                <font>FacadeListMainFont</font>
                                <textcolor>ListNoFocusColor</textcolor>
                                <label>$INFO[ListItem.Label2]</label>
                                <scroll>false</scroll>
                            </control>
                        </itemlayout>
                        <focusedlayout height="71">
                            <control type="image">
                                <posx>0</posx>
                                <posy>0</posy>
                                <height>71</height>
                                <width>1064</width>
                                <texture border="3">list/bg_facade_nofocus.png</texture>
                            </control>
                            <control type="label">
                                <posx>TextMargin</posx>
                                <height>69</height>
                                <width>400</width>
                                <font>FacadeListMainFont</font>
                                <textcolor>ListFocusColor</textcolor>
                                <label>$INFO[ListItem.Label]</label>
                            </control>
                            <control type="label">
                                <posx>475</posx>
                                <height>69</height>
                                <width>544</width>
                                <align>right</align>
                                <font>FacadeListMainFont</font>
                                <textcolor>ListNoFocusColor</textcolor>
                                <label>$INFO[ListItem.Label2]</label>
                            </control>
                        </focusedlayout>
                    </control>
                    <control type="scrollbar" id="60">
                        <posx>1033</posx>
                        <posy>117</posy>
                        <height>710</height>
                        <include>VerticalScroller</include>
                        <onleft>5</onleft>
                        <onright>5</onright>
                    </control>
                </control>
            </control>
        </control>
    </controls>
</window>
