<?xml version="1.0" encoding="utf-8"?>
<window type="dialog">
    <defaultcontrol>29</defaultcontrol>
    <coordinates>
        <system>1</system>
    </coordinates>
    <include>DialogOpenClose</include>
    <controls>
        <include>DimBG</include>
        <control type="group">
            <include condition="Skin.HasSetting(BlackGlassMode)+!Skin.HasSetting(DisableSlidingAnimations)">OpenCloseSlideRight</include>
            <include name="WindowClosingButton">
                <param name="id" value="0"/>
                <param name="x" value="1387"/>
                <param name="y" value="98"/>
            </include>
            <control type="image">
                <posx>483</posx>
                <posy>102</posy>
                <width>954</width>
                <height>875</height>
                <texture border="94">common/bg_dialog.png</texture>
            </control>
            <control type="group">
                <posx>528</posx>
                <posy>139</posy>
                <control type="label">
                    <posx>45</posx>
                    <posy>18</posy>
                    <width>774</width>
                    <height>100</height>
                    <font>InfoTitleFont</font>
                    <textcolor>MainColor</textcolor>
                    <align>center</align>
                    <label>$LOCALIZE[19065]</label>
                </control>
                <control type="image">
                    <posx>0</posx>
                    <posy>38</posy>
                    <width>864</width>
                    <height>79</height>
                    <texture>list/bg_facade_nofocus_top.png</texture>
                </control>
                <control type="grouplist" id="5">
                    <posx>0</posx>
                    <posy>117</posy>
                    <width>864</width>
                    <height>568</height>
                    <itemgap>0</itemgap>
                    <orientation>vertical</orientation>
                    <onup>9001</onup>
                    <ondown>9001</ondown>
                    <onleft>9001</onleft>
                    <pagecontrol>60</pagecontrol>
                    <onright>60</onright>
                </control>
                <control type="button" id="7">
                    <description>Default Button</description>
                    <width>864</width>
                    <include>LeftMenuButton</include>
                </control>
                <control type="radiobutton" id="8">
                    <description>Default RadioButton</description>
                    <radioposx>760</radioposx>
                    <width>864</width>
                    <textwidth>702</textwidth>
                    <include>LeftMenuButton</include>
                </control>
                <control type="spincontrolex" id="9">
                    <description>Default spincontrolex</description>
                    <width>864</width>
                    <include>LeftMenuButton</include>
                    <reverse>yes</reverse>
                </control>
                <control type="sliderex" id="13">
                    <description>Default Slider</description>
                    <width>864</width>
                    <include>LeftMenuButton</include>
                </control>
                <control type="edit" id="12">
                    <description>Default Edit</description>
                    <width>864</width>
                    <include>LeftMenuButton</include>
                </control>
                <control type="label" id="14">
                    <description>Default Label</description>
                    <label>-</label>
                    <font>LeftMenuTitleFont</font>
                    <textcolor>AlternateColor</textcolor>
                    <include>LeftMenuButton</include>
                </control>
                <control type="scrollbar" id="60">
                    <posx>833</posx>
                    <posy>117</posy>
                    <height>568</height>
                    <onleft>5</onleft>
                    <onright>5</onright>
                    <include>VerticalScroller</include>
                </control>
                <control type="image">
                    <posx>0</posx>
                    <posy>606</posy>
                    <width>864</width>
                    <height>79</height>
                    <texture>list/bg_facade_nofocus_top.png</texture>
                </control>
                <control type="grouplist" id="9001">
                    <posx>0</posx>
                    <posy>692</posy>
                    <width>864</width>
                    <height>90</height>
                    <itemgap>30</itemgap>
                    <aligny>bottom</aligny>
                    <align>center</align>
                    <orientation>horizontal</orientation>
                    <control type="button" id="28">
                        <onup>5</onup>
                        <label>$LOCALIZE[186]</label>
                    </control>
                    <control type="button" id="29">
                        <onup>5</onup>
                        <label>$LOCALIZE[222]</label>
                    </control>
                </control>
            </control>
        </control>
    </controls>
</window>
