<?xml version="1.0" encoding="utf-8"?>
<fonts>
    <fontset id="Default" idloc="31390">
        <font>
            <name>WindowTitleFont</name>
            <filename>Sansation_Regular.ttf</filename>
            <size>46</size>
            <style>bold</style>
        </font>
        <font>
            <name>WindowTitleSubFont</name>
            <filename>Sansation_Regular.ttf</filename>
            <size>26</size>
        </font>
        <font>
            <name>LeftMenuTitleFont</name>
            <filename>Sansation_Regular.ttf</filename>
            <size>20</size>
        </font>
        <font>
            <name>HomeItemFont</name>
            <filename>Sansation_Regular.ttf</filename>
            <size>50</size>
            <style>bold</style>
            <aspect>1</aspect>
        </font>
        <font>
            <name>NotificationFont</name>
            <filename>Sansation_Regular.ttf</filename>
            <size>28</size>
        </font>
        <font>
            <name>OSDTitleFont</name>
            <filename>Sansation_Regular.ttf</filename>
            <size>32</size>
            <style>bold</style>
        </font>
        <font>
            <name>OSDFont</name>
            <filename>Sansation_Regular.ttf</filename>
            <size>32</size>
        </font>
        <font>
            <name>OSDFontAwesome</name>
            <filename>fontawesome-webfont.ttf</filename>
            <size>28</size>
        </font>
        <font>
            <name>LeftMenuButtonFont</name>
            <filename>Sansation_Regular.ttf</filename>
            <size>35</size>
        </font>
        <font>
            <name>LeftMenuSubButtonFont</name>
            <filename>Sansation_Regular.ttf</filename>
            <size>25</size>
        </font>
        <font>
            <name>DialogSubFont</name>
            <filename>Sansation_Regular.ttf</filename>
            <size>28</size>
        </font>
        <font>
            <name>FacadeListMainFont</name>
            <filename>Sansation_Regular.ttf</filename>
            <size>35</size>
        </font>
        <font>
            <name>FacadeListSubFont</name>
            <filename>Sansation_Regular.ttf</filename>
            <size>25</size>
        </font>
        <font>
            <name>FacadePanelFont</name>
            <filename>Sansation_Regular.ttf</filename>
            <size>28</size>
        </font>
        <font>
            <name>ShelfFont</name>
            <filename>Sansation_Regular.ttf</filename>
            <size>24</size>
        </font>
        <font>
            <name>FacadeNumItemsFont</name>
            <filename>Sansation_Regular.ttf</filename>
            <size>33</size>
        </font>
        <font>
            <name>InfoTitleFont</name>
            <filename>Sansation_Regular.ttf</filename>
            <size>39</size>
            <style>bold</style>
        </font>
        <font>
            <name>InfoTitleShortFont</name>
            <filename>Sansation_Regular.ttf</filename>
            <size>37</size>
            <style>bold</style>
            <aspect>1.0</aspect>
        </font>
        <font>
            <name>InfoTitleSubFont</name>
            <filename>Sansation_Regular.ttf</filename>
            <size>24</size>
        </font>
        <font>
            <name>InfoPlotFont</name>
            <filename>Sansation_Regular.ttf</filename>
            <size>35</size>
            <linespacing>1.00</linespacing>
            <aspect>1.0</aspect>
        </font>
        <font>
            <name>InfoDetailsFont</name>
            <filename>Sansation_Regular.ttf</filename>
            <size>35</size>
        </font>
        <font>
            <name>InfoDetailsFontBig</name>
            <filename>Sansation_Regular.ttf</filename>
            <size>39</size>
        </font>
        <font>
            <name>InfoDetailsContainerFont</name>
            <filename>Sansation_Regular.ttf</filename>
            <size>30</size>
        </font>
        <font>
            <name>InfoRatingFont</name>
            <filename>Sansation_Regular.ttf</filename>
            <size>30</size>
        </font>
        <font>
            <name>TvGuideChannelFont</name>
            <filename>Sansation_Regular.ttf</filename>
            <size>30</size>
        </font>
        <font>
            <name>TvGuideItemFont</name>
            <filename>Sansation_Regular.ttf</filename>
            <size>33</size>
        </font>
        <font>
            <name>TvGuideHeaderFont</name>
            <filename>Sansation_Regular.ttf</filename>
            <size>30</size>
        </font>
        <font>
            <name>TvGuideFooterFont</name>
            <filename>Sansation_Regular.ttf</filename>
            <size>35</size>
            <style>bold</style>
        </font>
        <font>
            <name>ButtonFont</name>
            <filename>Sansation_Regular.ttf</filename>
            <size>35</size>
        </font>
        <font>
            <name>SmallButtonFont</name>
            <filename>Sansation_Regular.ttf</filename>
            <size>30</size>
        </font>
        <font>
            <name>ExtraSmallButtonFont</name>
            <filename>Sansation_Regular.ttf</filename>
            <size>28</size>
        </font>
        <font>
            <name>BadgeFont</name>
            <filename>Sansation_Regular.ttf</filename>
            <size>26</size>
            <aspect>0.95</aspect>
        </font>
        <font>
            <name>BadgeFontSmall</name>
            <filename>Sansation_Regular.ttf</filename>
            <size>22</size>
            <aspect>0.95</aspect>
        </font>
        <font>
            <name>rss</name>
            <filename>Sansation_Regular.ttf</filename>
            <size>25</size>
        </font>
        <!--ADDON COMPATIBILITY-->
        <font>
            <name>font13</name>
            <filename>Sansation_Regular.ttf</filename>
            <size>25</size>
        </font>
        <font>
            <name>font12</name>
            <filename>Sansation_Regular.ttf</filename>
            <size>24</size>
        </font>
        <font>
            <name>font13_title</name>
            <filename>Sansation_Regular.ttf</filename>
            <size>25</size>
            <style>bold</style>
        </font>
        <font>
            <name>font12_title</name>
            <filename>Sansation_Regular.ttf</filename>
            <size>24</size>
            <style>bold</style>
        </font>
        <font>
            <name>Clock</name>
            <filename>Sansation_Regular.ttf</filename>
            <size>120</size>
        </font>        
    </fontset>
    <fontset id="Condensed" idloc="31391">
        <font>
            <name>WindowTitleFont</name>
            <filename>Sansation_Regular.ttf</filename>
            <size>46</size>
            <style>bold</style>
            <aspect>0.85</aspect>
        </font>
        <font>
            <name>WindowTitleSubFont</name>
            <filename>Sansation_Regular.ttf</filename>
            <size>26</size>
            <aspect>0.85</aspect>
        </font>
        <font>
            <name>LeftMenuTitleFont</name>
            <filename>Sansation_Regular.ttf</filename>
            <size>20</size>
            <aspect>0.85</aspect>
        </font>
        <font>
            <name>HomeItemFont</name>
            <filename>Sansation_Regular.ttf</filename>
            <size>50</size>
            <style>bold</style>
            <aspect>0.85</aspect>
        </font>
        <font>
            <name>NotificationFont</name>
            <filename>Sansation_Regular.ttf</filename>
            <size>28</size>
            <aspect>0.85</aspect>
        </font>
        <font>
            <name>OSDTitleFont</name>
            <filename>Sansation_Regular.ttf</filename>
            <size>32</size>
            <style>bold</style>
            <aspect>0.85</aspect>
        </font>
        <font>
            <name>OSDFont</name>
            <filename>Sansation_Regular.ttf</filename>
            <size>32</size>
            <aspect>0.85</aspect>
        </font>
        <font>
            <name>OSDFontAwesome</name>
            <filename>fontawesome-webfont.ttf</filename>
            <size>28</size>
        </font>
        <font>
            <name>LeftMenuButtonFont</name>
            <filename>Sansation_Regular.ttf</filename>
            <size>35</size>
            <aspect>0.85</aspect>
        </font>
        <font>
            <name>LeftMenuSubButtonFont</name>
            <filename>Sansation_Regular.ttf</filename>
            <size>25</size>
            <aspect>0.85</aspect>
        </font>
        <font>
            <name>DialogSubFont</name>
            <filename>Sansation_Regular.ttf</filename>
            <size>28</size>
            <aspect>0.85</aspect>
        </font>
        <font>
            <name>FacadeListMainFont</name>
            <filename>Sansation_Regular.ttf</filename>
            <size>35</size>
            <aspect>0.85</aspect>
        </font>
        <font>
            <name>FacadeListSubFont</name>
            <filename>Sansation_Regular.ttf</filename>
            <size>25</size>
            <aspect>0.85</aspect>
        </font>
        <font>
            <name>FacadePanelFont</name>
            <filename>Sansation_Regular.ttf</filename>
            <size>28</size>
            <aspect>0.85</aspect>
        </font>
        <font>
            <name>ShelfFont</name>
            <filename>Sansation_Regular.ttf</filename>
            <size>24</size>
            <aspect>0.85</aspect>
        </font>
        <font>
            <name>FacadeNumItemsFont</name>
            <filename>Sansation_Regular.ttf</filename>
            <size>33</size>
            <aspect>0.85</aspect>
        </font>
        <font>
            <name>InfoTitleFont</name>
            <filename>Sansation_Regular.ttf</filename>
            <size>39</size>
            <style>bold</style>
            <aspect>0.85</aspect>
        </font>
        <font>
            <name>InfoTitleShortFont</name>
            <filename>Sansation_Regular.ttf</filename>
            <size>37</size>
            <style>bold</style>
            <aspect>0.85</aspect>
        </font>
        <font>
            <name>InfoTitleSubFont</name>
            <filename>Sansation_Regular.ttf</filename>
            <size>24</size>
        </font>
        <font>
            <name>InfoPlotFont</name>
            <filename>Sansation_Regular.ttf</filename>
            <size>35</size>
            <linespacing>1.00</linespacing>
            <aspect>0.85</aspect>
        </font>
        <font>
            <name>InfoDetailsFont</name>
            <filename>Sansation_Regular.ttf</filename>
            <size>35</size>
            <aspect>0.85</aspect>
        </font>
        <font>
            <name>InfoDetailsFontBig</name>
            <filename>Sansation_Regular.ttf</filename>
            <size>39</size>
            <aspect>0.85</aspect>
        </font>
        <font>
            <name>InfoDetailsContainerFont</name>
            <filename>Sansation_Regular.ttf</filename>
            <size>30</size>
            <aspect>0.85</aspect>
        </font>
        <font>
            <name>InfoRatingFont</name>
            <filename>Sansation_Regular.ttf</filename>
            <size>30</size>
            <aspect>0.85</aspect>
        </font>
        <font>
            <name>TvGuideChannelFont</name>
            <filename>Sansation_Regular.ttf</filename>
            <size>30</size>
            <aspect>0.85</aspect>
        </font>
        <font>
            <name>TvGuideItemFont</name>
            <filename>Sansation_Regular.ttf</filename>
            <size>33</size>
            <aspect>0.85</aspect>
        </font>
        <font>
            <name>TvGuideHeaderFont</name>
            <filename>Sansation_Regular.ttf</filename>
            <size>30</size>
            <aspect>0.85</aspect>
        </font>
        <font>
            <name>TvGuideFooterFont</name>
            <filename>Sansation_Regular.ttf</filename>
            <size>35</size>
            <style>bold</style>
            <aspect>0.85</aspect>
        </font>
        <font>
            <name>ButtonFont</name>
            <filename>Sansation_Regular.ttf</filename>
            <size>35</size>
            <aspect>0.85</aspect>
        </font>
        <font>
            <name>SmallButtonFont</name>
            <filename>Sansation_Regular.ttf</filename>
            <size>30</size>
            <aspect>0.85</aspect>
        </font>
        <font>
            <name>ExtraSmallButtonFont</name>
            <filename>Sansation_Regular.ttf</filename>
            <size>28</size>
            <aspect>0.85</aspect>
        </font>
        <font>
            <name>BadgeFont</name>
            <filename>Sansation_Regular.ttf</filename>
            <size>26</size>
            <aspect>0.85</aspect>
        </font>
        <font>
            <name>BadgeFontSmall</name>
            <filename>Sansation_Regular.ttf</filename>
            <size>22</size>
            <aspect>0.85</aspect>
        </font>
        <font>
            <name>rss</name>
            <filename>Sansation_Regular.ttf</filename>
            <size>25</size>
            <aspect>0.85</aspect>
        </font>
        <!--ADDON COMPATIBILITY-->
        <font>
            <name>font13</name>
            <filename>Sansation_Regular.ttf</filename>
            <size>25</size>
            <aspect>0.85</aspect>
        </font>
        <font>
            <name>font12</name>
            <filename>Sansation_Regular.ttf</filename>
            <size>24</size>
            <aspect>0.85</aspect>
        </font>
        <font>
            <name>font13_title</name>
            <filename>Sansation_Regular.ttf</filename>
            <size>25</size>
            <style>bold</style>
            <aspect>0.85</aspect>
        </font>
        <font>
            <name>font12_title</name>
            <filename>Sansation_Regular.ttf</filename>
            <size>24</size>
            <style>bold</style>
            <aspect>0.85</aspect>
        </font>
        <font>
            <name>Clock</name>
            <filename>Sansation_Regular.ttf</filename>
            <size>120</size>
        </font>               
    </fontset>
    <fontset id="Asap" idloc="31392">
        <font>
            <name>WindowTitleFont</name>
            <filename>Asap-Regular.ttf</filename>
            <size>46</size>
            <style>bold</style>
            <linespacing>1.03</linespacing>
            <aspect>1.10</aspect>
        </font>
        <font>
            <name>WindowTitleSubFont</name>
            <filename>Asap-Regular.ttf</filename>
            <size>26</size>
            <linespacing>1.03</linespacing>
            <aspect>1.10</aspect>
        </font>
        <font>
            <name>LeftMenuTitleFont</name>
            <filename>Asap-Regular.ttf</filename>
            <size>20</size>
            <linespacing>1.03</linespacing>
            <aspect>1.10</aspect>
        </font>
        <font>
            <name>HomeItemFont</name>
            <filename>Asap-Regular.ttf</filename>
            <size>50</size>
            <style>bold</style>
            <linespacing>1.03</linespacing>
            <aspect>1.10</aspect>
        </font>
        <font>
            <name>NotificationFont</name>
            <filename>Asap-Regular.ttf</filename>
            <size>28</size>
            <linespacing>1.03</linespacing>
            <aspect>1.10</aspect>
        </font>
        <font>
            <name>OSDTitleFont</name>
            <filename>Asap-Regular.ttf</filename>
            <size>32</size>
            <style>bold</style>
            <linespacing>1.03</linespacing>
            <aspect>1.10</aspect>
        </font>
        <font>
            <name>OSDFont</name>
            <filename>Asap-Regular.ttf</filename>
            <size>32</size>
            <linespacing>1.03</linespacing>
            <aspect>1.10</aspect>
        </font>
        <font>
            <name>OSDFontAwesome</name>
            <filename>fontawesome-webfont.ttf</filename>
            <size>28</size>
        </font>
        <font>
            <name>LeftMenuButtonFont</name>
            <filename>Asap-Regular.ttf</filename>
            <size>35</size>
            <linespacing>1.03</linespacing>
            <aspect>1.10</aspect>
        </font>
        <font>
            <name>LeftMenuSubButtonFont</name>
            <filename>Asap-Regular.ttf</filename>
            <size>25</size>
            <linespacing>1.03</linespacing>
            <aspect>1.10</aspect>
        </font>
        <font>
            <name>DialogSubFont</name>
            <filename>Asap-Regular.ttf</filename>
            <size>28</size>
            <linespacing>1.03</linespacing>
            <aspect>1.10</aspect>
        </font>
        <font>
            <name>FacadeListMainFont</name>
            <filename>Asap-Regular.ttf</filename>
            <size>35</size>
            <linespacing>1.03</linespacing>
            <aspect>1.10</aspect>
        </font>
        <font>
            <name>FacadeListSubFont</name>
            <filename>Asap-Regular.ttf</filename>
            <size>25</size>
            <linespacing>1.03</linespacing>
            <aspect>1.10</aspect>
        </font>
        <font>
            <name>FacadePanelFont</name>
            <filename>Asap-Regular.ttf</filename>
            <size>28</size>
            <linespacing>1.03</linespacing>
            <aspect>1.10</aspect>
        </font>
        <font>
            <name>ShelfFont</name>
            <filename>Asap-Regular.ttf</filename>
            <size>24</size>
            <linespacing>1.03</linespacing>
            <aspect>1.10</aspect>
        </font>
        <font>
            <name>FacadeNumItemsFont</name>
            <filename>Asap-Regular.ttf</filename>
            <size>33</size>
            <linespacing>1.03</linespacing>
            <aspect>1.10</aspect>
        </font>
        <font>
            <name>InfoTitleFont</name>
            <filename>Asap-Regular.ttf</filename>
            <size>39</size>
            <style>bold</style>
            <linespacing>1.03</linespacing>
            <aspect>1.10</aspect>
        </font>
        <font>
            <name>InfoTitleShortFont</name>
            <filename>Asap-Regular.ttf</filename>
            <size>37</size>
            <style>bold</style>
            <linespacing>1.03</linespacing>
            <aspect>1.10</aspect>
        </font>
        <font>
            <name>InfoTitleSubFont</name>
            <filename>Asap-Regular.ttf</filename>
            <size>24</size>
            <linespacing>1.03</linespacing>
            <aspect>1.10</aspect>
        </font>
        <font>
            <name>InfoPlotFont</name>
            <filename>Asap-Regular.ttf</filename>
            <size>35</size>
            <linespacing>1.00</linespacing>
            <aspect>1.10</aspect>
        </font>
        <font>
            <name>InfoDetailsFont</name>
            <filename>Asap-Regular.ttf</filename>
            <size>35</size>
            <linespacing>1.03</linespacing>
            <aspect>1.10</aspect>
        </font>
        <font>
            <name>InfoDetailsFontBig</name>
            <filename>Asap-Regular.ttf</filename>
            <size>39</size>
            <linespacing>1.03</linespacing>
            <aspect>1.10</aspect>
        </font>
        <font>
            <name>InfoDetailsContainerFont</name>
            <filename>Asap-Regular.ttf</filename>
            <size>30</size>
            <linespacing>1.03</linespacing>
            <aspect>1.10</aspect>
        </font>
        <font>
            <name>InfoRatingFont</name>
            <filename>Asap-Regular.ttf</filename>
            <size>30</size>
            <linespacing>1.03</linespacing>
            <aspect>1.10</aspect>
        </font>
        <font>
            <name>TvGuideChannelFont</name>
            <filename>Asap-Regular.ttf</filename>
            <size>30</size>
            <linespacing>1.03</linespacing>
            <aspect>1.10</aspect>
        </font>
        <font>
            <name>TvGuideItemFont</name>
            <filename>Asap-Regular.ttf</filename>
            <size>33</size>
            <linespacing>1.03</linespacing>
            <aspect>1.10</aspect>
        </font>
        <font>
            <name>TvGuideHeaderFont</name>
            <filename>Asap-Regular.ttf</filename>
            <size>30</size>
            <linespacing>1.03</linespacing>
            <aspect>1.10</aspect>
        </font>
        <font>
            <name>TvGuideFooterFont</name>
            <filename>Asap-Regular.ttf</filename>
            <size>35</size>
            <style>bold</style>
            <linespacing>1.03</linespacing>
            <aspect>1.10</aspect>
        </font>
        <font>
            <name>ButtonFont</name>
            <filename>Asap-Regular.ttf</filename>
            <size>35</size>
            <linespacing>1.03</linespacing>
            <aspect>1.10</aspect>
        </font>
        <font>
            <name>SmallButtonFont</name>
            <filename>Asap-Regular.ttf</filename>
            <size>30</size>
            <linespacing>1.03</linespacing>
            <aspect>1.10</aspect>
        </font>
        <font>
            <name>ExtraSmallButtonFont</name>
            <filename>Asap-Regular.ttf</filename>
            <size>28</size>
            <linespacing>1.03</linespacing>
            <aspect>1.10</aspect>
        </font>
        <font>
            <name>BadgeFont</name>
            <filename>Asap-Regular.ttf</filename>
            <size>26</size>
            <linespacing>1.03</linespacing>
            <aspect>1.00</aspect>
        </font>
        <font>
            <name>BadgeFontSmall</name>
            <filename>Asap-Regular.ttf</filename>
            <size>22</size>
            <linespacing>1.03</linespacing>
            <aspect>1.00</aspect>
        </font>
        <font>
            <name>rss</name>
            <filename>Asap-Regular.ttf</filename>
            <size>25</size>
            <linespacing>1.03</linespacing>
            <aspect>1.10</aspect>
        </font>
        <!--ADDON COMPATIBILITY-->
        <font>
            <name>font13</name>
            <filename>Asap-Regular.ttf</filename>
            <size>25</size>
            <linespacing>1.03</linespacing>
            <aspect>1.10</aspect>
        </font>
        <font>
            <name>font12</name>
            <filename>Asap-Regular.ttf</filename>
            <size>24</size>
            <linespacing>1.03</linespacing>
            <aspect>1.10</aspect>
        </font>
        <font>
            <name>font13_title</name>
            <filename>Asap-Regular.ttf</filename>
            <size>25</size>
            <style>bold</style>
            <linespacing>1.03</linespacing>
            <aspect>1.10</aspect>
        </font>
        <font>
            <name>font12_title</name>
            <filename>Asap-Regular.ttf</filename>
            <size>24</size>
            <style>bold</style>
            <linespacing>1.03</linespacing>
            <aspect>1.10</aspect>
        </font>
        <font>
            <name>Clock</name>
            <filename>Asap-Regular.ttf</filename>
            <size>120</size>
        </font>          
    </fontset>
    <fontset id="DejaVuSans" idloc="31393">
        <font>
            <name>WindowTitleFont</name>
            <filename>DejaVuSans.ttf</filename>
            <size>44</size>
            <style>bold</style>
        </font>
        <font>
            <name>WindowTitleSubFont</name>
            <filename>DejaVuSans.ttf</filename>
            <size>25</size>
        </font>
        <font>
            <name>LeftMenuTitleFont</name>
            <filename>DejaVuSans.ttf</filename>
            <size>19</size>
        </font>
        <font>
            <name>HomeItemFont</name>
            <filename>DejaVuSans.ttf</filename>
            <size>47</size>
            <style>bold</style>
            <aspect>1</aspect>
        </font>
        <font>
            <name>NotificationFont</name>
            <filename>DejaVuSans.ttf</filename>
            <size>27</size>
        </font>
        <font>
            <name>OSDTitleFont</name>
            <filename>DejaVuSans.ttf</filename>
            <size>30</size>
            <style>bold</style>
        </font>
        <font>
            <name>OSDFont</name>
            <filename>DejaVuSans.ttf</filename>
            <size>30</size>
        </font>
        <font>
            <name>OSDFontAwesome</name>
            <filename>fontawesome-webfont.ttf</filename>
            <size>28</size>
        </font>
        <font>
            <name>LeftMenuButtonFont</name>
            <filename>DejaVuSans.ttf</filename>
            <size>33</size>
        </font>
        <font>
            <name>LeftMenuSubButtonFont</name>
            <filename>DejaVuSans.ttf</filename>
            <size>24</size>
        </font>
        <font>
            <name>DialogSubFont</name>
            <filename>DejaVuSans.ttf</filename>
            <size>27</size>
        </font>
        <font>
            <name>FacadeListMainFont</name>
            <filename>DejaVuSans.ttf</filename>
            <size>33</size>
        </font>
        <font>
            <name>FacadeListSubFont</name>
            <filename>DejaVuSans.ttf</filename>
            <size>24</size>
        </font>
        <font>
            <name>FacadePanelFont</name>
            <filename>DejaVuSans.ttf</filename>
            <size>27</size>
        </font>
        <font>
            <name>ShelfFont</name>
            <filename>DejaVuSans.ttf</filename>
            <size>23</size>
        </font>
        <font>
            <name>FacadeNumItemsFont</name>
            <filename>DejaVuSans.ttf</filename>
            <size>31</size>
        </font>
        <font>
            <name>InfoTitleFont</name>
            <filename>DejaVuSans.ttf</filename>
            <size>37</size>
            <style>bold</style>
        </font>
        <font>
            <name>InfoTitleShortFont</name>
            <filename>DejaVuSans.ttf</filename>
            <size>35</size>
            <style>bold</style>
            <aspect>1.0</aspect>
        </font>
        <font>
            <name>InfoTitleSubFont</name>
            <filename>DejaVuSans.ttf</filename>
            <size>23</size>
        </font>
        <font>
            <name>InfoPlotFont</name>
            <filename>DejaVuSans.ttf</filename>
            <size>33</size>
            <linespacing>1.025</linespacing>
            <aspect>1.0</aspect>
        </font>
        <font>
            <name>InfoDetailsFont</name>
            <filename>DejaVuSans.ttf</filename>
            <size>33</size>
        </font>
        <font>
            <name>InfoDetailsFontBig</name>
            <filename>DejaVuSans.ttf</filename>
            <size>37</size>
        </font>
        <font>
            <name>InfoDetailsContainerFont</name>
            <filename>DejaVuSans.ttf</filename>
            <size>29</size>
        </font>
        <font>
            <name>InfoRatingFont</name>
            <filename>DejaVuSans.ttf</filename>
            <size>29</size>
        </font>
        <font>
            <name>TvGuideChannelFont</name>
            <filename>DejaVuSans.ttf</filename>
            <size>29</size>
        </font>
        <font>
            <name>TvGuideItemFont</name>
            <filename>DejaVuSans.ttf</filename>
            <size>31</size>
        </font>
        <font>
            <name>TvGuideHeaderFont</name>
            <filename>DejaVuSans.ttf</filename>
            <size>29</size>
        </font>
        <font>
            <name>TvGuideFooterFont</name>
            <filename>DejaVuSans.ttf</filename>
            <size>33</size>
            <style>bold</style>
        </font>
        <font>
            <name>ButtonFont</name>
            <filename>DejaVuSans.ttf</filename>
            <size>33</size>
        </font>
        <font>
            <name>SmallButtonFont</name>
            <filename>DejaVuSans.ttf</filename>
            <size>29</size>
        </font>
        <font>
            <name>ExtraSmallButtonFont</name>
            <filename>DejaVuSans.ttf</filename>
            <size>27</size>
        </font>
        <font>
            <name>BadgeFont</name>
            <filename>DejaVuSans.ttf</filename>
            <size>25</size>
            <aspect>0.95</aspect>
        </font>
        <font>
            <name>BadgeFontSmall</name>
            <filename>DejaVuSans.ttf</filename>
            <size>21</size>
            <aspect>0.95</aspect>
        </font>
        <font>
            <name>rss</name>
            <filename>DejaVuSans.ttf</filename>
            <size>24</size>
        </font>
        <!--ADDON COMPATIBILITY-->
        <font>
            <name>font13</name>
            <filename>DejaVuSans.ttf</filename>
            <size>24</size>
        </font>
        <font>
            <name>font12</name>
            <filename>DejaVuSans.ttf</filename>
            <size>23</size>
        </font>
        <font>
            <name>font13_title</name>
            <filename>DejaVuSans.ttf</filename>
            <size>24</size>
            <style>bold</style>
        </font>
        <font>
            <name>font12_title</name>
            <filename>DejaVuSans.ttf</filename>
            <size>23</size>
            <style>bold</style>
        </font>
        <font>
            <name>Clock</name>
            <filename>DejaVuSans.ttf</filename>
            <size>120</size>
        </font>         
    </fontset>
    <fontset id="Arial" idloc="31395">
        <font>
            <name>WindowTitleFont</name>
            <filename>arial.ttf</filename>
            <size>45</size>
            <style>bold</style>
        </font>
        <font>
            <name>WindowTitleSubFont</name>
            <filename>arial.ttf</filename>
            <size>25</size>
        </font>
        <font>
            <name>LeftMenuTitleFont</name>
            <filename>arial.ttf</filename>
            <size>19</size>
        </font>
        <font>
            <name>HomeItemFont</name>
            <filename>arial.ttf</filename>
            <size>49</size>
            <style>bold</style>
            <aspect>1</aspect>
        </font>
        <font>
            <name>NotificationFont</name>
            <filename>arial.ttf</filename>
            <size>27</size>
        </font>
        <font>
            <name>OSDTitleFont</name>
            <filename>arial.ttf</filename>
            <size>31</size>
            <style>bold</style>
        </font>
        <font>
            <name>OSDFont</name>
            <filename>arial.ttf</filename>
            <size>31</size>
        </font>
        <font>
            <name>OSDFontAwesome</name>
            <filename>fontawesome-webfont.ttf</filename>
            <size>28</size>
        </font>
        <font>
            <name>LeftMenuButtonFont</name>
            <filename>arial.ttf</filename>
            <size>34</size>
        </font>
        <font>
            <name>LeftMenuSubButtonFont</name>
            <filename>arial.ttf</filename>
            <size>24</size>
        </font>
        <font>
            <name>DialogSubFont</name>
            <filename>arial.ttf</filename>
            <size>27</size>
        </font>
        <font>
            <name>FacadeListMainFont</name>
            <filename>arial.ttf</filename>
            <size>34</size>
        </font>
        <font>
            <name>FacadeListSubFont</name>
            <filename>arial.ttf</filename>
            <size>24</size>
        </font>
        <font>
            <name>FacadePanelFont</name>
            <filename>arial.ttf</filename>
            <size>27</size>
        </font>
        <font>
            <name>ShelfFont</name>
            <filename>arial.ttf</filename>
            <size>23</size>
        </font>
        <font>
            <name>FacadeNumItemsFont</name>
            <filename>arial.ttf</filename>
            <size>32</size>
        </font>
        <font>
            <name>InfoTitleFont</name>
            <filename>arial.ttf</filename>
            <size>38</size>
            <style>bold</style>
        </font>
        <font>
            <name>InfoTitleShortFont</name>
            <filename>arial.ttf</filename>
            <size>36</size>
            <style>bold</style>
            <aspect>1.0</aspect>
        </font>
        <font>
            <name>InfoTitleSubFont</name>
            <filename>arial.ttf</filename>
            <size>23</size>
        </font>
        <font>
            <name>InfoPlotFont</name>
            <filename>arial.ttf</filename>
            <size>34</size>
            <linespacing>0.94</linespacing>
            <aspect>1.0</aspect>
        </font>
        <font>
            <name>InfoDetailsFont</name>
            <filename>arial.ttf</filename>
            <size>34</size>
        </font>
        <font>
            <name>InfoDetailsFontBig</name>
            <filename>arial.ttf</filename>
            <size>38</size>
        </font>
        <font>
            <name>InfoDetailsContainerFont</name>
            <filename>arial.ttf</filename>
            <size>29</size>
        </font>
        <font>
            <name>InfoRatingFont</name>
            <filename>arial.ttf</filename>
            <size>29</size>
        </font>
        <font>
            <name>TvGuideChannelFont</name>
            <filename>arial.ttf</filename>
            <size>29</size>
        </font>
        <font>
            <name>TvGuideItemFont</name>
            <filename>arial.ttf</filename>
            <size>32</size>
        </font>
        <font>
            <name>TvGuideHeaderFont</name>
            <filename>arial.ttf</filename>
            <size>29</size>
        </font>
        <font>
            <name>TvGuideFooterFont</name>
            <filename>arial.ttf</filename>
            <size>34</size>
            <style>bold</style>
        </font>
        <font>
            <name>ButtonFont</name>
            <filename>arial.ttf</filename>
            <size>34</size>
        </font>
        <font>
            <name>SmallButtonFont</name>
            <filename>arial.ttf</filename>
            <size>29</size>
        </font>
        <font>
            <name>ExtraSmallButtonFont</name>
            <filename>arial.ttf</filename>
            <size>27</size>
        </font>
        <font>
            <name>BadgeFont</name>
            <filename>arial.ttf</filename>
            <size>25</size>
            <aspect>0.95</aspect>
        </font>
        <font>
            <name>BadgeFontSmall</name>
            <filename>arial.ttf</filename>
            <size>21</size>
            <aspect>0.95</aspect>
        </font>
        <font>
            <name>rss</name>
            <filename>arial.ttf</filename>
            <size>24</size>
        </font>
        <!--ADDON COMPATIBILITY-->
        <font>
            <name>font13</name>
            <filename>arial.ttf</filename>
            <size>24</size>
        </font>
        <font>
            <name>font12</name>
            <filename>arial.ttf</filename>
            <size>23</size>
        </font>
        <font>
            <name>font13_title</name>
            <filename>arial.ttf</filename>
            <size>24</size>
            <style>bold</style>
        </font>
        <font>
            <name>font12_title</name>
            <filename>arial.ttf</filename>
            <size>23</size>
            <style>bold</style>
        </font>
        <font>
            <name>Clock</name>
            <filename>arial.ttf</filename>
            <size>120</size>
        </font> 
    </fontset>
    <fontset id="UbuntuLight" idloc="31396">
        <font>
            <name>WindowTitleFont</name>
            <filename>Ubuntu-L.ttf</filename>
            <size>46</size>
            <style>bold</style>
        </font>
        <font>
            <name>WindowTitleSubFont</name>
            <filename>Ubuntu-L.ttf</filename>
            <size>26</size>
        </font>
        <font>
            <name>LeftMenuTitleFont</name>
            <filename>Ubuntu-L.ttf</filename>
            <size>20</size>
        </font>
        <font>
            <name>HomeItemFont</name>
            <filename>Ubuntu-L.ttf</filename>
            <size>50</size>
            <style>bold</style>
            <aspect>1</aspect>
        </font>
        <font>
            <name>NotificationFont</name>
            <filename>Ubuntu-L.ttf</filename>
            <size>28</size>
        </font>
        <font>
            <name>OSDTitleFont</name>
            <filename>Ubuntu-L.ttf</filename>
            <size>32</size>
            <style>bold</style>
        </font>
        <font>
            <name>OSDFont</name>
            <filename>Ubuntu-L.ttf</filename>
            <size>32</size>
        </font>
        <font>
            <name>OSDFontAwesome</name>
            <filename>fontawesome-webfont.ttf</filename>
            <size>28</size>
        </font>
        <font>
            <name>LeftMenuButtonFont</name>
            <filename>Ubuntu-L.ttf</filename>
            <size>35</size>
        </font>
        <font>
            <name>LeftMenuSubButtonFont</name>
            <filename>Ubuntu-L.ttf</filename>
            <size>25</size>
        </font>
        <font>
            <name>DialogSubFont</name>
            <filename>Ubuntu-L.ttf</filename>
            <size>28</size>
        </font>
        <font>
            <name>FacadeListMainFont</name>
            <filename>Ubuntu-L.ttf</filename>
            <size>35</size>
        </font>
        <font>
            <name>FacadeListSubFont</name>
            <filename>Ubuntu-L.ttf</filename>
            <size>25</size>
        </font>
        <font>
            <name>FacadePanelFont</name>
            <filename>Ubuntu-L.ttf</filename>
            <size>28</size>
        </font>
        <font>
            <name>ShelfFont</name>
            <filename>Ubuntu-L.ttf</filename>
            <size>24</size>
        </font>
        <font>
            <name>FacadeNumItemsFont</name>
            <filename>Ubuntu-L.ttf</filename>
            <size>33</size>
        </font>
        <font>
            <name>InfoTitleFont</name>
            <filename>Ubuntu-L.ttf</filename>
            <size>39</size>
            <style>bold</style>
        </font>
        <font>
            <name>InfoTitleShortFont</name>
            <filename>Ubuntu-L.ttf</filename>
            <size>37</size>
            <style>bold</style>
            <aspect>1.0</aspect>
        </font>
        <font>
            <name>InfoTitleSubFont</name>
            <filename>Ubuntu-L.ttf</filename>
            <size>24</size>
        </font>
        <font>
            <name>InfoPlotFont</name>
            <filename>Ubuntu-L.ttf</filename>
            <size>35</size>
            <linespacing>1.00</linespacing>
            <aspect>1.0</aspect>
        </font>
        <font>
            <name>InfoDetailsFont</name>
            <filename>Ubuntu-L.ttf</filename>
            <size>35</size>
        </font>
        <font>
            <name>InfoDetailsFontBig</name>
            <filename>Ubuntu-L.ttf</filename>
            <size>39</size>
        </font>
        <font>
            <name>InfoDetailsContainerFont</name>
            <filename>Ubuntu-L.ttf</filename>
            <size>30</size>
        </font>
        <font>
            <name>InfoRatingFont</name>
            <filename>Ubuntu-L.ttf</filename>
            <size>30</size>
        </font>
        <font>
            <name>TvGuideChannelFont</name>
            <filename>Ubuntu-L.ttf</filename>
            <size>30</size>
        </font>
        <font>
            <name>TvGuideItemFont</name>
            <filename>Ubuntu-L.ttf</filename>
            <size>33</size>
        </font>
        <font>
            <name>TvGuideHeaderFont</name>
            <filename>Ubuntu-L.ttf</filename>
            <size>30</size>
        </font>
        <font>
            <name>TvGuideFooterFont</name>
            <filename>Ubuntu-L.ttf</filename>
            <size>35</size>
            <style>bold</style>
        </font>
        <font>
            <name>ButtonFont</name>
            <filename>Ubuntu-L.ttf</filename>
            <size>35</size>
        </font>
        <font>
            <name>SmallButtonFont</name>
            <filename>Ubuntu-L.ttf</filename>
            <size>30</size>
        </font>
        <font>
            <name>ExtraSmallButtonFont</name>
            <filename>Ubuntu-L.ttf</filename>
            <size>28</size>
        </font>
        <font>
            <name>BadgeFont</name>
            <filename>Ubuntu-L.ttf</filename>
            <size>26</size>
            <aspect>0.95</aspect>
        </font>
        <font>
            <name>BadgeFontSmall</name>
            <filename>Ubuntu-L.ttf</filename>
            <size>22</size>
            <aspect>0.95</aspect>
        </font>
        <font>
            <name>rss</name>
            <filename>Ubuntu-L.ttf</filename>
            <size>25</size>
        </font>
        <!--ADDON COMPATIBILITY-->
        <font>
            <name>font13</name>
            <filename>Ubuntu-L.ttf</filename>
            <size>25</size>
        </font>
        <font>
            <name>font12</name>
            <filename>Ubuntu-L.ttf</filename>
            <size>24</size>
        </font>
        <font>
            <name>font13_title</name>
            <filename>Ubuntu-L.ttf</filename>
            <size>25</size>
            <style>bold</style>
        </font>
        <font>
            <name>font12_title</name>
            <filename>Ubuntu-L.ttf</filename>
            <size>24</size>
            <style>bold</style>
        </font>
        <font>
            <name>Clock</name>
            <filename>Ubuntu-L.ttf</filename>
            <size>120</size>
        </font>
    </fontset>
</fonts>
