<?xml version="1.0" encoding="utf-8"?>
<window>
    <defaultcontrol>50</defaultcontrol>
    <menucontrol>9000</menucontrol>
    <include>ViewModes</include>
    <include condition="!Skin.HasSetting(BlackGlassMode)|Skin.HasSetting(DisableSlidingAnimations)">OpenClose</include>
    <controls>
        <include>Fanart_Art</include>
        <include>Player_Show</include>
        <include>Time</include>
        <include>InfoBackground</include>
        <control type="label">
            <include condition="Skin.HasSetting(BlackGlassMode)+!Skin.HasSetting(DisableSlidingAnimations)">OpenCloseSlideRight</include>
            <visible>IsEmpty(Window.Property(IsRadio))</visible>
            <include>WindowTitle</include>
            <label>$LOCALIZE[31500]</label>
        </control>
        <control type="label">
            <include condition="Skin.HasSetting(BlackGlassMode)+!Skin.HasSetting(DisableSlidingAnimations)">OpenCloseSlideRight</include>
            <visible>!IsEmpty(Window.Property(IsRadio))</visible>
            <include>WindowTitle</include>
            <label>$LOCALIZE[19021]</label>
        </control>
        <control type="label">
            <include condition="Skin.HasSetting(BlackGlassMode)+!Skin.HasSetting(DisableSlidingAnimations)">OpenCloseSlideRight</include>
            <visible>IsEmpty(Window.Property(IsRadio))</visible>
            <include>WindowTitleSub</include>
            <label>$LOCALIZE[19019]</label>
        </control>
        <control type="label">
            <include condition="Skin.HasSetting(BlackGlassMode)+!Skin.HasSetting(DisableSlidingAnimations)">OpenCloseSlideRight</include>
            <visible>!IsEmpty(Window.Property(IsRadio))</visible>
            <include>WindowTitleSub</include>
            <label>$LOCALIZE[19019]</label>
        </control>
        <!-- BGN -->
        <control type="group">
            <visible>!Skin.HasSetting(BlackGlassMode)</visible>
            <animation effect="slide" tween="circle" easing="out" time="250" start="0,0" end="-2690,0" condition="Control.HasFocus(505050)">conditional</animation>
            <control type="group">
                <include condition="!Skin.HasSetting(BlackGlassMode)">50_ChannelsView</include>
                <include condition="!Skin.HasSetting(BlackGlassMode)">52_ChannelsView</include>
                <include condition="!Skin.HasSetting(BlackGlassMode)">54_ChannelsView</include>
            </control>
            <!-- COMMON -->
            <control type="group">
                <visible>[
                    [Control.IsVisible(50)|Control.IsVisible(52)|Control.IsVisible(54)]+IsEmpty(ListItem.Plot)]|
                    [control.hasfocus(60)+[Control.IsVisible(50)|Control.IsVisible(52)|Control.IsVisible(54)]
                    ]</visible>
                <include>Icon_Fade</include>
                <include>DetatchedThumb_50</include>
                <include>DetatchedThumb_52</include>
                <include>DetatchedThumb_54</include>
            </control>
        </control>
        <!-- BG -->
        <control type="group">
            <visible>Skin.HasSetting(BlackGlassMode)</visible>
            <control type="group">
                <animation effect="slide" tween="circle" easing="out" time="250" start="0,0" end="580,0" condition="[ControlGroup(9000).HasFocus()|Control.HasFocus(8999)]+!Skin.HasSetting(DisableSlidingAnimations)">conditional</animation>
                <animation effect="slide" tween="circle" easing="out" time="250" start="0,0" end="-2090,0" condition="Control.HasFocus(505050)">conditional</animation>
                <include condition="!Skin.HasSetting(DisableSlidingAnimations)">OpenCloseSlideRight</include>
                <control type="group">
                    <include condition="Skin.HasSetting(BlackGlassMode)">ChannelsView_BG</include>
                </control>
                <!-- COMMON -->
                <control type="group">
                    <visible>IsEmpty(ListItem.Plot)</visible>
                    <include>Icon_Fade</include>
                    <posy>37</posy>
                    <control type="image">
                        <posx>18</posx>
                        <posy>110</posy>
                        <width>568</width>
                        <height>358</height>
                        <include>DetatchedThumb</include>
                    </control>
                </control>
            </control>
        </control>
        <include>FooterInfo</include>
        <!-- SIDE MENU -->
        <include>PVRLeftMenu</include>
    </controls>
</window>
