<?xml version="1.0" encoding="utf-8"?>
<window>
    <controls>
        <control type="image" id="1">
            <description>Pointer</description>
            <width>50</width>
            <height>50</height>
            <texture>pointer/pointer_nofocus.png</texture>
        </control>
        <control type="image" id="2">
            <description>Pointer Focus</description>
            <width>50</width>
            <height>50</height>
            <texture>pointer/pointer_focus.png</texture>
        </control>
        <control type="image" id="3">
            <description>Pointer Drag</description>
            <width>50</width>
            <height>50</height>
            <texture>pointer/pointer_focus.png</texture>
        </control>
        <control type="image" id="4">
            <description>pointer_click</description>
            <width>50</width>
            <height>50</height>
            <texture>pointer/pointer_focus.png</texture>
        </control>
    </controls>
</window>
