<?xml version="1.0" encoding="UTF-8"?>
<window>
    <defaultcontrol always="true">2000</defaultcontrol>
    <menucontrol>9000</menucontrol>
    <!--<include>ViewModes</include>-->
    <include condition="!Skin.HasSetting(BlackGlassMode)|Skin.HasSetting(DisableSlidingAnimations)">OpenClose</include>
    <controls>
        <include>Fanart_Art</include>
        <control type="group">
            <visible>!IsEmpty(Window(home).Property(TVGuide.BackgroundFanart))+!Skin.HasSetting(DisableFanart)</visible>
            <include condition="Skin.HasSetting(BlackGlassMode)">OpenClose</include>
            <control type="image">
                <visible>Control.HasFocus(200)|Control.HasFocus(201)|Control.HasFocus(202)|Control.HasFocus(203)|Control.HasFocus(204)|Control.HasFocus(205)|Control.HasFocus(206)</visible>
                <posx>0</posx>
                <posy>0</posy>
                <width>1920</width>
                <height>1080</height>
                <aspectratio>stretch</aspectratio>
                <texture>common/BlackDot.png</texture>
            </control>
            <control type="image">
                <visible>Control.HasFocus(200)</visible>
                <include>VisibleFadeEffect</include>
                <include>KenBurns</include>
                <posx>0</posx>
                <posy>0</posy>
                <width>1920</width>
                <height>1080</height>
                <aspectratio aligny="top">scale</aspectratio>
                <texture background="true">$INFO[Container(200).ListItem.Property(Fanart)]</texture>
            </control>
            <control type="image">
                <visible>Control.HasFocus(201)</visible>
                <include>VisibleFadeEffect</include>
                <include>KenBurns</include>
                <posx>0</posx>
                <posy>0</posy>
                <width>1920</width>
                <height>1080</height>
                <aspectratio aligny="top">scale</aspectratio>
                <texture background="true">$INFO[Container(201).ListItem.Property(Fanart)]</texture>
            </control>
            <control type="image">
                <visible>Control.HasFocus(202)</visible>
                <include>VisibleFadeEffect</include>
                <include>KenBurns</include>
                <posx>0</posx>
                <posy>0</posy>
                <width>1920</width>
                <height>1080</height>
                <aspectratio aligny="top">scale</aspectratio>
                <texture background="true">$INFO[Container(202).ListItem.Property(Fanart)]</texture>
            </control>
            <control type="image">
                <visible>Control.HasFocus(203)</visible>
                <include>VisibleFadeEffect</include>
                <include>KenBurns</include>
                <posx>0</posx>
                <posy>0</posy>
                <width>1920</width>
                <height>1080</height>
                <aspectratio aligny="top">scale</aspectratio>
                <texture background="true">$INFO[Container(203).ListItem.Property(Fanart)]</texture>
            </control>
            <control type="image">
                <visible>Control.HasFocus(204)</visible>
                <include>VisibleFadeEffect</include>
                <include>KenBurns</include>
                <posx>0</posx>
                <posy>0</posy>
                <width>1920</width>
                <height>1080</height>
                <aspectratio aligny="top">scale</aspectratio>
                <texture background="true">$INFO[Container(204).ListItem.Property(Fanart)]</texture>
            </control>
            <control type="image">
                <visible>Control.HasFocus(205)</visible>
                <include>VisibleFadeEffect</include>
                <include>KenBurns</include>
                <posx>0</posx>
                <posy>0</posy>
                <width>1920</width>
                <height>1080</height>
                <aspectratio aligny="top">scale</aspectratio>
                <texture background="true">$INFO[Container(205).ListItem.Property(Fanart)]</texture>
            </control>
            <control type="image">
                <visible>Control.HasFocus(206)</visible>
                <include>VisibleFadeEffect</include>
                <include>KenBurns</include>
                <posx>0</posx>
                <posy>0</posy>
                <width>1920</width>
                <height>1080</height>
                <aspectratio aligny="top">scale</aspectratio>
                <texture background="true">$INFO[Container(206).ListItem.Property(Fanart)]</texture>
            </control>
        </control>
        <include>Player_Show</include>
        <include>Time</include>
        <include>InfoBackground</include>
        <control type="label">
            <include condition="Skin.HasSetting(BlackGlassMode)+!Skin.HasSetting(DisableSlidingAnimations)">OpenCloseSlideRight</include>
            <include>WindowTitle</include>
            <label>$ADDON[script.tv.show.next.aired 32101]</label>
        </control>
        <control type="label">
            <include condition="Skin.HasSetting(BlackGlassMode)+!Skin.HasSetting(DisableSlidingAnimations)">OpenCloseSlideRight</include>
            <include>WindowTitleSub</include>
            <label>$ADDON[script.tv.show.next.aired 32019]</label>
        </control>
        <!-- BGN & BG-->
        <control type="group">
            <include condition="Skin.HasSetting(BlackGlassMode)+!Skin.HasSetting(DisableSlidingAnimations)">OpenCloseSlideRight</include>
            <animation effect="slide" tween="circle" easing="out" time="250" start="0,0" end="580,0" condition="[ControlGroup(9000).HasFocus()|Control.HasFocus(8999)]+Skin.HasSetting(BlackGlassMode)+!Skin.HasSetting(DisableSlidingAnimations)">conditional</animation>
            <control type="image">
                <posx>10</posx>
                <posy>93</posy>
                <width>1921</width>
                <height>640</height>
                <include condition="!Skin.HasSetting(BlackGlassMode)">bg_tvguide</include>
                <include condition="Skin.HasSetting(BlackGlassMode)">bg_tvguide_BG</include>
            </control>
            <control type="group">
                <posx>0</posx>
                <posy>-4</posy>
                <control type="image">
                    <posx>115</posx>
                    <posy>170</posy>
                    <height>497</height>
                    <texture>list/bg_strip_horizontal_left.png</texture>
                    <width>350</width>
                </control>
                <control type="image">
                    <posx>TextMargin</posx>
                    <posy>91</posy>
                    <width>1840</width>
                    <height>79</height>
                    <texture>list/bg_facade_nofocus_top.png</texture>
                </control>
                <control type="group">
                    <posx>TextMargin</posx>
                    <posy>170</posy>
                    <control type="label">
                        <posx>TextMargin</posx>
                        <posy>0</posy>
                        <width>300</width>
                        <height>69</height>
                        <label>$INFO[Window(Home).Property(NextAired.200.Wday)] $INFO[Window(Home).Property(NextAired.200.Date)]</label>
                    </control>
                    <control type="label">
                        <visible>!StringCompare(Window(Home).Property(NextAired.200.Wday),)</visible>
                        <posx>395</posx>
                        <posy>0</posy>
                        <width>60</width>
                        <height>69</height>
                        <font>FacadeListSubFont</font>
                        <align>right</align>
                        <textcolor>SublistFocusColor</textcolor>
                        <label>$INFO[Container(200).NumItems]</label>
                    </control>
                    <control type="image">
                        <posx>0</posx>
                        <posy>-8</posy>
                        <width>1840</width>
                        <height>79</height>
                        <texture>list/bg_facade_nofocus_top.png</texture>
                    </control>
                </control>
                <control type="group">
                    <posx>TextMargin</posx>
                    <posy>241</posy>
                    <control type="label">
                        <posx>TextMargin</posx>
                        <posy>0</posy>
                        <width>300</width>
                        <height>69</height>
                        <label>$INFO[Window(Home).Property(NextAired.201.Wday)] $INFO[Window(Home).Property(NextAired.201.Date)]</label>
                    </control>
                    <control type="label">
                        <posx>395</posx>
                        <posy>0</posy>
                        <width>60</width>
                        <height>69</height>
                        <font>FacadeListSubFont</font>
                        <align>right</align>
                        <textcolor>SublistFocusColor</textcolor>
                        <label>$INFO[Container(201).NumItems]</label>
                    </control>
                    <control type="image">
                        <posx>0</posx>
                        <posy>-8</posy>
                        <width>1840</width>
                        <height>79</height>
                        <texture>list/bg_facade_nofocus_top.png</texture>
                    </control>
                </control>
                <control type="group">
                    <posx>TextMargin</posx>
                    <posy>312</posy>
                    <control type="label">
                        <posx>TextMargin</posx>
                        <posy>0</posy>
                        <width>300</width>
                        <height>69</height>
                        <label>$INFO[Window(Home).Property(NextAired.202.Wday)] $INFO[Window(Home).Property(NextAired.202.Date)]</label>
                    </control>
                    <control type="label">
                        <posx>395</posx>
                        <posy>0</posy>
                        <width>60</width>
                        <height>69</height>
                        <font>FacadeListSubFont</font>
                        <align>right</align>
                        <textcolor>SublistFocusColor</textcolor>
                        <label>$INFO[Container(202).NumItems]</label>
                    </control>
                    <control type="image">
                        <posx>0</posx>
                        <posy>-8</posy>
                        <width>1840</width>
                        <height>79</height>
                        <texture>list/bg_facade_nofocus_top.png</texture>
                    </control>
                </control>
                <control type="group">
                    <posx>TextMargin</posx>
                    <posy>383</posy>
                    <control type="label">
                        <posx>TextMargin</posx>
                        <posy>0</posy>
                        <width>300</width>
                        <height>69</height>
                        <label>$INFO[Window(Home).Property(NextAired.203.Wday)] $INFO[Window(Home).Property(NextAired.203.Date)]</label>
                    </control>
                    <control type="label">
                        <posx>395</posx>
                        <posy>0</posy>
                        <width>60</width>
                        <height>69</height>
                        <font>FacadeListSubFont</font>
                        <align>right</align>
                        <textcolor>SublistFocusColor</textcolor>
                        <label>$INFO[Container(203).NumItems]</label>
                    </control>
                    <control type="image">
                        <posx>0</posx>
                        <posy>-8</posy>
                        <width>1840</width>
                        <height>79</height>
                        <texture>list/bg_facade_nofocus_top.png</texture>
                    </control>
                </control>
                <control type="group">
                    <posx>TextMargin</posx>
                    <posy>454</posy>
                    <control type="label">
                        <posx>TextMargin</posx>
                        <posy>0</posy>
                        <width>300</width>
                        <height>69</height>
                        <label>$INFO[Window(Home).Property(NextAired.204.Wday)] $INFO[Window(Home).Property(NextAired.204.Date)]</label>
                    </control>
                    <control type="label">
                        <posx>395</posx>
                        <posy>0</posy>
                        <width>60</width>
                        <height>69</height>
                        <font>FacadeListSubFont</font>
                        <align>right</align>
                        <textcolor>SublistFocusColor</textcolor>
                        <label>$INFO[Container(204).NumItems]</label>
                    </control>
                    <control type="image">
                        <posx>0</posx>
                        <posy>-8</posy>
                        <width>1840</width>
                        <height>79</height>
                        <texture>list/bg_facade_nofocus_top.png</texture>
                    </control>
                </control>
                <control type="group">
                    <posx>TextMargin</posx>
                    <posy>525</posy>
                    <control type="label">
                        <posx>TextMargin</posx>
                        <posy>0</posy>
                        <width>300</width>
                        <height>69</height>
                        <label>$INFO[Window(Home).Property(NextAired.205.Wday)] $INFO[Window(Home).Property(NextAired.205.Date)]</label>
                    </control>
                    <control type="label">
                        <posx>395</posx>
                        <posy>0</posy>
                        <width>60</width>
                        <height>69</height>
                        <font>FacadeListSubFont</font>
                        <align>right</align>
                        <textcolor>SublistFocusColor</textcolor>
                        <label>$INFO[Container(205).NumItems]</label>
                    </control>
                    <control type="image">
                        <posx>0</posx>
                        <posy>-8</posy>
                        <width>1840</width>
                        <height>79</height>
                        <texture>list/bg_facade_nofocus_top.png</texture>
                    </control>
                </control>
                <control type="group">
                    <posx>TextMargin</posx>
                    <posy>596</posy>
                    <control type="label">
                        <posx>TextMargin</posx>
                        <posy>0</posy>
                        <width>300</width>
                        <height>69</height>
                        <label>$INFO[Window(Home).Property(NextAired.206.Wday)] $INFO[Window(Home).Property(NextAired.206.Date)]</label>
                    </control>
                    <control type="label">
                        <posx>395</posx>
                        <posy>0</posy>
                        <width>60</width>
                        <height>69</height>
                        <font>FacadeListSubFont</font>
                        <align>right</align>
                        <textcolor>SublistFocusColor</textcolor>
                        <label>$INFO[Container(206).NumItems]</label>
                    </control>
                    <control type="image">
                        <posx>0</posx>
                        <posy>-8</posy>
                        <width>1840</width>
                        <height>79</height>
                        <texture>list/bg_facade_nofocus_top.png</texture>
                    </control>
                </control>
                <control type="image">
                    <posx>465</posx>
                    <posy>170</posy>
                    <width>2</width>
                    <height>497</height>
                    <texture>list/bg_facade_vertical.png</texture>
                </control>
            </control>
            <control type="group" id="2000">
                <posx>465</posx>
                <posy>166</posy>
                <control type="panel" id="200">
                    <posy>0</posy>
                    <onup>206</onup>
                    <ondown>201</ondown>
                    <onright>200</onright>
                    <include>TVNextAiredListCommonLayout</include>
                </control>
                <control type="panel" id="201">
                    <posy>71</posy>
                    <onup>200</onup>
                    <ondown>202</ondown>
                    <onright>201</onright>
                    <include>TVNextAiredListCommonLayout</include>
                </control>
                <control type="panel" id="202">
                    <posy>142</posy>
                    <onup>201</onup>
                    <ondown>203</ondown>
                    <onright>202</onright>
                    <include>TVNextAiredListCommonLayout</include>
                </control>
                <control type="panel" id="203">
                    <posy>213</posy>
                    <onup>202</onup>
                    <ondown>204</ondown>
                    <onright>203</onright>
                    <include>TVNextAiredListCommonLayout</include>
                </control>
                <control type="panel" id="204">
                    <posy>284</posy>
                    <onup>203</onup>
                    <ondown>205</ondown>
                    <onright>204</onright>
                    <include>TVNextAiredListCommonLayout</include>
                </control>
                <control type="panel" id="205">
                    <posy>355</posy>
                    <onup>204</onup>
                    <ondown>206</ondown>
                    <onright>205</onright>
                    <include>TVNextAiredListCommonLayout</include>
                </control>
                <control type="panel" id="206">
                    <posy>426</posy>
                    <onup>205</onup>
                    <ondown>200</ondown>
                    <onright>206</onright>
                    <include>TVNextAiredListCommonLayout</include>
                </control>
            </control>
            <!-- INFO -->
            <control type="group">
                <posx>0</posx>
                <posy>-35</posy>
                <control type="image">
                    <posx>10</posx>
                    <posy>725</posy>
                    <width>1921</width>
                    <height>675</height>
                    <include condition="!Skin.HasSetting(BlackGlassMode)">bg_tvguide</include>
                    <include condition="Skin.HasSetting(BlackGlassMode)">bg_tvguide_BG</include>
                </control>
                <control type="image">
                    <posx>115</posx>
                    <posy>772</posy>
                    <height>490</height>
                    <texture>list/bg_strip_horizontal_left.png</texture>
                    <width>350</width>
                </control>
                <control type="image">
                    <posx>465</posx>
                    <posy>772</posy>
                    <width>2</width>
                    <height>490</height>
                    <texture>list/bg_facade_vertical.png</texture>
                </control>
                <control>
                    <type>image</type>
                    <posx>465</posx>
                    <posy>774</posy>
                    <width>1420</width>
                    <height>79</height>
                    <texture>list/bg_facade_nofocus_top.png</texture>
                </control>
                <control>
                    <type>image</type>
                    <posx>465</posx>
                    <posy>845</posy>
                    <width>1420</width>
                    <height>79</height>
                    <texture>list/bg_facade_nofocus_top.png</texture>
                </control>
                <control>
                    <type>image</type>
                    <posx>465</posx>
                    <posy>916</posy>
                    <width>1420</width>
                    <height>79</height>
                    <texture>list/bg_facade_nofocus_top.png</texture>
                </control>
                <control>
                    <type>image</type>
                    <posx>465</posx>
                    <posy>987</posy>
                    <width>1420</width>
                    <height>79</height>
                    <texture>list/bg_facade_nofocus_top.png</texture>
                </control>



                <control type="group">
                    <visible>control.hasfocus(200)</visible>
                    <include>VisibleFadeEffect</include>
                    <control type="image">
                        <visible>StringCompare(Window(Home).Property(TVGuide.ThumbType),0)</visible>
                        <posx>50</posx>
                        <posy>775</posy>
                        <width>410</width>
                        <height>340</height>
                        <aspectratio>keep</aspectratio>
                        <texture background="true" fallback="defaultVideoBig.png">$INFO[Container(200).ListItem.Property(Art(poster))]</texture>
                        <include>ThumbBorder</include>
                    </control>
                    <control type="image">
                        <visible>StringCompare(Window(Home).Property(TVGuide.ThumbType),1)</visible>
                        <posx>50</posx>
                        <posy>775</posy>
                        <width>410</width>
                        <height>340</height>
                        <aspectratio>keep</aspectratio>
                        <texture background="true" fallback="defaultVideoBig.png">$INFO[Container(200).ListItem.Property(Art(banner))]</texture>
                        <include>ThumbBorder</include>
                    </control>
                    <control type="image">
                        <visible>StringCompare(Window(Home).Property(TVGuide.ThumbType),2)</visible>
                        <posx>77</posx>
                        <posy>775</posy>
                        <width>356</width>
                        <height>340</height>
                        <aspectratio>keep</aspectratio>
                        <texture background="true" fallback="defaultVideoBig.png">$INFO[Container(200).ListItem.Property(Art(clearlogo))]</texture>
                    </control>
                    <control type="label">
                        <posx>490</posx>
                        <posy>785</posy>
                        <width>1360</width>
                        <aligny>top</aligny>
                        <align>left</align>
                        <font>InfoTitleFont</font>
                        <label>$INFO[Container(200).ListItem.Label]</label>
                    </control>
                    <control type="label">
                        <posx>490</posx>
                        <posy>853</posy>
                        <width>1360</width>
                        <height>71</height>
                        <font>InfoDetailsFont</font>
                        <textcolor>AlternateColor</textcolor>
                        <label>$INFO[Container(200).ListItem.Property(NextNumber)]$INFO[Container(200).ListItem.Property(NextTitle),  •  ]</label>
                    </control>
                    <control type="label">
                        <posx>490</posx>
                        <posy>924</posy>
                        <width>650</width>
                        <height>71</height>
                        <font>InfoDetailsFont</font>
                        <textcolor>MainColor</textcolor>
                        <label>$INFO[Container(200).ListItem.Property(ShortTime)]$INFO[Container(200).ListItem.Property(NextDay),  •  ]$INFO[Container(200).ListItem.Property(Runtime),  •  , $LOCALIZE[12391]]</label>
                    </control>
                    <control type="label">
                        <posx>1830</posx>
                        <posy>924</posy>
                        <width>650</width>
                        <height>71</height>
                        <font>InfoDetailsFont</font>
                        <textcolor>MainColor</textcolor>
                        <align>right</align>
                        <label>$INFO[Container(200).ListItem.Property(Genre)]</label>
                    </control>
                    <control type="label">
                        <posx>490</posx>
                        <posy>995</posy>
                        <width>650</width>
                        <height>71</height>
                        <font>InfoDetailsFont</font>
                        <textcolor>AlternateColor</textcolor>
                        <label>$INFO[Container(200).ListItem.Property(Network)]$INFO[Container(200).ListItem.Property(Country),  •  ]$INFO[Container(200).ListItem.Property(),  •  ]</label>
                    </control>
                    <control type="label">
                        <posx>1830</posx>
                        <posy>995</posy>
                        <width>650</width>
                        <height>71</height>
                        <font>InfoDetailsFont</font>
                        <textcolor>AlternateColor</textcolor>
                        <align>right</align>
                        <label>$INFO[Container(200).ListItem.Property(Classification)]</label>
                    </control>
                </control>
                <control type="group">
                    <visible>control.hasfocus(201)</visible>
                    <include>VisibleFadeEffect</include>
                    <control type="image">
                        <visible>StringCompare(Window(Home).Property(TVGuide.ThumbType),0)</visible>
                        <posx>50</posx>
                        <posy>775</posy>
                        <width>410</width>
                        <height>340</height>
                        <aspectratio>keep</aspectratio>
                        <texture background="true" fallback="defaultVideoBig.png">$INFO[Container(201).ListItem.Property(Art(poster))]</texture>
                        <include>ThumbBorder</include>
                    </control>
                    <control type="image">
                        <visible>StringCompare(Window(Home).Property(TVGuide.ThumbType),1)</visible>
                        <posx>50</posx>
                        <posy>775</posy>
                        <width>410</width>
                        <height>340</height>
                        <aspectratio>keep</aspectratio>
                        <texture background="true" fallback="defaultVideoBig.png">$INFO[Container(201).ListItem.Property(Art(banner))]</texture>
                        <include>ThumbBorder</include>
                    </control>
                    <control type="image">
                        <visible>StringCompare(Window(Home).Property(TVGuide.ThumbType),2)</visible>
                        <posx>77</posx>
                        <posy>775</posy>
                        <width>356</width>
                        <height>340</height>
                        <aspectratio>keep</aspectratio>
                        <texture background="true" fallback="defaultVideoBig.png">$INFO[Container(201).ListItem.Property(Art(clearlogo))]</texture>
                    </control>
                    <control type="label">
                        <posx>490</posx>
                        <posy>785</posy>
                        <width>1360</width>
                        <aligny>top</aligny>
                        <align>left</align>
                        <font>InfoTitleFont</font>
                        <label>$INFO[Container(201).ListItem.Label]</label>
                    </control>
                    <control type="label">
                        <posx>490</posx>
                        <posy>853</posy>
                        <width>1360</width>
                        <height>71</height>
                        <font>InfoDetailsFont</font>
                        <textcolor>AlternateColor</textcolor>
                        <label>$INFO[Container(201).ListItem.Property(NextNumber)]$INFO[Container(201).ListItem.Property(NextTitle),  •  ]</label>
                    </control>
                    <control type="label">
                        <posx>490</posx>
                        <posy>924</posy>
                        <width>650</width>
                        <height>71</height>
                        <font>InfoDetailsFont</font>
                        <textcolor>MainColor</textcolor>
                        <label>$INFO[Container(201).ListItem.Property(ShortTime)]$INFO[Container(201).ListItem.Property(NextDay),  •  ]$INFO[Container(201).ListItem.Property(Runtime),  •  , $LOCALIZE[12391]]</label>
                    </control>
                    <control type="label">
                        <posx>1830</posx>
                        <posy>924</posy>
                        <width>650</width>
                        <height>71</height>
                        <font>InfoDetailsFont</font>
                        <textcolor>MainColor</textcolor>
                        <align>right</align>
                        <label>$INFO[Container(201).ListItem.Property(Genre)]</label>
                    </control>
                    <control type="label">
                        <posx>490</posx>
                        <posy>995</posy>
                        <width>650</width>
                        <height>71</height>
                        <font>InfoDetailsFont</font>
                        <textcolor>AlternateColor</textcolor>
                        <label>$INFO[Container(201).ListItem.Property(Network)]$INFO[Container(201).ListItem.Property(Country),  •  ]$INFO[Container(201).ListItem.Property(),  •  ]</label>
                    </control>
                    <control type="label">
                        <posx>1830</posx>
                        <posy>995</posy>
                        <width>650</width>
                        <height>71</height>
                        <font>InfoDetailsFont</font>
                        <textcolor>AlternateColor</textcolor>
                        <align>right</align>
                        <label>$INFO[Container(201).ListItem.Property(Classification)]</label>
                    </control>
                </control>
                <control type="group">
                    <visible>control.hasfocus(202)</visible>
                    <include>VisibleFadeEffect</include>
                    <control type="image">
                        <visible>StringCompare(Window(Home).Property(TVGuide.ThumbType),0)</visible>
                        <posx>50</posx>
                        <posy>775</posy>
                        <width>410</width>
                        <height>340</height>
                        <aspectratio>keep</aspectratio>
                        <texture background="true" fallback="defaultVideoBig.png">$INFO[Container(202).ListItem.Property(Art(poster))]</texture>
                        <include>ThumbBorder</include>
                    </control>
                    <control type="image">
                        <visible>StringCompare(Window(Home).Property(TVGuide.ThumbType),1)</visible>
                        <posx>50</posx>
                        <posy>775</posy>
                        <width>410</width>
                        <height>340</height>
                        <aspectratio>keep</aspectratio>
                        <texture background="true" fallback="defaultVideoBig.png">$INFO[Container(202).ListItem.Property(Art(banner))]</texture>
                        <include>ThumbBorder</include>
                    </control>
                    <control type="image">
                        <visible>StringCompare(Window(Home).Property(TVGuide.ThumbType),2)</visible>
                        <posx>77</posx>
                        <posy>775</posy>
                        <width>356</width>
                        <height>340</height>
                        <aspectratio>keep</aspectratio>
                        <texture background="true" fallback="defaultVideoBig.png">$INFO[Container(202).ListItem.Property(Art(clearlogo))]</texture>
                    </control>
                    <control type="label">
                        <posx>490</posx>
                        <posy>785</posy>
                        <width>1360</width>
                        <aligny>top</aligny>
                        <align>left</align>
                        <font>InfoTitleFont</font>
                        <label>$INFO[Container(202).ListItem.Label]</label>
                    </control>
                    <control type="label">
                        <posx>490</posx>
                        <posy>853</posy>
                        <width>1360</width>
                        <height>71</height>
                        <font>InfoDetailsFont</font>
                        <textcolor>AlternateColor</textcolor>
                        <label>$INFO[Container(202).ListItem.Property(NextNumber)]$INFO[Container(202).ListItem.Property(NextTitle),  •  ]</label>
                    </control>
                    <control type="label">
                        <posx>490</posx>
                        <posy>924</posy>
                        <width>650</width>
                        <height>71</height>
                        <font>InfoDetailsFont</font>
                        <textcolor>MainColor</textcolor>
                        <label>$INFO[Container(202).ListItem.Property(ShortTime)]$INFO[Container(202).ListItem.Property(NextDay),  •  ]$INFO[Container(202).ListItem.Property(Runtime),  •  , $LOCALIZE[12391]]</label>
                    </control>
                    <control type="label">
                        <posx>1830</posx>
                        <posy>924</posy>
                        <width>650</width>
                        <height>71</height>
                        <font>InfoDetailsFont</font>
                        <textcolor>MainColor</textcolor>
                        <align>right</align>
                        <label>$INFO[Container(202).ListItem.Property(Genre)]</label>
                    </control>
                    <control type="label">
                        <posx>490</posx>
                        <posy>995</posy>
                        <width>650</width>
                        <height>71</height>
                        <font>InfoDetailsFont</font>
                        <textcolor>AlternateColor</textcolor>
                        <label>$INFO[Container(202).ListItem.Property(Network)]$INFO[Container(202).ListItem.Property(Country),  •  ]$INFO[Container(202).ListItem.Property(),  •  ]</label>
                    </control>
                    <control type="label">
                        <posx>1830</posx>
                        <posy>995</posy>
                        <width>650</width>
                        <height>71</height>
                        <font>InfoDetailsFont</font>
                        <textcolor>AlternateColor</textcolor>
                        <align>right</align>
                        <label>$INFO[Container(202).ListItem.Property(Classification)]</label>
                    </control>
                </control>
                <control type="group">
                    <visible>control.hasfocus(203)</visible>
                    <include>VisibleFadeEffect</include>
                    <control type="image">
                        <visible>StringCompare(Window(Home).Property(TVGuide.ThumbType),0)</visible>
                        <posx>50</posx>
                        <posy>775</posy>
                        <width>410</width>
                        <height>340</height>
                        <aspectratio>keep</aspectratio>
                        <texture background="true" fallback="defaultVideoBig.png">$INFO[Container(203).ListItem.Property(Art(poster))]</texture>
                        <include>ThumbBorder</include>
                    </control>
                    <control type="image">
                        <visible>StringCompare(Window(Home).Property(TVGuide.ThumbType),1)</visible>
                        <posx>50</posx>
                        <posy>775</posy>
                        <width>410</width>
                        <height>340</height>
                        <aspectratio>keep</aspectratio>
                        <texture background="true" fallback="defaultVideoBig.png">$INFO[Container(203).ListItem.Property(Art(banner))]</texture>
                        <include>ThumbBorder</include>
                    </control>
                    <control type="image">
                        <visible>StringCompare(Window(Home).Property(TVGuide.ThumbType),2)</visible>
                        <posx>77</posx>
                        <posy>775</posy>
                        <width>356</width>
                        <height>340</height>
                        <aspectratio>keep</aspectratio>
                        <texture background="true" fallback="defaultVideoBig.png">$INFO[Container(203).ListItem.Property(Art(clearlogo))]</texture>
                    </control>
                    <control type="label">
                        <posx>490</posx>
                        <posy>785</posy>
                        <width>1360</width>
                        <aligny>top</aligny>
                        <align>left</align>
                        <font>InfoTitleFont</font>
                        <label>$INFO[Container(203).ListItem.Label]</label>
                    </control>
                    <control type="label">
                        <posx>490</posx>
                        <posy>853</posy>
                        <width>1360</width>
                        <height>71</height>
                        <font>InfoDetailsFont</font>
                        <textcolor>AlternateColor</textcolor>
                        <label>$INFO[Container(203).ListItem.Property(NextNumber)]$INFO[Container(203).ListItem.Property(NextTitle),  •  ]</label>
                    </control>
                    <control type="label">
                        <posx>490</posx>
                        <posy>924</posy>
                        <width>650</width>
                        <height>71</height>
                        <font>InfoDetailsFont</font>
                        <textcolor>MainColor</textcolor>
                        <label>$INFO[Container(203).ListItem.Property(ShortTime)]$INFO[Container(203).ListItem.Property(NextDay),  •  ]$INFO[Container(203).ListItem.Property(Runtime),  •  , $LOCALIZE[12391]]</label>
                    </control>
                    <control type="label">
                        <posx>1830</posx>
                        <posy>924</posy>
                        <width>650</width>
                        <height>71</height>
                        <font>InfoDetailsFont</font>
                        <textcolor>MainColor</textcolor>
                        <align>right</align>
                        <label>$INFO[Container(203).ListItem.Property(Genre)]</label>
                    </control>
                    <control type="label">
                        <posx>490</posx>
                        <posy>995</posy>
                        <width>650</width>
                        <height>71</height>
                        <font>InfoDetailsFont</font>
                        <textcolor>AlternateColor</textcolor>
                        <label>$INFO[Container(203).ListItem.Property(Network)]$INFO[Container(203).ListItem.Property(Country),  •  ]$INFO[Container(203).ListItem.Property(),  •  ]</label>
                    </control>
                    <control type="label">
                        <posx>1830</posx>
                        <posy>995</posy>
                        <width>650</width>
                        <height>71</height>
                        <font>InfoDetailsFont</font>
                        <textcolor>AlternateColor</textcolor>
                        <align>right</align>
                        <label>$INFO[Container(203).ListItem.Property(Classification)]</label>
                    </control>
                </control>
                <control type="group">
                    <visible>control.hasfocus(204)</visible>
                    <include>VisibleFadeEffect</include>
                    <control type="image">
                        <visible>StringCompare(Window(Home).Property(TVGuide.ThumbType),0)</visible>
                        <posx>50</posx>
                        <posy>775</posy>
                        <width>410</width>
                        <height>340</height>
                        <aspectratio>keep</aspectratio>
                        <texture background="true" fallback="defaultVideoBig.png">$INFO[Container(204).ListItem.Property(Art(poster))]</texture>
                        <include>ThumbBorder</include>
                    </control>
                    <control type="image">
                        <visible>StringCompare(Window(Home).Property(TVGuide.ThumbType),1)</visible>
                        <posx>50</posx>
                        <posy>775</posy>
                        <width>410</width>
                        <height>340</height>
                        <aspectratio>keep</aspectratio>
                        <texture background="true" fallback="defaultVideoBig.png">$INFO[Container(204).ListItem.Property(Art(banner))]</texture>
                        <include>ThumbBorder</include>
                    </control>
                    <control type="image">
                        <visible>StringCompare(Window(Home).Property(TVGuide.ThumbType),2)</visible>
                        <posx>77</posx>
                        <posy>775</posy>
                        <width>356</width>
                        <height>340</height>
                        <aspectratio>keep</aspectratio>
                        <texture background="true" fallback="defaultVideoBig.png">$INFO[Container(204).ListItem.Property(Art(clearlogo))]</texture>
                    </control>
                    <control type="label">
                        <posx>490</posx>
                        <posy>785</posy>
                        <width>1360</width>
                        <aligny>top</aligny>
                        <align>left</align>
                        <font>InfoTitleFont</font>
                        <label>$INFO[Container(204).ListItem.Label]</label>
                    </control>
                    <control type="label">
                        <posx>490</posx>
                        <posy>853</posy>
                        <width>1360</width>
                        <height>71</height>
                        <font>InfoDetailsFont</font>
                        <textcolor>AlternateColor</textcolor>
                        <label>$INFO[Container(204).ListItem.Property(NextNumber)]$INFO[Container(204).ListItem.Property(NextTitle),  •  ]</label>
                    </control>
                    <control type="label">
                        <posx>490</posx>
                        <posy>924</posy>
                        <width>650</width>
                        <height>71</height>
                        <font>InfoDetailsFont</font>
                        <textcolor>MainColor</textcolor>
                        <label>$INFO[Container(204).ListItem.Property(ShortTime)]$INFO[Container(204).ListItem.Property(NextDay),  •  ]$INFO[Container(204).ListItem.Property(Runtime),  •  , $LOCALIZE[12391]]</label>
                    </control>
                    <control type="label">
                        <posx>1830</posx>
                        <posy>924</posy>
                        <width>650</width>
                        <height>71</height>
                        <font>InfoDetailsFont</font>
                        <textcolor>MainColor</textcolor>
                        <align>right</align>
                        <label>$INFO[Container(204).ListItem.Property(Genre)]</label>
                    </control>
                    <control type="label">
                        <posx>490</posx>
                        <posy>995</posy>
                        <width>650</width>
                        <height>71</height>
                        <font>InfoDetailsFont</font>
                        <textcolor>AlternateColor</textcolor>
                        <label>$INFO[Container(204).ListItem.Property(Network)]$INFO[Container(204).ListItem.Property(Country),  •  ]$INFO[Container(204).ListItem.Property(),  •  ]</label>
                    </control>
                    <control type="label">
                        <posx>1830</posx>
                        <posy>995</posy>
                        <width>650</width>
                        <height>71</height>
                        <font>InfoDetailsFont</font>
                        <textcolor>AlternateColor</textcolor>
                        <align>right</align>
                        <label>$INFO[Container(204).ListItem.Property(Classification)]</label>
                    </control>
                </control>
                <control type="group">
                    <visible>control.hasfocus(205)</visible>
                    <include>VisibleFadeEffect</include>
                    <control type="image">
                        <visible>StringCompare(Window(Home).Property(TVGuide.ThumbType),0)</visible>
                        <posx>50</posx>
                        <posy>775</posy>
                        <width>410</width>
                        <height>340</height>
                        <aspectratio>keep</aspectratio>
                        <texture background="true" fallback="defaultVideoBig.png">$INFO[Container(205).ListItem.Property(Art(poster))]</texture>
                        <include>ThumbBorder</include>
                    </control>
                    <control type="image">
                        <visible>StringCompare(Window(Home).Property(TVGuide.ThumbType),1)</visible>
                        <posx>50</posx>
                        <posy>775</posy>
                        <width>410</width>
                        <height>340</height>
                        <aspectratio>keep</aspectratio>
                        <texture background="true" fallback="defaultVideoBig.png">$INFO[Container(205).ListItem.Property(Art(banner))]</texture>
                        <include>ThumbBorder</include>
                    </control>
                    <control type="image">
                        <visible>StringCompare(Window(Home).Property(TVGuide.ThumbType),2)</visible>
                        <posx>77</posx>
                        <posy>775</posy>
                        <width>356</width>
                        <height>340</height>
                        <aspectratio>keep</aspectratio>
                        <texture background="true" fallback="defaultVideoBig.png">$INFO[Container(205).ListItem.Property(Art(clearlogo))]</texture>
                    </control>
                    <control type="label">
                        <posx>490</posx>
                        <posy>785</posy>
                        <width>1360</width>
                        <aligny>top</aligny>
                        <align>left</align>
                        <font>InfoTitleFont</font>
                        <label>$INFO[Container(205).ListItem.Label]</label>
                    </control>
                    <control type="label">
                        <posx>490</posx>
                        <posy>853</posy>
                        <width>1360</width>
                        <height>71</height>
                        <font>InfoDetailsFont</font>
                        <textcolor>AlternateColor</textcolor>
                        <label>$INFO[Container(205).ListItem.Property(NextNumber)]$INFO[Container(205).ListItem.Property(NextTitle),  •  ]</label>
                    </control>
                    <control type="label">
                        <posx>490</posx>
                        <posy>924</posy>
                        <width>650</width>
                        <height>71</height>
                        <font>InfoDetailsFont</font>
                        <textcolor>MainColor</textcolor>
                        <label>$INFO[Container(205).ListItem.Property(ShortTime)]$INFO[Container(205).ListItem.Property(NextDay),  •  ]$INFO[Container(205).ListItem.Property(Runtime),  •  , $LOCALIZE[12391]]</label>
                    </control>
                    <control type="label">
                        <posx>1830</posx>
                        <posy>924</posy>
                        <width>650</width>
                        <height>71</height>
                        <font>InfoDetailsFont</font>
                        <textcolor>MainColor</textcolor>
                        <align>right</align>
                        <label>$INFO[Container(205).ListItem.Property(Genre)]</label>
                    </control>
                    <control type="label">
                        <posx>490</posx>
                        <posy>995</posy>
                        <width>650</width>
                        <height>71</height>
                        <font>InfoDetailsFont</font>
                        <textcolor>AlternateColor</textcolor>
                        <label>$INFO[Container(205).ListItem.Property(Network)]$INFO[Container(205).ListItem.Property(Country),  •  ]$INFO[Container(205).ListItem.Property(),  •  ]</label>
                    </control>
                    <control type="label">
                        <posx>1830</posx>
                        <posy>995</posy>
                        <width>650</width>
                        <height>71</height>
                        <font>InfoDetailsFont</font>
                        <textcolor>AlternateColor</textcolor>
                        <align>right</align>
                        <label>$INFO[Container(205).ListItem.Property(Classification)]</label>
                    </control>
                </control>
                <control type="group">
                    <visible>control.hasfocus(206)</visible>
                    <include>VisibleFadeEffect</include>
                    <control type="image">
                        <visible>StringCompare(Window(Home).Property(TVGuide.ThumbType),0)</visible>
                        <posx>50</posx>
                        <posy>775</posy>
                        <width>410</width>
                        <height>340</height>
                        <aspectratio>keep</aspectratio>
                        <texture background="true" fallback="defaultVideoBig.png">$INFO[Container(206).ListItem.Property(Art(poster))]</texture>
                        <include>ThumbBorder</include>
                    </control>
                    <control type="image">
                        <visible>StringCompare(Window(Home).Property(TVGuide.ThumbType),1)</visible>
                        <posx>50</posx>
                        <posy>775</posy>
                        <width>410</width>
                        <height>340</height>
                        <aspectratio>keep</aspectratio>
                        <texture background="true" fallback="defaultVideoBig.png">$INFO[Container(206).ListItem.Property(Art(banner))]</texture>
                        <include>ThumbBorder</include>
                    </control>
                    <control type="image">
                        <visible>StringCompare(Window(Home).Property(TVGuide.ThumbType),2)</visible>
                        <posx>77</posx>
                        <posy>775</posy>
                        <width>356</width>
                        <height>340</height>
                        <aspectratio>keep</aspectratio>
                        <texture background="true" fallback="defaultVideoBig.png">$INFO[Container(206).ListItem.Property(Art(clearlogo))]</texture>
                    </control>
                    <control type="label">
                        <posx>490</posx>
                        <posy>785</posy>
                        <width>1360</width>
                        <aligny>top</aligny>
                        <align>left</align>
                        <font>InfoTitleFont</font>
                        <label>$INFO[Container(206).ListItem.Label]</label>
                    </control>
                    <control type="label">
                        <posx>490</posx>
                        <posy>853</posy>
                        <width>1360</width>
                        <height>71</height>
                        <font>InfoDetailsFont</font>
                        <textcolor>AlternateColor</textcolor>
                        <label>$INFO[Container(206).ListItem.Property(NextNumber)]$INFO[Container(206).ListItem.Property(NextTitle),  •  ]</label>
                    </control>
                    <control type="label">
                        <posx>490</posx>
                        <posy>924</posy>
                        <width>650</width>
                        <height>71</height>
                        <font>InfoDetailsFont</font>
                        <textcolor>MainColor</textcolor>
                        <label>$INFO[Container(206).ListItem.Property(ShortTime)]$INFO[Container(206).ListItem.Property(NextDay),  •  ]$INFO[Container(206).ListItem.Property(Runtime),  •  , $LOCALIZE[12391]]</label>
                    </control>
                    <control type="label">
                        <posx>1830</posx>
                        <posy>924</posy>
                        <width>650</width>
                        <height>71</height>
                        <font>InfoDetailsFont</font>
                        <textcolor>MainColor</textcolor>
                        <align>right</align>
                        <label>$INFO[Container(206).ListItem.Property(Genre)]</label>
                    </control>
                    <control type="label">
                        <posx>490</posx>
                        <posy>995</posy>
                        <width>650</width>
                        <height>71</height>
                        <font>InfoDetailsFont</font>
                        <textcolor>AlternateColor</textcolor>
                        <label>$INFO[Container(206).ListItem.Property(Network)]$INFO[Container(206).ListItem.Property(Country),  •  ]$INFO[Container(206).ListItem.Property(),  •  ]</label>
                    </control>
                    <control type="label">
                        <posx>1830</posx>
                        <posy>995</posy>
                        <width>650</width>
                        <height>71</height>
                        <font>InfoDetailsFont</font>
                        <textcolor>AlternateColor</textcolor>
                        <align>right</align>
                        <label>$INFO[Container(206).ListItem.Property(Classification)]</label>
                    </control>
                </control>
            </control>
        </control>
        <include>FooterInfo</include>
        <!-- SIDE MENU -->
        <control type="group">
            <visible>!Skin.HasSetting(EnableKioskMode)</visible>
            <include>LeftMenu</include>
            <control type="label">
                <include>LeftMenuTitleLabel</include>
                <label>$LOCALIZE[31988]</label>
            </control>
            <control type="grouplist" id="9000">
                <include>LeftMenuButtonGroup</include>
                <onleft>9000</onleft>
                <onright>2000</onright>
                <onup>9000</onup>
                <ondown>9000</ondown>
                <onback>2000</onback>
                <control type="button" id="400">
                    <description>TV Shows</description>
                    <label>$LOCALIZE[20343]</label>
                    <include>LeftMenuButton</include>
                    <onclick>ActivateWindow(Videos,TVShowTitles,Return)</onclick>
                </control>
                <control type="button" id="401">
                    <description>Recently Added Episodes</description>
                    <include>LeftMenuButton</include>
                    <label>$LOCALIZE[20387]</label>
                    <onclick>ActivateWindow(Videos,RecentlyAddedEpisodes,Return)</onclick>
                </control>
                <control type="button" id="402">
                    <description>Update info</description>
                    <include>LeftMenuButton</include>
                    <align>center</align>
                    <label>$LOCALIZE[19251]</label>
                    <onclick>RunScript(script.tv.show.next.aired,force=True)</onclick>
                </control>
                <control type="button" id="403">
                    <description>Reset / Update info</description>
                    <include>LeftMenuButton</include>
                    <align>center</align>
                    <label>$LOCALIZE[19187]</label>
                    <onclick>RunScript(script.tv.show.next.aired,reset=True)</onclick>
                </control>
                <control type="button" id="8">
                    <description>Settings</description>
                    <label>5</label>
                    <include>LeftMenuButton</include>
                </control>
            </control>
        </control>
    </controls>
</window>
