<?xml version="1.0" encoding="UTF-8"?>
<window>
    <!--<defaultcontrol always="true">9000</defaultcontrol>-->
    <include>DialogOpenClose</include>
    <controls>
        <include>DimBG</include>
        <control type="group">
            <include condition="Skin.HasSetting(BlackGlassMode)+!Skin.HasSetting(DisableSlidingAnimations)">OpenCloseSlideRight</include>
            <control type="group">
                <posy>32</posy>
                <!--HIDDEN-->
                <control type="list" id="100">
                    <posx>-10</posx>
                    <posy>-10</posy>
                    <width>1</width>
                    <height>1</height>
                    <visible>false</visible>
                    <itemlayout width="1" height="1"/>
                    <focusedlayout width="1" height="1"/>
                </control>
                <include name="WindowClosingButton">
                    <param name="id" value="0"/>
                    <param name="x" value="1737"/>
                    <param name="y" value="21"/>
                </include>
                <control type="image">
                    <posx>133</posx>
                    <posy>25</posy>
                    <width>1654</width>
                    <height>963</height>
                    <texture border="84">common/bg_dialog.png</texture>
                </control>
                <control type="label">
                    <description>header label Finished Searching</description>
                    <posx>223</posx>
                    <posy>104</posy>
                    <width>1474</width>
                    <height>36</height>
                    <font>InfoTitleFont</font>
                    <textcolor>MainColor</textcolor>
                    <align>center</align>
                    <label>$INFO[Container(100).ListItem.Label]</label>
                </control>
                <control type="image">
                    <posx>178</posx>
                    <posy>73</posy>
                    <width>1564</width>
                    <height>90</height>
                    <texture border="3">list/bg_facade_nofocus_top.png</texture>
                </control>
                <control type="image">
                    <posx>1309</posx>
                    <posy>163</posy>
                    <width>2</width>
                    <height>775</height>
                    <texture>list/bg_facade_vertical.png</texture>
                </control>
                <control type="image">
                    <posx>1309</posx>
                    <posy>163</posy>
                    <height>775</height>
                    <width>375</width>
                    <texture flipx="true">list/bg_strip_horizontal_left.png</texture>
                    <colordiffuse>90ffffff</colordiffuse>
                </control>

                <control type="group" id="101">
                    <posx>178</posx>
                    <posy>163</posy>
                    <!--THUMB-->
                    <control type="image">
                        <posx>1142</posx>
                        <posy>292</posy>
                        <width>410</width>
                        <height>483</height>
                        <aspectratio>keep</aspectratio>
                        <texture fallback="defaultIconBig.png">$INFO[Container(100).ListItem.Icon]</texture>
                        <include>ThumbBorder</include>
                    </control>
                    <!--EPG-->
                    <control type="panel" id="200">
                        <onleft>200</onleft>
                        <height>365</height>
                        <onright>2006</onright>
                        <onup>200</onup>
                        <ondown>195</ondown>
                        <pagecontrol>2006</pagecontrol>
                        <include>List_9009_Commons</include>
                        <content>
                            <item>
                                <label>$LOCALIZE[19080]</label>
                                <label2>$INFO[Container(100).ListItem.Property(StartTime)]</label2>
                                <onclick>noop</onclick>
                                <visible>!IsEmpty(Container(100).ListItem.Property(StartTime))</visible>
                            </item>
                            <item>
                                <label>$LOCALIZE[19081]</label>
                                <label2>$INFO[Container(100).ListItem.Property(EndTime)]</label2>
                                <onclick>noop</onclick>
                                <visible>!IsEmpty(Container(100).ListItem.Property(EndTime))</visible>
                            </item>
                            <item>
                                <label>$LOCALIZE[2050]:</label>
                                <label2>$INFO[Container(100).ListItem.Property(Duration),, $LOCALIZE[12391]]</label2>
                                <onclick>noop</onclick>
                                <visible>!IsEmpty(Container(100).ListItem.Property(Duration))</visible>
                            </item>
                            <item>
                                <label>$LOCALIZE[515]:</label>
                                <label2>$INFO[Container(100).ListItem.Property(Genre)]</label2>
                                <onclick>noop</onclick>
                                <visible>!IsEmpty(Container(100).ListItem.Property(Genre))</visible>
                            </item>
                            <item>
                                <label>$LOCALIZE[19148]:</label>
                                <label2>$INFO[Container(100).ListItem.Property(ChannelName)]</label2>
                                <onclick>noop</onclick>
                                <visible>!IsEmpty(Container(100).ListItem.Property(ChannelName))</visible>
                            </item>
                            <item>
                                <label>$LOCALIZE[15311]</label>
                                <label2>$INFO[Container(100).ListItem.Property(Path)]</label2>
                                <onclick>noop</onclick>
                                <visible>!IsEmpty(Container(100).ListItem.Property(Path))</visible>
                            </item>
                        </content>
                    </control>
                    <control type="scrollbar" id="2006">
                        <visible>control.isvisible(200)</visible>
                        <posx>1100</posx>
                        <posy>0</posy>
                        <height>365</height>
                        <include>VerticalScroller</include>
                        <onleft>200</onleft>
                        <onright>190</onright>
                    </control>
                    <!--MOVIE-->
                    <control type="panel" id="110">
                        <onleft>110</onleft>
                        <height>365</height>
                        <onright>2006</onright>
                        <onup>110</onup>
                        <ondown>195</ondown>
                        <pagecontrol>1106</pagecontrol>
                        <include>List_9009_Commons</include>
                        <content>
                            <item>
                                <label>$LOCALIZE[20339]:</label>
                                <label2>$INFO[Container(100).ListItem.Property(Director)]</label2>
                                <onclick>noop</onclick>
                                <visible>!IsEmpty(Container(100).ListItem.Property(Director))</visible>
                            </item>
                            <item>
                                <label>$LOCALIZE[572]:</label>
                                <label2>$INFO[Container(100).ListItem.Property(Studio)]</label2>
                                <onclick>noop</onclick>
                                <visible>!IsEmpty(Container(100).ListItem.Property(Studio))</visible>
                            </item>
                            <item>
                                <label>$LOCALIZE[515]:</label>
                                <label2>$INFO[Container(100).ListItem.Property(Genre)]</label2>
                                <onclick>noop</onclick>
                                <visible>!IsEmpty(Container(100).ListItem.Property(Genre))</visible>
                            </item>
                            <item>
                                <label>$LOCALIZE[562]:</label>
                                <label2>$INFO[Container(100).ListItem.Property(Year)]</label2>
                                <onclick>noop</onclick>
                                <visible>!IsEmpty(Container(100).ListItem.Property(Year))</visible>
                            </item>
                            <item>
                                <label>$LOCALIZE[2050]:</label>
                                <label2>$INFO[Container(100).ListItem.Property(Duration),, $LOCALIZE[12391]]</label2>
                                <onclick>noop</onclick>
                                <visible>!IsEmpty(Container(100).ListItem.Property(Duration)) + !SubString(Container(100).ListItem.Property(Duration),min)</visible>
                            </item>
                            <item>
                                <label>$LOCALIZE[2050]:</label>
                                <label2>$INFO[Container(100).ListItem.Property(Duration)]</label2>
                                <onclick>noop</onclick>
                                <visible>!IsEmpty(Container(100).ListItem.Property(Duration)) + SubString(Container(100).ListItem.Property(Duration),min)</visible>
                            </item>
                            <item>
                                <label>$LOCALIZE[563]:</label>
                                <label2>$INFO[Container(100).ListItem.Property(Rating)]</label2>
                                <onclick>noop</onclick>
                                <visible>!IsEmpty(Container(100).ListItem.Property(Rating))</visible>
                            </item>
                            <item>
                                <label>$LOCALIZE[202]:</label>
                                <label2>$INFO[Container(100).ListItem.Property(TagLine)]</label2>
                                <onclick>noop</onclick>
                                <visible>!IsEmpty(Container(100).ListItem.Property(TagLine))</visible>
                            </item>
                            <item>
                                <label>$LOCALIZE[203]:</label>
                                <label2>$INFO[Container(100).ListItem.Property(PlotOutline)]</label2>
                                <onclick>noop</onclick>
                                <visible>!IsEmpty(Container(100).ListItem.Property(PlotOutline))</visible>
                            </item>
                            <item>
                                <label>$LOCALIZE[20074]:</label>
                                <label2>$INFO[Container(100).ListItem.Property(Mpaa)]</label2>
                                <onclick>noop</onclick>
                                <visible>!IsEmpty(Container(100).ListItem.Property(Mpaa))</visible>
                            </item>
                            <item>
                                <label>$LOCALIZE[567]:</label>
                                <label2>$INFO[Container(100).ListItem.Property(Playcount)]</label2>
                                <onclick>noop</onclick>
                                <visible>!IsEmpty(Container(100).ListItem.Property(Playcount))</visible>
                            </item>
                            <item>
                                <label>$LOCALIZE[15311]</label>
                                <label2>$INFO[Container(100).ListItem.Property(Path)]</label2>
                                <onclick>noop</onclick>
                                <visible>!IsEmpty(Container(100).ListItem.Property(Path))</visible>
                            </item>
                        </content>
                    </control>
                    <control type="scrollbar" id="1106">
                        <visible>control.isvisible(110)</visible>
                        <posx>1100</posx>
                        <posy>0</posy>
                        <height>365</height>
                        <include>VerticalScroller</include>
                        <onleft>110</onleft>
                        <onright>190</onright>
                    </control>
                    <!--TVSHOW-->
                    <control type="panel" id="120">
                        <onleft>120</onleft>
                        <height>365</height>
                        <onright>2006</onright>
                        <onup>120</onup>
                        <ondown>195</ondown>
                        <pagecontrol>1206</pagecontrol>
                        <include>List_9009_Commons</include>
                        <content>
                            <item>
                                <label>$LOCALIZE[20360]:</label>
                                <label2>$INFO[Container(100).ListItem.Property(Episode)]</label2>
                                <onclick>noop</onclick>
                                <visible>!IsEmpty(Container(100).ListItem.Property(Episode))</visible>
                            </item>
                            <item>
                                <label>$LOCALIZE[20416]:</label>
                                <label2>$INFO[Container(100).ListItem.Property(Premiered)]</label2>
                                <onclick>noop</onclick>
                                <visible>!IsEmpty(Container(100).ListItem.Property(Premiered))</visible>
                            </item>
                            <item>
                                <label>$LOCALIZE[572]:</label>
                                <label2>$INFO[Container(100).ListItem.Property(Studio)]</label2>
                                <onclick>noop</onclick>
                                <visible>!IsEmpty(Container(100).ListItem.Property(Studio))</visible>
                            </item>
                            <item>
                                <label>$LOCALIZE[515]:</label>
                                <label2>$INFO[Container(100).ListItem.Property(Genre)]</label2>
                                <onclick>noop</onclick>
                                <visible>!IsEmpty(Container(100).ListItem.Property(Genre))</visible>
                            </item>
                            <item>
                                <label>$LOCALIZE[562]:</label>
                                <label2>$INFO[Container(100).ListItem.Property(Year)]</label2>
                                <onclick>noop</onclick>
                                <visible>!IsEmpty(Container(100).ListItem.Property(Year))</visible>
                            </item>
                            <item>
                                <label>$LOCALIZE[563]:</label>
                                <label2>$INFO[Container(100).ListItem.Property(Rating)]</label2>
                                <onclick>noop</onclick>
                                <visible>!IsEmpty(Container(100).ListItem.Property(Rating))</visible>
                            </item>
                            <item>
                                <label>$LOCALIZE[20074]:</label>
                                <label2>$INFO[Container(100).ListItem.Property(Mpaa)]</label2>
                                <onclick>noop</onclick>
                                <visible>!IsEmpty(Container(100).ListItem.Property(Mpaa))</visible>
                            </item>
                            <item>
                                <label>$LOCALIZE[567]:</label>
                                <label2>$INFO[Container(100).ListItem.Property(Playcount)]</label2>
                                <onclick>noop</onclick>
                                <visible>!IsEmpty(Container(100).ListItem.Property(Playcount))</visible>
                            </item>
                            <item>
                                <label>$LOCALIZE[15311]</label>
                                <label2>$INFO[Container(100).ListItem.Property(Path)]</label2>
                                <onclick>noop</onclick>
                                <visible>!IsEmpty(Container(100).ListItem.Property(Path))</visible>
                            </item>
                        </content>
                    </control>
                    <control type="scrollbar" id="1206">
                        <visible>control.isvisible(120)</visible>
                        <posx>1100</posx>
                        <posy>0</posy>
                        <height>365</height>
                        <include>VerticalScroller</include>
                        <onleft>120</onleft>
                        <onright>190</onright>
                    </control>
                    <!--SEASON-->
                    <control type="panel" id="130">
                        <onleft>130</onleft>
                        <height>365</height>
                        <onright>2006</onright>
                        <onup>130</onup>
                        <ondown>195</ondown>
                        <pagecontrol>1306</pagecontrol>
                        <include>List_9009_Commons</include>
                        <content>
                            <item>
                                <label>$LOCALIZE[20364]:</label>
                                <label2>$INFO[Container(100).ListItem.Property(TVShowTitle)]</label2>
                                <onclick>noop</onclick>
                                <visible>!IsEmpty(Container(100).ListItem.Property(TVShowTitle))</visible>
                            </item>
                            <item>
                                <label>$LOCALIZE[20360]:</label>
                                <label2>$INFO[Container(100).ListItem.Property(Episode)]</label2>
                                <onclick>noop</onclick>
                                <visible>!IsEmpty(Container(100).ListItem.Property(Episode))</visible>
                            </item>
                            <item>
                                <label>$LOCALIZE[567]:</label>
                                <label2>$INFO[Container(100).ListItem.Property(Playcount)]</label2>
                                <onclick>noop</onclick>
                                <visible>!IsEmpty(Container(100).ListItem.Property(Playcount))</visible>
                            </item>
                            <item>
                                <label>$LOCALIZE[15311]</label>
                                <label2>$INFO[Container(100).ListItem.Property(Path)]</label2>
                                <onclick>noop</onclick>
                                <visible>!IsEmpty(Container(100).ListItem.Property(Path))</visible>
                            </item>
                        </content>
                    </control>
                    <control type="scrollbar" id="1306">
                        <visible>control.isvisible(130)</visible>
                        <posx>1100</posx>
                        <posy>0</posy>
                        <height>365</height>
                        <include>VerticalScroller</include>
                        <onleft>130</onleft>
                        <onright>190</onright>
                    </control>
                    <!--EPISODE-->
                    <control type="panel" id="140">
                        <onleft>140</onleft>
                        <height>365</height>
                        <onright>2006</onright>
                        <onup>140</onup>
                        <ondown>195</ondown>
                        <pagecontrol>1406</pagecontrol>
                        <include>List_9009_Commons</include>
                        <content>
                            <item>
                                <label>$LOCALIZE[20364]:</label>
                                <label2>$INFO[Container(100).ListItem.Property(TVShowTitle)]</label2>
                                <onclick>noop</onclick>
                                <visible>!IsEmpty(Container(100).ListItem.Property(TVShowTitle))</visible>
                            </item>
                            <item>
                                <label>$LOCALIZE[20373]:</label>
                                <label2>$INFO[Container(100).ListItem.Property(Season)]</label2>
                                <onclick>noop</onclick>
                                <visible>!IsEmpty(Container(100).ListItem.Property(Season))</visible>
                            </item>
                            <item>
                                <label>$LOCALIZE[20360]:</label>
                                <label2>$INFO[Container(100).ListItem.Property(Episode)]</label2>
                                <onclick>noop</onclick>
                                <visible>!IsEmpty(Container(100).ListItem.Property(Episode))</visible>
                            </item>
                            <item>
                                <label>$LOCALIZE[20339]:</label>
                                <label2>$INFO[Container(100).ListItem.Property(Director)]</label2>
                                <onclick>noop</onclick>
                                <visible>!IsEmpty(Container(100).ListItem.Property(Director))</visible>
                            </item>
                            <item>
                                <label>$LOCALIZE[20416]:</label>
                                <label2>$INFO[Container(100).ListItem.Property(Premiered)]</label2>
                                <onclick>noop</onclick>
                                <visible>!IsEmpty(Container(100).ListItem.Property(Premiered))</visible>
                            </item>
                            <item>
                                <label>$LOCALIZE[2050]:</label>
                                <label2>$INFO[Container(100).ListItem.Property(Duration),, $LOCALIZE[12391]]</label2>
                                <onclick>noop</onclick>
                                <visible>!IsEmpty(Container(100).ListItem.Property(Duration)) + !SubString(Container(100).ListItem.Property(Duration),min)</visible>
                            </item>
                            <item>
                                <label>$LOCALIZE[2050]:</label>
                                <label2>$INFO[Container(100).ListItem.Property(Duration)]</label2>
                                <onclick>noop</onclick>
                                <visible>!IsEmpty(Container(100).ListItem.Property(Duration)) + SubString(Container(100).ListItem.Property(Duration),min)</visible>
                            </item>
                            <item>
                                <label>$LOCALIZE[563]:</label>
                                <label2>$INFO[Container(100).ListItem.Property(Rating)]</label2>
                                <onclick>noop</onclick>
                                <visible>!IsEmpty(Container(100).ListItem.Property(Rating))</visible>
                            </item>
                            <item>
                                <label>$LOCALIZE[567]:</label>
                                <label2>$INFO[Container(100).ListItem.Property(Playcount)]</label2>
                                <onclick>noop</onclick>
                                <visible>!IsEmpty(Container(100).ListItem.Property(Playcount))</visible>
                            </item>
                            <item>
                                <label>$LOCALIZE[15311]</label>
                                <label2>$INFO[Container(100).ListItem.Property(Path)]</label2>
                                <onclick>noop</onclick>
                                <visible>!IsEmpty(Container(100).ListItem.Property(Path))</visible>
                            </item>
                        </content>
                    </control>
                    <control type="scrollbar" id="1406">
                        <visible>control.isvisible(140)</visible>
                        <posx>1100</posx>
                        <posy>0</posy>
                        <height>365</height>
                        <include>VerticalScroller</include>
                        <onleft>140</onleft>
                        <onright>190</onright>
                    </control>
                    <!--MUSIC VIDEO-->
                    <control type="panel" id="150">
                        <onleft>150</onleft>
                        <height>365</height>
                        <onright>2006</onright>
                        <onup>150</onup>
                        <ondown>195</ondown>
                        <pagecontrol>1506</pagecontrol>
                        <include>List_9009_Commons</include>
                        <content>
                            <item>
                                <label>$LOCALIZE[557]:</label>
                                <label2>$INFO[Container(100).ListItem.Property(Artist)]</label2>
                                <onclick>noop</onclick>
                                <visible>!IsEmpty(Container(100).ListItem.Property(Artist))</visible>
                            </item>
                            <item>
                                <label>$LOCALIZE[558]:</label>
                                <label2>$INFO[Container(100).ListItem.Property(Album)]</label2>
                                <onclick>noop</onclick>
                                <visible>!IsEmpty(Container(100).ListItem.Property(Album))</visible>
                            </item>
                            <item>
                                <label>$LOCALIZE[515]:</label>
                                <label2>$INFO[Container(100).ListItem.Property(Genre)]</label2>
                                <onclick>noop</onclick>
                                <visible>!IsEmpty(Container(100).ListItem.Property(Genre))</visible>
                            </item>
                            <item>
                                <label>$LOCALIZE[572]:</label>
                                <label2>$INFO[Container(100).ListItem.Property(Studio)]</label2>
                                <onclick>noop</onclick>
                                <visible>!IsEmpty(Container(100).ListItem.Property(Studio))</visible>
                            </item>
                            <item>
                                <label>$LOCALIZE[20339]:</label>
                                <label2>$INFO[Container(100).ListItem.Property(Director)]</label2>
                                <onclick>noop</onclick>
                                <visible>!IsEmpty(Container(100).ListItem.Property(Director))</visible>
                            </item>
                            <item>
                                <label>$LOCALIZE[562]:</label>
                                <label2>$INFO[Container(100).ListItem.Property(Year)]</label2>
                                <onclick>noop</onclick>
                                <visible>!IsEmpty(Container(100).ListItem.Property(Year))</visible>
                            </item>
                            <item>
                                <label>$LOCALIZE[2050]:</label>
                                <label2>$INFO[Container(100).ListItem.Property(Duration)]</label2>
                                <onclick>noop</onclick>
                                <visible>!IsEmpty(Container(100).ListItem.Property(Duration))</visible>
                            </item>
                            <item>
                                <label>$LOCALIZE[567]:</label>
                                <label2>$INFO[Container(100).ListItem.Property(Playcount)]</label2>
                                <onclick>noop</onclick>
                                <visible>!IsEmpty(Container(100).ListItem.Property(Playcount))</visible>
                            </item>
                            <item>
                                <label>$LOCALIZE[15311]</label>
                                <label2>$INFO[Container(100).ListItem.Property(Path)]</label2>
                                <onclick>noop</onclick>
                                <visible>!IsEmpty(Container(100).ListItem.Property(Path))</visible>
                            </item>
                        </content>
                    </control>
                    <control type="scrollbar" id="1506">
                        <visible>control.isvisible(150)</visible>
                        <posx>1100</posx>
                        <posy>0</posy>
                        <height>365</height>
                        <include>VerticalScroller</include>
                        <onleft>150</onleft>
                        <onright>190</onright>
                    </control>
                    <!--ARTIST-->
                    <control type="panel" id="160">
                        <onleft>160</onleft>
                        <height>365</height>
                        <onright>2006</onright>
                        <onup>160</onup>
                        <ondown>195</ondown>
                        <pagecontrol>1606</pagecontrol>
                        <include>List_9009_Commons</include>
                        <content>
                            <item>
                                <label>$LOCALIZE[21893]:</label>
                                <label2>$INFO[Container(100).ListItem.Property(Artist_Born)]</label2>
                                <onclick>noop</onclick>
                                <visible>!IsEmpty(Container(100).ListItem.Property(Artist_Born))</visible>
                            </item>
                            <item>
                                <label>$LOCALIZE[21894]:</label>
                                <label2>$INFO[Container(100).ListItem.Property(Artist_Formed)]</label2>
                                <onclick>noop</onclick>
                                <visible>!IsEmpty(Container(100).ListItem.Property(Artist_Formed))</visible>
                            </item>
                            <item>
                                <label>$LOCALIZE[21897]:</label>
                                <label2>$INFO[Container(100).ListItem.Property(Artist_Died)]</label2>
                                <onclick>noop</onclick>
                                <visible>!IsEmpty(Container(100).ListItem.Property(Artist_Died))</visible>
                            </item>
                            <item>
                                <label>$LOCALIZE[21896]:</label>
                                <label2>$INFO[Container(100).ListItem.Property(Artist_Disbanded)]</label2>
                                <onclick>noop</onclick>
                                <visible>!IsEmpty(Container(100).ListItem.Property(Artist_Disbanded))</visible>
                            </item>
                            <item>
                                <label>$LOCALIZE[21898]:</label>
                                <label2>$INFO[Container(100).ListItem.Property(Artist_YearsActive)]</label2>
                                <onclick>noop</onclick>
                                <visible>!IsEmpty(Container(100).ListItem.Property(Artist_YearsActive))</visible>
                            </item>
                            <item>
                                <label>$LOCALIZE[175]:</label>
                                <label2>$INFO[Container(100).ListItem.Property(Artist_Mood)]</label2>
                                <onclick>noop</onclick>
                                <visible>!IsEmpty(Container(100).ListItem.Property(Artist_Mood))</visible>
                            </item>
                            <item>
                                <label>$LOCALIZE[176]:</label>
                                <label2>$INFO[Container(100).ListItem.Property(Artist_Style)]</label2>
                                <onclick>noop</onclick>
                                <visible>!IsEmpty(Container(100).ListItem.Property(Artist_Style))</visible>
                            </item>
                            <item>
                                <label>$LOCALIZE[515]:</label>
                                <label2>$INFO[Container(100).ListItem.Property(Genre)]</label2>
                                <onclick>noop</onclick>
                                <visible>!IsEmpty(Container(100).ListItem.Property(Genre))</visible>
                            </item>
                            <item>
                                <label>$LOCALIZE[15311]:</label>
                                <label2>$INFO[Container(100).ListItem.Property(Path)]</label2>
                                <onclick>noop</onclick>
                                <visible>!IsEmpty(Container(100).ListItem.Property(Path))</visible>
                            </item>
                        </content>
                    </control>
                    <control type="scrollbar" id="1606">
                        <visible>control.isvisible(160)</visible>
                        <posx>1100</posx>
                        <posy>0</posy>
                        <height>365</height>
                        <include>VerticalScroller</include>
                        <onleft>160</onleft>
                        <onright>190</onright>
                    </control>
                    <!--ALBUM-->
                    <control type="panel" id="170">
                        <onleft>170</onleft>
                        <height>365</height>
                        <onright>2006</onright>
                        <onup>170</onup>
                        <ondown>195</ondown>
                        <pagecontrol>1706</pagecontrol>
                        <include>List_9009_Commons</include>
                        <content>
                            <item>
                                <label>$LOCALIZE[557]:</label>
                                <label2>$INFO[Container(100).ListItem.Property(Artist)]</label2>
                                <onclick>noop</onclick>
                                <visible>!IsEmpty(Container(100).ListItem.Property(Artist))</visible>
                            </item>
                            <item>
                                <label>$LOCALIZE[515]:</label>
                                <label2>$INFO[Container(100).ListItem.Property(Genre)]</label2>
                                <onclick>noop</onclick>
                                <visible>!IsEmpty(Container(100).ListItem.Property(Genre))</visible>
                            </item>
                            <item>
                                <label>$LOCALIZE[563]:</label>
                                <label2>$INFO[Container(100).ListItem.Property(Album_Rating)]</label2>
                                <onclick>noop</onclick>
                                <visible>!IsEmpty(Container(100).ListItem.Property(Rating))</visible>
                            </item>
                            <item>
                                <label>$LOCALIZE[175]:</label>
                                <label2>$INFO[Container(100).ListItem.Property(Album_Mood)]</label2>
                                <onclick>noop</onclick>
                                <visible>!IsEmpty(Container(100).ListItem.Property(Album_Mood))</visible>
                            </item>
                            <item>
                                <label>$LOCALIZE[176]:</label>
                                <label2>$INFO[Container(100).ListItem.Property(Album_Style)]</label2>
                                <onclick>noop</onclick>
                                <visible>!IsEmpty(Container(100).ListItem.Property(Album_Style))</visible>
                            </item>
                            <item>
                                <label>$LOCALIZE[21895]:</label>
                                <label2>$INFO[Container(100).ListItem.Property(Album_Theme)]</label2>
                                <onclick>noop</onclick>
                                <visible>!IsEmpty(Container(100).ListItem.Property(Album_Theme))</visible>
                            </item>
                            <item>
                                <label>$LOCALIZE[146]</label>
                                <label2>$INFO[Container(100).ListItem.Property(Album_Type)]</label2>
                                <onclick>noop</onclick>
                                <visible>!IsEmpty(Container(100).ListItem.Property(Album_Type))</visible>
                            </item>
                            <item>
                                <label>$LOCALIZE[21899]:</label>
                                <label2>$INFO[Container(100).ListItem.Property(Album_Label)]</label2>
                                <onclick>noop</onclick>
                                <visible>!IsEmpty(Container(100).ListItem.Property(Album_Label))</visible>
                            </item>
                            <item>
                                <label>$LOCALIZE[562]:</label>
                                <label2>$INFO[Container(100).ListItem.Property(Year)]</label2>
                                <onclick>noop</onclick>
                                <visible>!IsEmpty(Container(100).ListItem.Property(Year))</visible>
                            </item>
                            <item>
                                <label>$LOCALIZE[15311]</label>
                                <label2>$INFO[Container(100).ListItem.Property(Path)]</label2>
                                <onclick>noop</onclick>
                                <visible>!IsEmpty(Container(100).ListItem.Property(Path))</visible>
                            </item>
                        </content>
                    </control>
                    <control type="scrollbar" id="1706">
                        <visible>control.isvisible(170)</visible>
                        <posx>1100</posx>
                        <posy>0</posy>
                        <height>365</height>
                        <include>VerticalScroller</include>
                        <onleft>170</onleft>
                        <onright>190</onright>
                    </control>
                    <!--SONG-->
                    <control type="panel" id="180">
                        <onleft>180</onleft>
                        <height>365</height>
                        <onright>2006</onright>
                        <onup>180</onup>
                        <ondown>195</ondown>
                        <pagecontrol>1806</pagecontrol>
                        <include>List_9009_Commons</include>
                        <content>
                            <item>
                                <label>$LOCALIZE[557]:</label>
                                <label2>$INFO[Container(100).ListItem.Property(Artist)]</label2>
                                <onclick>noop</onclick>
                                <visible>!IsEmpty(Container(100).ListItem.Property(Artist))</visible>
                            </item>
                            <item>
                                <label>$LOCALIZE[558]</label>
                                <label2>$INFO[Container(100).ListItem.Property(Album)]</label2>
                                <onclick>noop</onclick>
                                <visible>!IsEmpty(Container(100).ListItem.Property(Album))</visible>
                            </item>
                            <item>
                                <label>$LOCALIZE[554]:</label>
                                <label2>$INFO[Container(100).ListItem.Property(Track)]</label2>
                                <onclick>noop</onclick>
                                <visible>!IsEmpty(Container(100).ListItem.Property(Track))</visible>
                            </item>
                            <item>
                                <label>$LOCALIZE[2050]:</label>
                                <label2>$INFO[Container(100).ListItem.Property(Duration),, $LOCALIZE[12391]]</label2>
                                <onclick>noop</onclick>
                                <visible>!IsEmpty(Container(100).ListItem.Property(Duration)) + !SubString(Container(100).ListItem.Property(Duration),min)</visible>
                            </item>
                            <item>
                                <label>$LOCALIZE[2050]:</label>
                                <label2>$INFO[Container(100).ListItem.Property(Duration)]</label2>
                                <onclick>noop</onclick>
                                <visible>!IsEmpty(Container(100).ListItem.Property(Duration)) + SubString(Container(100).ListItem.Property(Duration),min)</visible>
                            </item>
                            <item>
                                <label>$LOCALIZE[563]:</label>
                                <label2>$INFO[Container(100).ListItem.Property(Rating)]</label2>
                                <onclick>noop</onclick>
                                <visible>!IsEmpty(Container(100).ListItem.Property(Rating))</visible>
                            </item>
                            <item>
                                <label>$LOCALIZE[515]:</label>
                                <label2>$INFO[Container(100).ListItem.Property(Genre)]</label2>
                                <onclick>noop</onclick>
                                <visible>!IsEmpty(Container(100).ListItem.Property(Genre))</visible>
                            </item>
                            <item>
                                <label>$LOCALIZE[562]:</label>
                                <label2>$INFO[Container(100).ListItem.Property(Year)]</label2>
                                <onclick>noop</onclick>
                                <visible>!IsEmpty(Container(100).ListItem.Property(Year))</visible>
                            </item>
                            <item>
                                <label>$LOCALIZE[567]:</label>
                                <label2>$INFO[Container(100).ListItem.Property(Playcount)]</label2>
                                <onclick>noop</onclick>
                                <visible>!IsEmpty(Container(100).ListItem.Property(Playcount))</visible>
                            </item>
                            <item>
                                <label>$LOCALIZE[15311]</label>
                                <label2>$INFO[Container(100).ListItem.Property(Path)]</label2>
                                <onclick>noop</onclick>
                                <visible>!IsEmpty(Container(100).ListItem.Property(Path))</visible>
                            </item>
                        </content>
                    </control>
                    <control type="scrollbar" id="1806">
                        <visible>control.isvisible(180)</visible>
                        <posx>1100</posx>
                        <posy>0</posy>
                        <height>365</height>
                        <include>VerticalScroller</include>
                        <onleft>180</onleft>
                        <onright>190</onright>
                    </control>
                    <control type="image">
                        <posx>0</posx>
                        <posy>365</posy>
                        <width>1131</width>
                        <height>8</height>
                        <texture>list/bg_facade_separator.png</texture>
                    </control>
                    <!--PLOTS-->
                    <control type="group">
                        <visible>!StringCompare(Container(100).ListItem.Property(AudioCodec),)</visible>
                        <control type="textbox">
                            <visible>Control.IsVisible(110) | Control.IsVisible(120) | Control.IsVisible(140) | Control.IsVisible(150) | Control.IsVisible(200)</visible>
                            <posx>TextMargin</posx>
                            <posy>390</posy>
                            <width>1041</width>
                            <height>240</height>
                            <align>justify</align>
                            <font>InfoDetailsFont</font>
                            <label>$INFO[Container(100).ListItem.Property(Plot)]$INFO[Container(100).ListItem.Property(Plot)]</label>
                            <pagecontrol>195</pagecontrol>
                        </control>
                        <control type="scrollbar" id="195">
                            <visible>Skin.HasSetting(ManualScroll)</visible>
                            <posx>1100</posx>
                            <posy>390</posy>
                            <height>240</height>
                            <include>VerticalScroller</include>
                            <onleft>190</onleft>
                            <onright>190</onright>
                        </control>
                    </control>
                    <control type="group">
                        <visible>StringCompare(Container(100).ListItem.Property(AudioCodec),)</visible>
                        <control type="textbox">
                            <visible>Control.IsVisible(110) | Control.IsVisible(120) | Control.IsVisible(140) | Control.IsVisible(150) | Control.IsVisible(200)</visible>
                            <posx>TextMargin</posx>
                            <posy>390</posy>
                            <width>1041</width>
                            <height>360</height>
                            <align>justify</align>
                            <font>InfoDetailsFont</font>
                            <label>$INFO[Container(100).ListItem.Property(Plot)]</label>
                            <pagecontrol>195</pagecontrol>
                        </control>
                        <control type="textbox">
                            <visible>Control.IsVisible(160)</visible>
                            <posx>TextMargin</posx>
                            <posy>390</posy>
                            <width>1041</width>
                            <height>360</height>
                            <align>justify</align>
                            <font>InfoDetailsFont</font>
                            <label>$INFO[Container(100).ListItem.Property(Artist_Description)]</label>
                            <pagecontrol>195</pagecontrol>
                        </control>
                        <control type="textbox">
                            <visible>Control.IsVisible(170)</visible>
                            <posx>TextMargin</posx>
                            <posy>390</posy>
                            <width>1041</width>
                            <height>360</height>
                            <align>justify</align>
                            <font>InfoDetailsFont</font>
                            <label>$INFO[Container(100).ListItem.Property(Album_Description)]</label>
                            <pagecontrol>195</pagecontrol>
                        </control>
                        <control type="textbox">
                            <visible>Control.IsVisible(180)</visible>
                            <posx>TextMargin</posx>
                            <posy>390</posy>
                            <width>1041</width>
                            <height>360</height>
                            <align>justify</align>
                            <font>InfoDetailsFont</font>
                            <label>$INFO[Container(100).ListItem.Property(Comment)]</label>
                            <pagecontrol>195</pagecontrol>
                        </control>
                        <control type="scrollbar" id="195">
                            <visible>Skin.HasSetting(ManualScroll)</visible>
                            <posx>1100</posx>
                            <posy>390</posy>
                            <height>360</height>
                            <include>VerticalScroller</include>
                            <onleft>190</onleft>
                            <onright>190</onright>
                        </control>
                    </control>
                </control>
                <!--LOGOS-->
                <control type="group">
                    <visible>!StringCompare(Container(100).ListItem.Property(AudioCodec),)</visible>
                    <posx>178</posx>
                    <posy>163</posy>
                    <control type="image">
                        <posx>0</posx>
                        <posy>657</posy>
                        <width>1131</width>
                        <height>8</height>
                        <texture>list/bg_facade_separator.png</texture>
                    </control>
                    <control type="image">
                        <posx>45</posx>
                        <posy>680</posy>
                        <width>120</width>
                        <height>80</height>
                        <aspectratio>keep</aspectratio>
                        <texture>badges/video/$INFO[Container(100).ListItem.Property(VideoResolution),,.png]</texture>
                    </control>
                    <control type="image">
                        <posx>185</posx>
                        <posy>680</posy>
                        <width>120</width>
                        <height>80</height>
                        <aspectratio>keep</aspectratio>
                        <texture>badges/video/$INFO[Container(100).ListItem.Property(VideoCodec),,.png]</texture>
                    </control>
                    <control type="image">
                        <posx>325</posx>
                        <posy>680</posy>
                        <width>120</width>
                        <height>80</height>
                        <aspectratio>keep</aspectratio>
                        <texture>badges/audio/$INFO[Container(100).ListItem.Property(AudioCodec),,.png]</texture>
                    </control>
                    <control type="image">
                        <posx>465</posx>
                        <posy>680</posy>
                        <width>120</width>
                        <height>80</height>
                        <aspectratio>keep</aspectratio>
                        <texture>badges/audio/$INFO[Container(100).ListItem.Property(AudioChannels),,.png]</texture>
                    </control>
                </control>
                <!--COMMANDS-->
                <control type="grouplist" id="190">
                    <posx>1309</posx>
                    <posy>163</posy>
                    <width>433</width>
                    <height>292</height>
                    <itemgap>0</itemgap>
                    <orientation>vertical</orientation>
                    <onleft>101</onleft>
                    <onright>190</onright>
                    <onup>190</onup>
                    <ondown>190</ondown>
                    <control type="button" id="191">
                        <label>$LOCALIZE[186]</label>
                        <include>RightDialogButton</include>
                    </control>
                    <control type="button" id="192">
                        <label>-</label>
                        <include>RightDialogButton</include>
                    </control>
                    <control type="button" id="193">
                        <label>-</label>
                        <include>RightDialogButton</include>
                    </control>
                </control>

            </control>
        </control>
    </controls>
</window>
