<?xml version="1.0" encoding="utf-8"?>
<window>
    <defaultcontrol always="true">9090</defaultcontrol>
    <include>DialogOpenClose</include>
    <controls>
        <control type="label">
            <posx>0</posx>
            <include>LeftMenuTitleLabel</include>
            <label>$LOCALIZE[16017]</label>
        </control>
        <control type="image">
            <posx>39</posx>
            <posy>94</posy>
            <width>499</width>
            <height>75</height>
            <texture border="35">buttons/bg_button_text_focus.png</texture>
        </control>
        <control type="label" id="600">
            <posx>62</posx>
            <posy>103</posy>
            <width>439</width>
            <height>60</height>
            <textcolor>MainColor</textcolor>
            <font>ButtonFont</font>
        </control>
        <control type="image" id="9182">
            <posy>183</posy>
            <width>577</width>
            <height>2</height>
            <texture border="0,0,0,2">list/bg_facade_nofocus_top.png</texture>
        </control>
        <control type="panel" id="9090">
            <left>30</left>
            <top>166</top>
            <width>577</width>
            <height>470</height>
            <onright>Close</onright>
            <onleft>9090</onleft>
            <ondown>9091</ondown>
            <onup>9090</onup>
            <orientation>vertical</orientation>
            <scrolltime tween="quadratic" easing="out">200</scrolltime>
            <itemlayout height="110" width="173">
                <control type="image">
                    <left>0</left>
                    <top>27</top>
                    <width>173</width>
                    <height>110</height>
                    <texture border="27">buttons/bg_button_nofocus.png</texture>
                </control>
                <control type="label">
                    <left>17</left>
                    <top>4</top>
                    <width>140</width>
                    <height>133</height>
                    <align>center</align>
                    <aligny>center</aligny>
                    <textcolor>ListNoFocusColor</textcolor>
                    <font>SmallButtonFont</font>
                    <label>$INFO[ListItem.Label]</label>
                </control>
                <control type="label">
                    <left>17</left>
                    <top>32</top>
                    <width>140</width>
                    <height>133</height>
                    <align>center</align>
                    <aligny>center</aligny>
                    <textcolor>SublistNoFocusColor</textcolor>
                    <font>BadgeFont</font>
                    <label>$INFO[ListItem.Label2]</label>
                </control>
            </itemlayout>
            <focusedlayout height="110" width="173">
                <control type="image">
                    <left>0</left>
                    <top>27</top>
                    <width>173</width>
                    <height>110</height>
                    <include>KeyboardSearchTexture</include>
                </control>
                <control type="label">
                    <left>17</left>
                    <top>4</top>
                    <width>140</width>
                    <height>133</height>
                    <align>center</align>
                    <aligny>center</aligny>
                    <font>SmallButtonFont</font>
                    <textcolor>ListFocusColor</textcolor>
                    <label>$INFO[ListItem.Label]</label>
                </control>
                <control type="label">
                    <left>17</left>
                    <top>32</top>
                    <width>140</width>
                    <height>133</height>
                    <align>center</align>
                    <aligny>center</aligny>
                    <textcolor>SublistFocusColor</textcolor>
                    <font>BadgeFont</font>
                    <label>$INFO[ListItem.Label2]</label>
                </control>
            </focusedlayout>
        </control>
        <control type="image" id="9182">
            <posy>644</posy>
            <width>577</width>
            <height>2</height>
            <texture border="0,0,0,2">list/bg_facade_nofocus_top.png</texture>
        </control>
        <control type="panel" id="9091">
            <left>0</left>
            <top>646</top>
            <width>577</width>
            <height>355</height>
            <onleft>60</onleft>
            <onright>Close</onright>
            <onup>9090</onup>
            <ondown>9091</ondown>
            <onback>noop</onback>
            <orientation>vertical</orientation>
            <pagecontrol>60</pagecontrol>
            <scrolltime tween="quadratic" easing="out">200</scrolltime>
            <itemlayout height="71" width="577">
                <control type="image">
                    <posx>0</posx>
                    <posy>0</posy>
                    <height>71</height>
                    <width>577</width>
                    <texture border="3">list/bg_facade_nofocus.png</texture>
                </control>
                <control type="label">
                    <posx>45</posx>
                    <height>69</height>
                    <width>487</width>
                    <font>FacadeListMainFont</font>
                    <textcolor>ListNoFocusColor</textcolor>
                    <label>$INFO[ListItem.Label]</label>
                    <scroll>false</scroll>
                </control>
            </itemlayout>
            <focusedlayout height="71" width="577">
                <control type="image">
                    <posx>0</posx>
                    <posy>0</posy>
                    <height>71</height>
                    <width>909</width>
                    <include>FacadeFocus</include>
                </control>
                <control type="label">
                    <posx>45</posx>
                    <height>69</height>
                    <width>487</width>
                    <font>FacadeListMainFont</font>
                    <textcolor>ListFocusColor</textcolor>
                    <label>$INFO[ListItem.Label]</label>
                </control>
            </focusedlayout>
        </control>
        <control type="scrollbar" id="60">
            <animation effect="slide" start="0,0" end="8,0" time="150">Focus</animation>
            <animation effect="slide" start="8,0" end="0,0" time="300">UnFocus</animation>
            <posx>-20</posx>
            <posy>646</posy>
            <height>355</height>
            <include>VerticalScroller</include>
            <onleft>60</onleft>
            <onright>9091</onright>
        </control>
        <control type="button">
            <posx>710</posx>
            <posy>183</posy>
            <width>200</width>
            <height>800</height>
            <texturefocus>-</texturefocus>
            <texturenofocus>-</texturenofocus>
            <onfocus>Close</onfocus>
        </control>
    </controls>
</window>
