<?xml version="1.0" encoding="utf-8"?>
<window>
    <defaultcontrol>5</defaultcontrol>
    <include>OSDFade</include>
    <controls>
        <control type="group">
            <include condition="Skin.HasSetting(BlackGlassMode)+!Skin.HasSetting(DisableSlidingAnimations)">OpenCloseSlideRight</include>
            <posx>-50</posx>
            <posy>355</posy>
            <animation effect="fade" start="100" end="0" time="50" condition="Window.IsVisible(SliderDialog) | Window.IsVisible(FileBrowser)">Conditional</animation>
            <include name="WindowClosingButton">
                <param name="id" value="0"/>
                <param name="x" value="1637"/>
                <param name="y" value="47"/>
            </include>
            <control type="image">
                <posx>333</posx>
                <posy>51</posy>
                <width>1354</width>
                <height>623</height>
                <texture border="94">common/bg_dialog.png</texture>
            </control>
            <control type="group">
                <posx>378</posx>
                <posy>88</posy>
                <control type="label" id="2">
                    <posx>45</posx>
                    <posy>18</posy>
                    <width>1174</width>
                    <height>100</height>
                    <font>InfoTitleFont</font>
                    <textcolor>MainColor</textcolor>
                    <align>center</align>
                    <label>-</label>
                </control>
                <control type="image">
                    <posx>0</posx>
                    <posy>38</posy>
                    <width>1264</width>
                    <height>79</height>
                    <texture>list/bg_facade_nofocus_top.png</texture>
                </control>
                <control type="grouplist" id="5">
                    <posx>0</posx>
                    <posy>117</posy>
                    <width>1264</width>
                    <height>355</height>
                    <itemgap>0</itemgap>
                    <orientation>vertical</orientation>
                    <pagecontrol>60</pagecontrol>
                    <onup>5</onup>
                    <ondown>5</ondown>
                    <onright>60</onright>
                    <onleft>60</onleft>
                </control>
                <control type="button" id="7">
                    <include>LeftMenuButton</include>
                </control>
                <control type="radiobutton" id="8">
                    <radioposx>1162</radioposx>
                    <textwidth>1104</textwidth>
                    <include>LeftMenuButton</include>
                </control>
                <control type="spincontrolex" id="9">
                    <include>LeftMenuButton</include>
                </control>
                <control type="sliderex" id="13">
                    <include>LeftMenuButton</include>
                </control>
                <control type="label" id="14">
                    <description>Default Label</description>
                    <label>-</label>
                    <font>LeftMenuTitleFont</font>
                    <textcolor>AlternateColor</textcolor>
                    <include>LeftMenuButton</include>
                </control>
                <control type="scrollbar" id="60">
                    <posx>1233</posx>
                    <posy>117</posy>
                    <height>355</height>
                    <include>VerticalScroller</include>
                    <onleft>5</onleft>
                    <onright>5</onright>
                </control>
            </control>
        </control>
    </controls>
</window>
