<?xml version="1.0" encoding="utf-8"?>
<includes>
    <include name="ScrollOffsetLabel_55">
        <control type="group">
            <left>707</left>
            <top>24</top>
            <include>ScrollOffsetLabel</include>
        </control>
    </include>
    <include name="Info_55_BigPanel">
        <control type="group">
            <visible>Control.IsVisible(55)+
                [
                !IsEmpty(ListItem.Property(Artist_Description))|
                !IsEmpty(ListItem.Property(Addon.Description))|
                !IsEmpty(ListItem.Property(Album_Description))|
                !IsEmpty(ListItem.Plot)
                ]
                +!Container.Content(songs)</visible>
            <include>Icon_Fade</include>
            <posx>5</posx>
            <posy>170</posy>
            <control type="image">
                <posx>-1367</posx>
                <posy>-76</posy>
                <width>2058</width>
                <height>1160</height>
                <include condition="!Skin.HasSetting(BlackGlassMode)">bg_tvguide</include>
                <include condition="Skin.HasSetting(BlackGlassMode)">bg_tvguide_BG</include>
            </control>
            <control type="group">
                <visible>![Skin.HasSetting(plexbmc)+window.isvisible(MyMusicSongs.xml)]</visible>
                <control type="label">
                    <posx>TextMargin</posx>
                    <posy>-12</posy>
                    <width>570</width>
                    <height>71</height>
                    <font>InfoTitleFont</font>
                    <textcolor>MainColor</textcolor>
                    <align>left</align>
                    <label>$INFO[ListItem.Label]</label>
                </control>
                <control type="image">
                    <posx>0</posx>
                    <posy>0</posy>
                    <width>645</width>
                    <height>73</height>
                    <texture border="3">list/bg_facade_nofocus_top.png</texture>
                </control>
                <control type="group">
                    <visible>!Container.Content(Addons)</visible>
                    <control type="image">
                        <posx>TextMargin</posx>
                        <posy>92</posy>
                        <include>Stars</include>
                    </control>
                    <control type="label">
                        <posx>245</posx>
                        <posy>73</posy>
                        <width>370</width>
                        <height>71</height>
                        <font>InfoRatingFont</font>
                        <textcolor>AlternateColor</textcolor>
                        <label fallback="416">$INFO[ListItem.Rating]</label>
                    </control>
                </control>
                <control type="group">
                    <visible>Container.Content(Addons)</visible>
                    <control type="label">
                        <posx>TextMargin</posx>
                        <posy>73</posy>
                        <width>560</width>
                        <height>71</height>
                        <font>InfoDetailsFont</font>
                        <textcolor>AlternateColor</textcolor>
                        <label>$INFO[ListItem.Property(Addon.Version),$LOCALIZE[24051] ]</label>
                    </control>
                </control>
                <control type="image">
                    <posx>0</posx>
                    <posy>73</posy>
                    <width>645</width>
                    <height>73</height>
                    <texture border="3">list/bg_facade_nofocus_top.png</texture>
                </control>
                <control type="label">
                    <posx>TextMargin</posx>
                    <posy>146</posy>
                    <width>560</width>
                    <height>71</height>
                    <font>InfoDetailsFont</font>
                    <textcolor>MainColor</textcolor>
                    <label>$VAR[Details_TVShows_Extended]</label>
                </control>
                <control type="image">
                    <posx>0</posx>
                    <posy>146</posy>
                    <width>645</width>
                    <height>73</height>
                    <texture border="3">list/bg_facade_nofocus_top.png</texture>
                </control>
                <control type="label">
                    <posx>TextMargin</posx>
                    <posy>219</posy>
                    <width>560</width>
                    <height>71</height>
                    <font>InfoDetailsFont</font>
                    <textcolor>AlternateColor</textcolor>
                    <label fallback="416">$VAR[Details2]</label>
                </control>
                <control type="image">
                    <posx>0</posx>
                    <posy>219</posy>
                    <width>645</width>
                    <height>73</height>
                    <texture border="3">list/bg_facade_nofocus_top.png</texture>
                </control>
                <control type="textbox">
                    <visible>![Container.Content(movies)|Container.Content(episodes)|Container.Content(musicvideos)]</visible>
                    <posx>TextMargin</posx>
                    <posy>310</posy>
                    <width>560</width>
                    <height>520</height>
                    <font>InfoPlotFont</font>
                    <textcolor>MainColor</textcolor>
                    <label>$VAR[Plots]</label>
                    <pagecontrol>6065</pagecontrol>
                </control>
                <control type="scrollbar" id="6065">
                    <visible>![Container.Content(movies)|Container.Content(episodes)|Container.Content(musicvideos)]+Skin.HasSetting(ManualScroll)</visible>
                    <posx>613</posx>
                    <posy>310</posy>
                    <height>520</height>
                    <include>VerticalScroller</include>
                    <onleft>9000</onleft>
                    <onright>55</onright>
                </control>
                <control type="group">
                    <visible>[Container.Content(movies)|Container.Content(episodes)|Container.Content(musicvideos)]</visible>
                    <control type="textbox">
                        <posx>TextMargin</posx>
                        <posy>320</posy>
                        <width>560</width>
                        <height>440</height>
                        <font>InfoPlotFont</font>
                        <textcolor>MainColor</textcolor>
                        <label>$VAR[Plots]</label>
                        <pagecontrol>6065</pagecontrol>
                    </control>
                    <control type="scrollbar" id="6065">
                        <visible>Skin.HasSetting(ManualScroll)</visible>
                        <posx>613</posx>
                        <posy>320</posy>
                        <height>440</height>
                        <include>VerticalScroller</include>
                        <onleft>9000</onleft>
                        <onright>55</onright>
                    </control>
                    <control type="group">
                        <posy>260</posy>
                        <control type="image">
                            <posx>0</posx>
                            <posy>463</posy>
                            <width>645</width>
                            <height>73</height>
                            <texture border="3">list/bg_facade_nofocus_top.png</texture>
                        </control>
                        <control type="grouplist">
                            <posx>35</posx>
                            <posy>569</posy>
                            <width min="90" max="967">auto</width>
                            <height>90</height>
                            <itemgap>-10</itemgap>
                            <orientation>horizontal</orientation>
                            <align>left</align>
                            <aligny>center</aligny>
                            <include>CodecsViewPanel</include>
                        </control>
                    </control>
                </control>
            </control>
            <control type="group">
                <visible>[Skin.HasSetting(plexbmc)+window.isvisible(MyMusicSongs.xml)]</visible>
                <control type="label">
                    <posx>TextMargin</posx>
                    <posy>-12</posy>
                    <width>570</width>
                    <height>71</height>
                    <font>InfoTitleFont</font>
                    <textcolor>MainColor</textcolor>
                    <align>left</align>
                    <label>$INFO[ListItem.Label]</label>
                </control>
                <control type="image">
                    <posx>0</posx>
                    <posy>0</posy>
                    <width>646</width>
                    <height>73</height>
                    <texture border="3">list/bg_facade_nofocus_top.png</texture>
                </control>
                <control type="textbox">
                    <posx>TextMargin</posx>
                    <posy>90</posy>
                    <width>570</width>
                    <height>760</height>
                    <font>InfoPlotFont</font>
                    <textcolor>AlternateBrightColor</textcolor>
                    <label>$VAR[Plots]</label>
                    <pagecontrol>6065</pagecontrol>
                </control>
                <control type="scrollbar" id="6065">
                    <visible>Skin.HasSetting(ManualScroll)</visible>
                    <posx>613</posx>
                    <posy>90</posy>
                    <height>760</height>
                    <include>VerticalScroller</include>
                    <onleft>9000</onleft>
                    <onright>55</onright>
                </control>
            </control>
        </control>
    </include>
    <include name="View_55_BigPanel">
        <control type="group">
            <visible>Control.IsVisible(55)</visible>
            <include name="ClearArtLogo">
                <param name="x" value="1003"/>
                <param name="y" value="10"/>
                <param name="width" value="300"/>
                <param name="height" value="118"/>
                <param name="visible" value="true"/>
                <param name="align" value="left"/>
                <param name="aligny" value="bottom"/>
            </include>
            <include name="StudioArt">
                <param name="x" value="350"/>
                <param name="y" value="10"/>
                <param name="width" value="300"/>
                <param name="height" value="118"/>
                <param name="visible" value="true"/>
                <param name="align" value="right"/>
                <param name="aligny" value="bottom"/>
            </include>
            <include>ScrollOffsetLabel_55</include>
            <control type="image">
                <posx>657</posx>
                <posy>94</posy>
                <width>2089</width>
                <height>1160</height>
                <include condition="!Skin.HasSetting(BlackGlassMode)">bg_tvguide</include>
                <include condition="Skin.HasSetting(BlackGlassMode)">bg_tvguide_BG</include>
            </control>
            <control type="image">
                <posx>693</posx>
                <posy>937</posy>
                <width>1227</width>
                <height>73</height>
                <texture border="3">list/bg_facade_nofocus_top.png</texture>
            </control>
            <control type="panel" id="55">
                <visible>[[StringCompare(Window(Home).Property(SkinHelper.ForcedView),55) | IsEmpty(Window(Home).Property(SkinHelper.ForcedView))] + !Skin.HasSetting(plexbmc)] | Skin.HasSetting(plexbmc)</visible>
                <viewtype label="31093">Big Panel</viewtype>
                <posx>693</posx>
                <posy>150</posy>
                <width>1227</width>
                <height>858</height>
                <orientation>vertical</orientation>
                <onleft>6065</onleft>
                <onright>60</onright>
                <onup>55</onup>
                <ondown>55</ondown>
                <preloaditems>4</preloaditems>
                <pagecontrol>60</pagecontrol>
                <itemlayout condition="[Container.Content(musicvideos)|Container.Content(TVShows)|Container.Content(seasons)|Container.Content(movies)|Container.Content(sets)] + !Skin.HasSetting(55_UseBanners)" height="425" width="305">
                    <control type="image">
                        <posx>0</posx>
                        <posy>0</posy>
                        <width>302</width>
                        <height>430</height>
                        <include>PosterThumb</include>
                        <include>ThumbBorder</include>
                    </control>
                    <control type="image">
                        <posx>244</posx>
                        <posy>372</posy>
                        <width>28</width>
                        <height>28</height>
                        <texture>$VAR[Overlay]</texture>
                    </control>
                </itemlayout>
                <focusedlayout condition="[Container.Content(musicvideos)|Container.Content(TVShows)|Container.Content(seasons)|Container.Content(movies)|Container.Content(sets)] + !Skin.HasSetting(55_UseBanners)" height="297" width="201">
                    <control type="image">
                        <posx>0</posx>
                        <posy>0</posy>
                        <width>302</width>
                        <height>430</height>
                        <include>PosterThumb</include>
                        <include>ThumbBorderOverlay</include>
                    </control>
                    <control type="image">
                        <posx>244</posx>
                        <posy>372</posy>
                        <width>28</width>
                        <height>28</height>
                        <texture>$VAR[Overlay]</texture>
                    </control>
                </focusedlayout>
                <itemlayout condition="[Container.Content(TVShows)|Container.Content(seasons)|Container.Content(movies)|Container.Content(sets)] + Skin.HasSetting(55_UseBanners)" height="286" width="1250">
                    <control type="group">
                        <posx>0</posx>
                        <posy>0</posy>
                        <control type="image">
                            <posx>10</posx>
                            <posy>0</posy>
                            <width>1207</width>
                            <height>269</height>
                            <texture background="true" fallback="common/BlackDotT.png">$VAR[Banner]</texture>
                            <aspectratio>scale</aspectratio>
                            <include>ThumbBorder</include>
                        </control>
                        <control type="image">
                            <posx>1159</posx>
                            <posy>210</posy>
                            <width>28</width>
                            <height>28</height>
                            <texture>$VAR[Overlay]</texture>
                        </control>
                    </control>
                </itemlayout>
                <focusedlayout condition="[Container.Content(TVShows)|Container.Content(seasons)|[[Container.Content(movies)|Container.Content(sets)]]] + Skin.HasSetting(55_UseBanners)" height="286" width="1250">
                    <control type="group">
                        <posx>0</posx>
                        <posy>0</posy>
                        <control type="image">
                            <posx>10</posx>
                            <posy>0</posy>
                            <width>1207</width>
                            <height>269</height>
                            <texture background="true" fallback="common/BlackDotT.png">$VAR[Banner]</texture>
                            <aspectratio>scale</aspectratio>
                            <include>ThumbBorderOverlay</include>
                        </control>
                        <control type="image">
                            <posx>1159</posx>
                            <posy>210</posy>
                            <width>28</width>
                            <height>28</height>
                            <texture>$VAR[Overlay]</texture>
                        </control>
                    </control>
                </focusedlayout>
                <itemlayout condition="container.content(episodes)" height="283" width="405">
                    <control type="image">
                        <posx>0</posx>
                        <posy>0</posy>
                        <width>408</width>
                        <height>253</height>
                        <aspectratio>scale</aspectratio>
                        <include>EpisodeThumb</include>
                        <include>ThumbBorder</include>
                    </control>
                    <control type="label">
                        <posx>27</posx>
                        <posy>225</posy>
                        <width>353</width>
                        <height>70</height>
                        <align>center</align>
                        <textcolor>ListNoFocusColor</textcolor>
                        <font>FacadePanelFont</font>
                        <label>$INFO[ListItem.Label]</label>
                        <scroll>false</scroll>
                    </control>
                    <control type="image">
                        <posx>350</posx>
                        <posy>195</posy>
                        <width>28</width>
                        <height>28</height>
                        <texture>$VAR[Overlay]</texture>
                    </control>
                </itemlayout>
                <focusedlayout condition="container.content(episodes)" height="283" width="405">
                    <control type="image">
                        <posx>0</posx>
                        <posy>0</posy>
                        <width>408</width>
                        <height>253</height>
                        <aspectratio>scale</aspectratio>
                        <include>EpisodeThumb</include>
                        <include>ThumbBorderOverlay</include>
                    </control>
                    <control type="label">
                        <posx>27</posx>
                        <posy>225</posy>
                        <width>353</width>
                        <height>70</height>
                        <align>center</align>
                        <textcolor>ListFocusColor</textcolor>
                        <font>FacadePanelFont</font>
                        <label>$INFO[ListItem.Label]</label>
                    </control>
                    <control type="image">
                        <posx>350</posx>
                        <posy>195</posy>
                        <width>28</width>
                        <height>28</height>
                        <texture>$VAR[Overlay]</texture>
                    </control>
                </focusedlayout>
                <itemlayout condition="![Container.Content(musicvideos) |Container.Content(tvshows) | Container.Content(Movies) | container.content(seasons) | container.content(episodes)|Container.Content(sets)]" height="283" width="297">
                    <control type="image">
                        <posx>35</posx>
                        <posy>13</posy>
                        <width>263</width>
                        <height>250</height>
                        <include>SquareThumb</include>
                        <include>ThumbBorder</include>
                    </control>
                    <control type="label">
                        <posx>51</posx>
                        <posy>235</posy>
                        <width>230</width>
                        <height>70</height>
                        <align>center</align>
                        <textcolor>ListNoFocusColor</textcolor>
                        <font>FacadePanelFont</font>
                        <label>$INFO[ListItem.Label]</label>
                        <scroll>false</scroll>
                    </control>
                    <control type="image">
                        <posx>19</posx>
                        <posy>258</posy>
                        <width>28</width>
                        <height>28</height>
                        <texture>$VAR[Overlay]</texture>
                    </control>
                </itemlayout>
                <focusedlayout condition="![Container.Content(musicvideos) |Container.Content(tvshows) | Container.Content(Movies) | container.content(seasons) | container.content(episodes)|Container.Content(sets)]" height="283" width="297">
                    <control type="image">
                        <posx>35</posx>
                        <posy>13</posy>
                        <width>263</width>
                        <height>250</height>
                        <include>SquareThumb</include>
                        <include>ThumbBorderOverlay</include>
                    </control>
                    <control type="label">
                        <posx>51</posx>
                        <posy>235</posy>
                        <width>230</width>
                        <height>70</height>
                        <align>center</align>
                        <textcolor>ListFocusColor</textcolor>
                        <font>FacadePanelFont</font>
                        <label>$INFO[ListItem.Label]</label>
                    </control>
                    <control type="image">
                        <posx>19</posx>
                        <posy>258</posy>
                        <width>28</width>
                        <height>28</height>
                        <texture>$VAR[Overlay]</texture>
                    </control>
                </focusedlayout>
            </control>
            <control type="label">
                <include>FacadeNumItems</include>
                <label>$INFO[Container.NumItems] $LOCALIZE[31025]</label>
            </control>
            <control type="scrollbar" id="60">
                <animation effect="slide" start="0,0" end="-8,0" time="150">Focus</animation>
                <animation effect="slide" start="-8,0" end="0,0" time="300">UnFocus</animation>
                <posx>1899</posx>
                <posy>150</posy>
                <height>858</height>
                <include>VerticalScroller</include>
                <onleft>55</onleft>
                <onright>505050</onright>
            </control>
        </control>
    </include>
    <include name="DetatchedThumb_55">
        <control type="group">
            <visible>Control.IsVisible(55)</visible>
            <include>Icon_Fade</include>
            <!-- CDART MUSIC -->
            <include name="DiscArt">
                <param name="visible" value="!IsEmpty(ListItem.Thumb)+[Container.content(albums)|Container.content(songs)]"/>
                <param name="x" value="91"/>
                <param name="y" value="540"/>
                <param name="width" value="506"/>
                <param name="height" value="506"/>
                <param name="texture" value="$VAR[MusicCdArt]"/>
            </include>
            <!-- CDART VIDEO -->
            <include name="DiscArt">
                <param name="visible" value="!IsEmpty(ListItem.Thumb)+[Container.content(movies)|Container.content(MusicVideos)|Window.IsVisible(MyVideoPlaylist.xml)]"/>
                <param name="x" value="51"/>
                <param name="y" value="588"/>
                <param name="width" value="374"/>
                <param name="height" value="374"/>
                <param name="texture" value="$VAR[VideoCdArt]"/>
            </include>
            <control type="image">
                <posx>18</posx>
                <posy>158</posy>
                <width>660</width>
                <height>654</height>
                <include>DetatchedThumb</include>
            </control>X
        </control>
    </include>
</includes>
