<?xml version="1.0" encoding="utf-8"?>
<includes>
    <include name="ScrollOffsetLabel_52">
        <control type="group">
            <left>1275</left>
            <top>61</top>
            <include>ScrollOffsetLabel</include>
        </control>
    </include>
    <include name="Info_52_BigList">
        <control type="group" id="50100">
            <include>SlideView</include>
            <include>HideMediaInfo</include>
            <visible>Control.IsVisible(52)+
                ![
                IsEmpty(ListItem.Property(Artist_Description))+
                IsEmpty(ListItem.Property(Addon.Description))+
                IsEmpty(ListItem.Property(Album_Description))+
                IsEmpty(ListItem.Plot)
                ]
                +!Container.Content(songs)</visible>
            <include>Icon_Fade</include>
            <posy>37</posy>
            <control type="image">
                <posx>-795</posx>
                <posy>94</posy>
                <width>2058</width>
                <height>1160</height>
                <include condition="!Skin.HasSetting(BlackGlassMode)">bg_tvguide</include>
                <include condition="Skin.HasSetting(BlackGlassMode)">bg_tvguide_BG</include>
            </control>
            <control type="image">
                <posx>242</posx>
                <posy>143</posy>
                <height>1200</height>
                <width>250</width>
                <texture>list/bg_strip_horizontal_left.png</texture>
                <colordiffuse>90ffffff</colordiffuse>
            </control>
            <control type="image">
                <posx>493</posx>
                <posy>143</posy>
                <width>2</width>
                <height>1200</height>
                <texture>list/bg_facade_vertical.png</texture>
            </control>
            <!-- CDART MUSIC -->
            <include name="DiscArt">
                <param name="visible" value="!IsEmpty(ListItem.Thumb)+[Container.content(albums)|Container.content(songs)]"/>
                <param name="x" value="45"/>
                <param name="y" value="398"/>
                <param name="width" value="416"/>
                <param name="height" value="416"/>
                <param name="texture" value="$VAR[MusicCdArt]"/>
            </include>
            <!-- CDART VIDEO -->
            <include name="DiscArt">
                <param name="visible" value="!IsEmpty(ListItem.Thumb)+[Container.content(movies)|Container.content(MusicVideos)|Window.IsVisible(MyVideoPlaylist.xml)]"/>
                <param name="x" value="51"/>
                <param name="y" value="588"/>
                <param name="width" value="404"/>
                <param name="height" value="404"/>
                <param name="texture" value="$VAR[VideoCdArt]"/>
            </include>
            <control type="image">
                <posx>18</posx>
                <posy>151</posy>
                <width>470</width>
                <height>654</height>
                <aspectratio aligny="top" scalediffuse="false">keep</aspectratio>
                <include>PosterThumb</include>
                <include>ThumbBorder</include>
            </control>
            <control type="group">
                <posx>495</posx>
                <posy>170</posy>
                <control type="group">
                    <visible>![Skin.HasSetting(plexbmc)+window.isvisible(MyMusicSongs.xml)]</visible>
                    <control type="label">
                        <posx>TextMargin</posx>
                        <posy>-12</posy>
                        <width>630</width>
                        <height>71</height>
                        <font>InfoTitleFont</font>
                        <textcolor>MainColor</textcolor>
                        <align>left</align>
                        <label>$INFO[ListItem.Label]</label>
                    </control>
                    <control type="image">
                        <posx>0</posx>
                        <posy>0</posy>
                        <width>721</width>
                        <height>73</height>
                        <texture border="3">list/bg_facade_nofocus_top.png</texture>
                    </control>
                    <control type="group">
                        <visible>!Container.Content(Addons)</visible>
                        <control type="image">
                            <posx>TextMargin</posx>
                            <posy>92</posy>
                            <include>Stars</include>
                        </control>
                        <control type="label">
                            <posx>245</posx>
                            <posy>73</posy>
                            <width>460</width>
                            <height>71</height>
                            <font>InfoRatingFont</font>
                            <textcolor>AlternateColor</textcolor>
                            <label fallback="416">$INFO[ListItem.Rating]</label>
                        </control>
                    </control>
                    <control type="group">
                        <visible>Container.Content(Addons)</visible>
                        <control type="label">
                            <posx>TextMargin</posx>
                            <posy>73</posy>
                            <width>631</width>
                            <height>71</height>
                            <font>InfoDetailsFont</font>
                            <textcolor>AlternateColor</textcolor>
                            <label>$INFO[ListItem.Property(Addon.Version),$LOCALIZE[24051] ]</label>
                        </control>
                    </control>
                    <control type="image">
                        <posx>0</posx>
                        <posy>73</posy>
                        <width>721</width>
                        <height>73</height>
                        <texture border="3">list/bg_facade_nofocus_top.png</texture>
                    </control>
                    <control type="label">
                        <posx>TextMargin</posx>
                        <posy>146</posy>
                        <width>630</width>
                        <height>71</height>
                        <font>InfoDetailsFont</font>
                        <textcolor>MainColor</textcolor>
                        <label>$VAR[Details_TVShows_Extended]</label>
                    </control>
                    <control type="image">
                        <posx>0</posx>
                        <posy>146</posy>
                        <width>721</width>
                        <height>73</height>
                        <texture border="3">list/bg_facade_nofocus_top.png</texture>
                    </control>
                    <control type="label">
                        <posx>TextMargin</posx>
                        <posy>219</posy>
                        <width>631</width>
                        <height>71</height>
                        <font>InfoDetailsFont</font>
                        <textcolor>AlternateColor</textcolor>
                        <label fallback="416">$VAR[Details2]</label>
                    </control>
                    <control type="image">
                        <posx>0</posx>
                        <posy>219</posy>
                        <width>721</width>
                        <height>73</height>
                        <texture border="3">list/bg_facade_nofocus_top.png</texture>
                    </control>
                    <control type="textbox">
                        <visible>![Container.Content(movies)|Container.Content(episodes)|Container.Content(musicvideos)]</visible>
                        <posx>TextMargin</posx>
                        <posy>310</posy>
                        <width>631</width>
                        <height>520</height>
                        <font>InfoPlotFont</font>
                        <textcolor>MainColor</textcolor>
                        <label>$VAR[Plots]</label>
                        <pagecontrol>6062</pagecontrol>
                    </control>
                    <control type="scrollbar" id="6062">
                        <visible>![Container.Content(movies)|Container.Content(episodes)|Container.Content(musicvideos)]+Skin.HasSetting(ManualScroll)</visible>
                        <posx>689</posx>
                        <posy>310</posy>
                        <height>520</height>
                        <include>VerticalScroller</include>
                        <onleft>9000</onleft>
                        <onright>52</onright>
                    </control>
                    <control type="group">
                        <visible>[Container.Content(movies)|Container.Content(episodes)|Container.Content(musicvideos)]</visible>
                        <control type="textbox">
                            <posx>TextMargin</posx>
                            <posy>310</posy>
                            <width>631</width>
                            <height>440</height>
                            <font>InfoPlotFont</font>
                            <textcolor>MainColor</textcolor>
                            <label>$VAR[Plots]</label>
                            <pagecontrol>6062</pagecontrol>
                        </control>
                        <control type="scrollbar" id="6062">
                            <visible>Skin.HasSetting(ManualScroll)</visible>
                            <posx>689</posx>
                            <posy>310</posy>
                            <height>440</height>
                            <include>VerticalScroller</include>
                            <onleft>9000</onleft>
                            <onright>52</onright>
                        </control>
                        <control type="image">
                            <posx>0</posx>
                            <posy>696</posy>
                            <width>721</width>
                            <height>73</height>
                            <texture border="3">list/bg_facade_nofocus_top.png</texture>
                        </control>
                        <control type="grouplist">
                            <posx>35</posx>
                            <posy>791</posy>
                            <width min="90" max="967">auto</width>
                            <height>90</height>
                            <itemgap>-8</itemgap>
                            <orientation>horizontal</orientation>
                            <align>left</align>
                            <aligny>center</aligny>
                            <include>CodecsView</include>
                        </control>
                    </control>
                </control>
                <control type="group">
                    <visible>[Skin.HasSetting(plexbmc)+window.isvisible(MyMusicSongs.xml)]</visible>
                    <control type="label">
                        <posx>TextMargin</posx>
                        <posy>-12</posy>
                        <width>630</width>
                        <height>71</height>
                        <font>InfoTitleFont</font>
                        <textcolor>MainColor</textcolor>
                        <align>left</align>
                        <label>$INFO[ListItem.Label]</label>
                    </control>
                    <control type="image">
                        <posx>0</posx>
                        <posy>0</posy>
                        <width>721</width>
                        <height>73</height>
                        <texture border="3">list/bg_facade_nofocus_top.png</texture>
                    </control>
                    <control type="textbox">
                        <posx>TextMargin</posx>
                        <posy>95</posy>
                        <width>630</width>
                        <height>760</height>
                        <font>InfoPlotFont</font>
                        <textcolor>AlternateBrightColor</textcolor>
                        <label>$VAR[Plots]</label>
                        <pagecontrol>6062</pagecontrol>
                    </control>
                    <control type="scrollbar" id="6062">
                        <visible>Skin.HasSetting(ManualScroll)</visible>
                        <posx>689</posx>
                        <posy>95</posy>
                        <height>760</height>
                        <include>VerticalScroller</include>
                        <onleft>9000</onleft>
                        <onright>52</onright>
                    </control>
                </control>
            </control>
        </control>
    </include>
    <include name="View_52_BigList">
        <control type="group">
            <visible>Control.IsVisible(52)</visible>
            <include>Icon_Fade</include>
            <include name="ClearArtLogo">
                <param name="x" value="1010r"/>
                <param name="y" value="10"/>
                <param name="width" value="300"/>
                <param name="height" value="155"/>
                <param name="visible" value="true"/>
                <param name="align" value="right"/>
                <param name="aligny" value="bottom"/>
            </include>
            <include name="StudioArt">
                <param name="x" value="1310r"/>
                <param name="y" value="25"/>
                <param name="width" value="300"/>
                <param name="height" value="140"/>
                <param name="visible" value="true"/>
                <param name="align" value="left"/>
                <param name="aligny" value="bottom"/>
            </include>
            <control type="group">
                <include>SlideViewUnknown</include>
                <include>SlideView</include>
                <include>ScrollOffsetLabel_52</include>
                <control type="image">
                    <posx>1224</posx>
                    <posy>131</posy>
                    <width>1522</width>
                    <height>1160</height>
                    <include condition="!Skin.HasSetting(BlackGlassMode)">bg_tvguide</include>
                    <include condition="Skin.HasSetting(BlackGlassMode)">bg_tvguide_BG</include>
                </control>
                <control type="image">
                    <posx>1260</posx>
                    <posy>134</posy>
                    <width>1440</width>
                    <height>73</height>
                    <texture border="3">list/bg_facade_nofocus_top.png</texture>
                </control>
                <control type="image">
                    <visible>!IntegerGreaterThan(Container(52).NumItems,10)</visible>
                    <posx>1260</posx>
                    <posy>937</posy>
                    <width>1440</width>
                    <height>73</height>
                    <texture border="3">list/bg_facade_nofocus_top.png</texture>
                </control>
                <control type="list" id="52">
                    <visible>[[StringCompare(Window(Home).Property(SkinHelper.ForcedView),52) | IsEmpty(Window(Home).Property(SkinHelper.ForcedView))] + !Skin.HasSetting(plexbmc)] | Skin.HasSetting(plexbmc)</visible>
                    <viewtype label="31091">Large List</viewtype>
                    <posx>1260</posx>
                    <posy>207</posy>
                    <width>1440</width>
                    <height>803</height>
                    <pagecontrol>60</pagecontrol>
                    <onleft>6062</onleft>
                    <onright>60</onright>
                    <onup>52</onup>
                    <ondown>52</ondown>
                    <preloaditems>4</preloaditems>
                    <include>List_Layout</include>
                </control>
            </control>
            <control type="label">
                <include>FacadeNumItems</include>
                <label>$INFO[Container.NumItems] $LOCALIZE[31025]</label>
            </control>
            <control type="scrollbar" id="60">
                <visible allowhiddenfocus="true">IntegerGreaterThan(Container(52).NumItems,10)</visible>
                <animation effect="slide" start="0,0" end="-8,0" time="150">Focus</animation>
                <animation effect="slide" start="-8,0" end="0,0" time="300">UnFocus</animation>
                <posx>1899</posx>
                <posy>207</posy>
                <height>803</height>
                <include>VerticalScroller</include>
                <onleft>52</onleft>
                <onright>505050</onright>
            </control>
        </control>
    </include>
    <include name="DetatchedThumb_52">
        <control type="group">
            <visible>Control.IsVisible(52)</visible>
            <include>Icon_Fade</include>
            <!-- CDART MUSIC -->
            <include name="DiscArt">
                <param name="visible" value="!IsEmpty(ListItem.Thumb)+[Container.content(albums)|Container.content(songs)]"/>
                <param name="x" value="51"/>
                <param name="y" value="428"/>
                <param name="width" value="374"/>
                <param name="height" value="374"/>
                <param name="texture" value="$VAR[MusicCdArt]"/>
            </include>
            <!-- CDART VIDEO -->
            <include name="DiscArt">
                <param name="visible" value="!IsEmpty(ListItem.Thumb)+[Container.content(movies)|Container.content(MusicVideos)|Window.IsVisible(MyVideoPlaylist.xml)]"/>
                <param name="x" value="51"/>
                <param name="y" value="618"/>
                <param name="width" value="374"/>
                <param name="height" value="374"/>
                <param name="texture" value="$VAR[VideoCdArt]"/>
            </include>
            <control type="image">
                <posx>18</posx>
                <posy>188</posy>
                <width>440</width>
                <height>654</height>
                <include>DetatchedThumb</include>
            </control>X
        </control>
    </include>
</includes>
