<?xml version="1.0" encoding="UTF-8" standalone="yes"?>
<addon id="plugin.program.senyorwizard" name="senyor wizard" version="1.0.9" provider-name="kodi senyor">
  <requires>
    <import addon="xbmc.python" version="2.1.0"/>
	<import addon="script.module.addon.common" />
  </requires>
  <extension point="xbmc.python.pluginsource" library="default.py">
        <provides>executable</provides>
  </extension>
  <extension point="xbmc.addon.metadata">
    <summary lang="en">senyor Wizard</summary>
    <description lang="he">הרחבה ייחודית של קודי סניור המאפשרת התקנת הרחבות והגדרות מערכת בקליק אחד</description>
    <disclaimer lang="en">The author does not host or distribute any of the content displayed by this addon or have any affiliation with the website owners</disclaimer>
	<platform>all</platform>
  </extension>
</addon>
