<?xml version="1.0" encoding="utf-8"?>
<window>
    <defaultcontrol always="true">21</defaultcontrol>
    <include>DialogOpenClose</include>
    <controls>
        <control type="group">
            <posx>0</posx>
            <posy>-65</posy>
            <!--<include>DimBG</include>-->
            <control type="group">
                <include condition="Skin.HasSetting(BlackGlassMode)+!Skin.HasSetting(DisableSlidingAnimations)">OpenCloseSlideRight</include>
                <include name="WindowClosingButton">
                    <param name="id" value="0"/>
                    <param name="x" value="1337"/>
                    <param name="y" value="276"/>
                </include>
                <control type="image">
                    <posx>533</posx>
                    <posy>280</posy>
                    <width>854</width>
                    <height>650</height>
                    <texture border="94">common/bg_dialog.png</texture>
                </control>
                <control type="group">
                    <posx>528</posx>
                    <posy>317</posy>
                    <control type="label" id="1">
                        <posx>95</posx>
                        <posy>18</posy>
                        <width>674</width>
                        <height>100</height>
                        <font>InfoTitleFont</font>
                        <textcolor>MainColor</textcolor>
                        <align>center</align>
                    </control>
                    <control type="image">
                        <posx>50</posx>
                        <posy>38</posy>
                        <width>764</width>
                        <height>79</height>
                        <texture>list/bg_facade_nofocus_top.png</texture>
                    </control>
                </control>
                <control type="image">
                    <posx>617</posx>
                    <posy>460</posy>
                    <width>689</width>
                    <height>75</height>
                    <texture border="35">buttons/bg_button_text_focus.png</texture>
                </control>
                <control type="group">
                    <posx>150</posx>
                    <posy>150</posy>
                    <control type="label" id="4">
                        <posx>490</posx>
                        <posy>316</posy>
                        <width>945</width>
                        <height>60</height>
                        <textcolor>MainColor</textcolor>
                        <font>ButtonFont</font>
                    </control>
                    <control type="group">
                        <posx>460</posx>
                        <posy>400</posy>
                        <control type="button" id="11">
                            <description>1 button</description>
                            <posx>0</posx>
                            <posy>0</posy>
                            <label>$LOCALIZE[12311]</label>
                            <onleft>22</onleft>
                            <onright>12</onright>
                            <onup>10</onup>
                            <ondown>14</ondown>
                            <include>KeyboardButtons</include>
                        </control>
                        <control type="button" id="12">
                            <description>2 button</description>
                            <posx>90</posx>
                            <posy>0</posy>
                            <label>$LOCALIZE[12312]</label>
                            <onleft>11</onleft>
                            <onright>13</onright>
                            <onup>10</onup>
                            <ondown>15</ondown>
                            <include>KeyboardButtons</include>
                        </control>
                        <control type="button" id="13">
                            <description>3 button</description>
                            <posx>180</posx>
                            <posy>0</posy>
                            <label>$LOCALIZE[12313]</label>
                            <onleft>12</onleft>
                            <onright>23</onright>
                            <onup>19</onup>
                            <ondown>16</ondown>
                            <include>KeyboardButtons</include>
                        </control>
                        <control type="button" id="14">
                            <description>4 button</description>
                            <posx>0</posx>
                            <posy>72</posy>
                            <label>$LOCALIZE[12314]</label>
                            <onleft>21</onleft>
                            <onright>15</onright>
                            <onup>11</onup>
                            <ondown>17</ondown>
                            <include>KeyboardButtons</include>
                        </control>
                        <control type="button" id="15">
                            <description>5 button</description>
                            <posx>90</posx>
                            <posy>72</posy>
                            <label>$LOCALIZE[12315]</label>
                            <onleft>14</onleft>
                            <onright>16</onright>
                            <onup>12</onup>
                            <ondown>18</ondown>
                            <include>KeyboardButtons</include>
                        </control>
                        <control type="button" id="16">
                            <description>6 button</description>
                            <posx>180</posx>
                            <posy>72</posy>
                            <label>$LOCALIZE[12316]</label>
                            <onleft>15</onleft>
                            <onright>21</onright>
                            <onup>13</onup>
                            <ondown>19</ondown>
                            <include>KeyboardButtons</include>
                        </control>
                        <control type="button" id="17">
                            <description>7 button</description>
                            <posx>0</posx>
                            <posy>144</posy>
                            <label>$LOCALIZE[12317]</label>
                            <onleft>21</onleft>
                            <onright>18</onright>
                            <onup>14</onup>
                            <ondown>10</ondown>
                            <include>KeyboardButtons</include>
                        </control>
                        <control type="button" id="18">
                            <description>8 button</description>
                            <posx>90</posx>
                            <posy>144</posy>
                            <label>$LOCALIZE[12318]</label>
                            <onleft>17</onleft>
                            <onright>19</onright>
                            <onup>15</onup>
                            <ondown>10</ondown>
                            <include>KeyboardButtons</include>
                        </control>
                        <control type="button" id="19">
                            <description>9 button</description>
                            <posx>180</posx>
                            <posy>144</posy>
                            <label>$LOCALIZE[12319]</label>
                            <onleft>18</onleft>
                            <onright>21</onright>
                            <onup>16</onup>
                            <ondown>10</ondown>
                            <include>KeyboardButtons</include>
                        </control>
                        <control type="button" id="10">
                            <description>0 button</description>
                            <posx>90</posx>
                            <posy>216</posy>
                            <label>$LOCALIZE[12310]</label>
                            <onleft>20</onleft>
                            <onright>21</onright>
                            <onup>18</onup>
                            <ondown>12</ondown>
                            <include>KeyboardButtons</include>
                        </control>
                        <control type="group">
                            <posx>305</posx>
                            <control type="button" id="23">
                                <description>BACKSPACE button</description>
                                <posx>0</posx>
                                <posy>0</posy>
                                <onleft>13</onleft>
                                <onright>20</onright>
                                <onup>21</onup>
                                <ondown>21</ondown>
                                <width>120</width>
                                <include>KeyboardButtons</include>
                            </control>
                            <control type="image">
                                <posx>9</posx>
                                <posy>2</posy>
                                <width>99</width>
                                <aspectratio>keep</aspectratio>
                                <include>KeyboardButtons</include>
                                <texture>common/KeyButtonDel.png</texture>
                            </control>
                            <control type="button" id="20">
                                <description>previous button</description>
                                <posx>230</posx>
                                <posy>0</posy>
                                <label>&lt;</label>
                                <onleft>23</onleft>
                                <onright>22</onright>
                                <onup>21</onup>
                                <ondown>21</ondown>
                                <include>KeyboardButtons</include>
                            </control>
                            <control type="button" id="22">
                                <description>next button</description>
                                <posx>310</posx>
                                <posy>0</posy>
                                <label>&gt;</label>
                                <onleft>20</onleft>
                                <onright>11</onright>
                                <onup>21</onup>
                                <ondown>21</ondown>
                                <include>KeyboardButtons</include>
                            </control>
                            <control type="button" id="21">
                                <posx>0</posx>
                                <posy>216</posy>
                                <width>400</width>
                                <label>[UPPERCASE]$LOCALIZE[20177][/UPPERCASE]</label>
                                <onleft>10</onleft>
                                <onright>10</onright>
                                <onup>23</onup>
                                <ondown>23</ondown>
                                <include>KeyboardButtons</include>
                            </control>
                        </control>
                    </control>
                </control>
            </control>
        </control>
    </controls>
</window>
