<?xml version="1.0" encoding="utf-8"?>
<window>
    <defaultcontrol>61</defaultcontrol>
    <include>DialogOpenClose</include>
    <controls>
        <include>DimBG</include>
        <control type="group">
            <include condition="Skin.HasSetting(BlackGlassMode)+!Skin.HasSetting(DisableSlidingAnimations)">OpenCloseSlideRight</include>
            <posy>-260</posy>
            <include name="WindowClosingButton">
                <param name="id" value="0"/>
                <param name="x" value="1437"/>
                <param name="y" value="276"/>
            </include>
            <control type="image">
                <posx>433</posx>
                <posy>280</posy>
                <width>1054</width>
                <height>1040</height>
                <texture border="94">common/bg_dialog.png</texture>
            </control>
            <control type="group">
                <posx>478</posx>
                <posy>317</posy>
                <control type="label" id="1">
                    <posx>45</posx>
                    <posy>18</posy>
                    <width>874</width>
                    <height>100</height>
                    <font>InfoTitleFont</font>
                    <textcolor>MainColor</textcolor>
                    <align>center</align>
                </control>
                <control type="image">
                    <posx>0</posx>
                    <posy>38</posy>
                    <width>964</width>
                    <height>79</height>
                    <texture>list/bg_facade_nofocus_top.png</texture>
                </control>
                <control type="textbox" id="5">
                    <posx>45</posx>
                    <posy>127</posy>
                    <width>874</width>
                    <height>800</height>
                    <font>InfoPlotFont</font>
                    <align>justify</align>
                    <pagecontrol>61</pagecontrol>
                </control>
                <control type="scrollbar" id="61">
                    <posx>933</posx>
                    <posy>127</posy>
                    <height>800</height>
                    <include>VerticalScroller</include>
                    <onleft>5</onleft>
                    <onright>5</onright>
                </control>
            </control>
        </control>
    </controls>
</window>
