<?xml version="1.0" encoding="utf-8"?>
<window type="dialog">
    <defaultcontrol always="true">9000</defaultcontrol>
    <include>DialogOpenClose</include>
    <onload condition="Container.Content(artists)">RunScript(script.extendedinfo,info=artistdetails,artistname='$ESCINFO[ListItem.Artist]',silent=False)</onload>
    <onload condition="Container.Content(albums)">RunScript(script.extendedinfo,info=artistdetails,info=albuminfo,artistname='$ESCINFO[ListItem.Artist]',albumname='$ESCINFO[ListItem.Album]',silent=False)</onload>
    <controls>
        <include>DimBG</include>
        <control type="group">
            <include condition="Skin.HasSetting(BlackGlassMode)+!Skin.HasSetting(DisableSlidingAnimations)">OpenCloseSlideRight</include>
            <posy>-219</posy>
            <include name="WindowClosingButton">
                <param name="id" value="0"/>
                <param name="x" value="1773"/>
                <param name="y" value="240"/>
            </include>
            <control type="image">
                <posx>133</posx>
                <posy>244</posy>
                <width>1654</width>
                <height>1029</height>
                <texture border="90">common/bg_dialog.png</texture>
            </control>
            <control type="image">
                <posx>178</posx>
                <posy>292</posy>
                <width>1564</width>
                <height>90</height>
                <texture border="3">list/bg_facade_nofocus_top.png</texture>
            </control>
            <control type="label">
                <visible>!container.content(artists)</visible>
                <posx>223</posx>
                <posy>323</posy>
                <height>36</height>
                <width>1474</width>
                <align>center</align>
                <font>InfoTitleFont</font>
                <textcolor>MainColor</textcolor>
                <label>$INFO[Listitem.Album]</label>
            </control>
            <control type="label">
                <visible>container.content(artists)</visible>
                <posx>223</posx>
                <posy>323</posy>
                <height>36</height>
                <width>1474</width>
                <align>center</align>
                <font>InfoTitleFont</font>
                <textcolor>MainColor</textcolor>
                <label>$INFO[Listitem.Artist]</label>
            </control>
            <control type="image">
                <posx>1309</posx>
                <posy>382</posy>
                <width>2</width>
                <height>841</height>
                <texture>list/bg_facade_vertical.png</texture>
            </control>
            <control type="image">
                <posx>1309</posx>
                <posy>382</posy>
                <height>841</height>
                <width>375</width>
                <texture flipx="true">list/bg_strip_horizontal_left.png</texture>
                <colordiffuse>90ffffff</colordiffuse>
            </control>
            <control type="grouplist" id="9000">
                <posx>1309</posx>
                <posy>382</posy>
                <width>433</width>
                <height>438</height>
                <itemgap>0</itemgap>
                <orientation>vertical</orientation>
                <onleft>49</onleft>
                <onright>9600</onright>
                <onup>50</onup>
                <ondown>9000</ondown>
                <scrolltime>200</scrolltime>
                <pagecontrol>9600</pagecontrol>
                <control type="button" id="500">
                    <visible>container.content(artists)</visible>
                    <description>Biography</description>
                    <include>RightDialogButton</include>
                    <label>21887</label>
                    <onleft>49</onleft>
                </control>
                <control type="button" id="501">
                    <visible>container.content(albums)</visible>
                    <description>Review</description>
                    <include>RightDialogButton</include>
                    <label>183</label>
                    <onleft>49</onleft>
                </control>
                <control type="button" id="502">
                    <visible>!System.HasAddon(script.extendedinfo)</visible>
                    <visible>container.content(artists)</visible>
                    <description>Discography</description>
                    <include>RightDialogButton</include>
                    <label>21888</label>
                    <onleft>50</onleft>
                </control>
                <control type="button" id="503">
                    <visible>container.content(albums)</visible>
                    <description>Tracks</description>
                    <include>RightDialogButton</include>
                    <label>182</label>
                    <onleft>50</onleft>
                </control>
                <control type="button" id="504">
                    <visible>System.HasAddon(script.extendedinfo)</visible>
                    <!--<visible>IntegerGreaterThan(Container(5041).NumItems,0)</visible>-->
                    <visible>container.content(artists)</visible>
                    <description>Discography ExtendedInfo</description>
                    <include>RightDialogButton</include>
                    <label>21888</label>
                    <onleft>5041</onleft>
                </control>
                <!--<control type="button" id="509">-->
                    <!--<visible>System.HasAddon(script.extendedinfo)</visible>-->
                    <!--&lt;!&ndash;<visible>IntegerGreaterThan(Container(5091).NumItems,0)</visible>&ndash;&gt;-->
                    <!--<visible>container.content(artists)</visible>-->
                    <!--<description>Twitter Shouts ExtendedInfo</description>-->
                    <!--<include>RightDialogButton</include>-->
                    <!--<label>Twitter</label>-->
                    <!--<onleft>5091</onleft>-->
                <!--</control>-->
                <!--<control type="button" id="505">-->
                    <!--<visible>System.HasAddon(script.extendedinfo)</visible>-->
                    <!--&lt;!&ndash;<visible>IntegerGreaterThan(Container(5051).NumItems,0)</visible>&ndash;&gt;-->
                    <!--<visible>container.content(artists)</visible>-->
                    <!--<description>Concerts ExtendedInfo</description>-->
                    <!--<include>RightDialogButton</include>-->
                    <!--<label>31971</label>-->
                    <!--<onleft>5051</onleft>-->
                <!--</control>-->
                <!--<control type="button" id="506">-->
                    <!--<visible>System.HasAddon(script.extendedinfo)</visible>-->
                    <!--<visible>container.content(artists)</visible>-->
                    <!--<description>Similar Artists ExtendedInfo</description>-->
                    <!--<include>RightDialogButton</include>-->
                    <!--<label>31942</label>-->
                    <!--<onright>5061</onright>-->
                <!--</control>-->
                <control type="button" id="507">
                    <visible>System.HasAddon(script.extendedinfo)</visible>
                    <!--<visible>IntegerGreaterThan(Container(5071).NumItems,0)</visible>-->
                    <visible>container.content(artists)</visible>
                    <description>MusicVideos ExtendedInfo</description>
                    <include>RightDialogButton</include>
                    <label>20389</label>
                    <onleft>5071</onleft>
                </control>
                <control type="button" id="508">
                    <visible>System.HasAddon(script.extendedinfo)</visible>
                    <!--<visible>IntegerGreaterThan(Container(5081).NumItems,0)</visible>-->
                    <!--<visible>container.content(artists)</visible>-->
                    <description>Youtube ExtendedInfo</description>
                    <include>RightDialogButton</include>
                    <label>$ADDON[script.extendedinfo 32118]</label>
                    <onleft>5081</onleft>
                </control>
                <control type="button" id="10">
                    <description>Get Thumb</description>
                    <include>RightDialogButton</include>
                    <label>13405</label>
                    <onleft>49</onleft>
                </control>
                <control type="button" id="12">
                    <visible>container.content(artists)</visible>
                    <description>Get Fanart</description>
                    <include>RightDialogButton</include>
                    <label>20413</label>
                    <onleft>121</onleft>
                </control>
                <control type="button" id="6">
                    <description>Refresh</description>
                    <include>RightDialogButton</include>
                    <label>184</label>
                    <onleft>49</onleft>
                </control>
            </control>
            <control type="scrollbar" id="9600">
                <posx>1711</posx>
                <posy>382</posy>
                <height>438</height>
                <include>VerticalScroller</include>
                <onleft>9000</onleft>
                <onright>9600</onright>
            </control>
            <!--BIOGRAPHY REVIEW-->
            <control type="group" id="5000">
                <!--<visible>![Control.HasFocus(503)|-->
                    <!--Control.HasFocus(502)|-->
                    <!--Control.HasFocus(504)|-->
                    <!--Control.HasFocus(505)|-->
                    <!--Control.HasFocus(506)|-->
                    <!--Control.HasFocus(507)|-->
                    <!--Control.HasFocus(508)|-->
                    <!--Control.HasFocus(509)|-->
                    <!--ControlGroup(5020).HasFocus|-->
                    <!--ControlGroup(5040).HasFocus|-->
                    <!--ControlGroup(5050).HasFocus|-->
                    <!--ControlGroup(5060).HasFocus|-->
                    <!--ControlGroup(5070).HasFocus|-->
                    <!--ControlGroup(5080).HasFocus|-->
                    <!--ControlGroup(5090).HasFocus]</visible>-->
                <visible>![Control.HasFocus(503)|
                    Control.HasFocus(502)|
                    Control.HasFocus(504)|
                    Control.HasFocus(507)|
                    Control.HasFocus(508)|
                    ControlGroup(5020).HasFocus|
                    ControlGroup(5040).HasFocus|
                    ControlGroup(5070).HasFocus|
                    ControlGroup(5080).HasFocus]</visible>
                <include>VisibleFadeEffectDelay</include>
                <!-- CDART MUSIC -->
                <include name="DiscArt">
                    <param name="visible" value="!IsEmpty(ListItem.Thumb)+[Container.content(albums)|Container.content(songs)]"/>
                    <param name="x" value="1540"/>
                    <param name="y" value="865"/>
                    <param name="width" value="316"/>
                    <param name="height" value="316"/>
                    <param name="texture" value="$VAR[MusicCdArt]"/>
                </include>
                <control type="image">
                    <posx>1342</posx>
                    <posy>838</posy>
                    <width>370</width>
                    <height>370</height>
                    <include>SquareThumb</include>
                    <include>ThumbBorder</include>
                </control>
                <control type="group">
                    <visible>container.content(Albums)</visible>
                    <posx>178</posx>
                    <posy>382</posy>
                    <include>VisibleFadeEffect</include>
                    <control type="panel" id="49">
                        <posx>0</posx>
                        <posy>0</posy>
                        <width>1131</width>
                        <height>365</height>
                        <onright>60</onright>
                        <ondown>6060</ondown>
                        <pagecontrol>60</pagecontrol>
                        <scrolltime>200</scrolltime>
                        <itemlayout height="73" width="1131">
                            <control type="image">
                                <posx>0</posx>
                                <posy>0</posy>
                                <height>73</height>
                                <width>1131</width>
                                <texture border="3">list/bg_facade_nofocus.png</texture>
                            </control>
                            <control type="label">
                                <posx>TextMargin</posx>
                                <posy>2</posy>
                                <height>28</height>
                                <width>1041</width>
                                <font>FacadeListSubFont</font>
                                <textcolor>SublistFocusColor</textcolor>
                                <label>$INFO[ListItem.Label]</label>
                                <scroll>false</scroll>
                            </control>
                            <control type="label">
                                <posx>TextMargin</posx>
                                <posy>26</posy>
                                <height>42</height>
                                <width>1041</width>
                                <font>FacadeListMainFont</font>
                                <textcolor>ListFocusColor</textcolor>
                                <label>$INFO[ListItem.Label2]</label>
                                <scroll>false</scroll>
                            </control>
                        </itemlayout>
                        <focusedlayout height="73" width="1131">
                            <control type="image">
                                <posx>0</posx>
                                <posy>0</posy>
                                <height>73</height>
                                <width>1131</width>
                                <include>FacadeFocus</include>
                            </control>
                            <control type="label">
                                <posx>TextMargin</posx>
                                <posy>2</posy>
                                <height>28</height>
                                <width>1041</width>
                                <font>FacadeListSubFont</font>
                                <textcolor>SublistFocusColor</textcolor>
                                <label>$INFO[ListItem.Label]</label>
                            </control>
                            <control type="label">
                                <posx>TextMargin</posx>
                                <posy>26</posy>
                                <height>42</height>
                                <width>1041</width>
                                <font>FacadeListMainFont</font>
                                <textcolor>ListFocusColor</textcolor>
                                <label>$INFO[ListItem.Label2]</label>
                            </control>
                        </focusedlayout>
                        <content>
                            <item>
                                <label>$LOCALIZE[557]:</label>
                                <label2>$INFO[ListItem.Artist]</label2>
                                <onclick>noop</onclick>
                                <visible>!IsEmpty(ListItem.Artist)</visible>
                            </item>
                            <item>
                                <label>$LOCALIZE[515]:</label>
                                <label2>$INFO[ListItem.Genre]</label2>
                                <onclick>noop</onclick>
                                <visible>!IsEmpty(ListItem.Genre)</visible>
                            </item>
                            <item>
                                <label>$LOCALIZE[563]:</label>
                                <label2>$INFO[ListItem.Rating]</label2>
                                <onclick>noop</onclick>
                                <visible>!IsEmpty(ListItem.Rating)</visible>
                            </item>
                            <item>
                                <label>$LOCALIZE[175]:</label>
                                <label2>$INFO[ListItem.Property(Album_Mood)]</label2>
                                <onclick>noop</onclick>
                                <visible>!IsEmpty(ListItem.Property(Album_Mood))</visible>
                            </item>
                            <item>
                                <label>$LOCALIZE[176]:</label>
                                <label2>$INFO[ListItem.Property(Album_Style)]</label2>
                                <onclick>noop</onclick>
                                <visible>!IsEmpty(ListItem.Property(Album_Style))</visible>
                            </item>
                            <item>
                                <label>$LOCALIZE[21895]:</label>
                                <label2>$INFO[ListItem.Property(Album_Theme)]</label2>
                                <onclick>noop</onclick>
                                <visible>!IsEmpty(ListItem.Property(Album_Theme))</visible>
                            </item>
                            <item>
                                <label>146</label>
                                <label2>$INFO[ListItem.Property(Album_Type)]</label2>
                                <onclick>noop</onclick>
                                <visible>!IsEmpty(ListItem.Property(Album_Type))</visible>
                            </item>
                            <item>
                                <label>$LOCALIZE[21899]:</label>
                                <label2>$INFO[ListItem.Property(Album_Label)]</label2>
                                <onclick>noop</onclick>
                                <visible>!IsEmpty(ListItem.Property(Album_Label))</visible>
                            </item>
                            <item>
                                <label>$LOCALIZE[562]:</label>
                                <label2>$INFO[ListItem.Year]</label2>
                                <onclick>noop</onclick>
                                <visible>!IsEmpty(ListItem.Year)</visible>
                            </item>
                        </content>
                    </control>
                    <control type="scrollbar" id="60">
                        <posx>1100</posx>
                        <posy>0</posy>
                        <height>365</height>
                        <include>VerticalScroller</include>
                        <onleft>49</onleft>
                        <onright>9000</onright>
                    </control>
                </control>
                <control type="group">
                    <visible>container.content(Artists)</visible>
                    <posx>178</posx>
                    <posy>382</posy>
                    <include>VisibleFadeEffect</include>
                    <control type="panel" id="49">
                        <posx>0</posx>
                        <posy>0</posy>
                        <width>1131</width>
                        <height>365</height>
                        <onright>60</onright>
                        <ondown>6060</ondown>
                        <pagecontrol>60</pagecontrol>
                        <scrolltime>200</scrolltime>
                        <itemlayout height="73" width="1131">
                            <control type="image">
                                <posx>0</posx>
                                <posy>0</posy>
                                <height>73</height>
                                <width>1131</width>
                                <texture border="3">list/bg_facade_nofocus.png</texture>
                            </control>
                            <control type="label">
                                <posx>TextMargin</posx>
                                <posy>2</posy>
                                <height>28</height>
                                <width>1041</width>
                                <font>FacadeListSubFont</font>
                                <textcolor>SublistFocusColor</textcolor>
                                <label>$INFO[ListItem.Label]</label>
                                <scroll>false</scroll>
                            </control>
                            <control type="label">
                                <posx>TextMargin</posx>
                                <posy>26</posy>
                                <height>42</height>
                                <width>1041</width>
                                <font>FacadeListMainFont</font>
                                <textcolor>ListFocusColor</textcolor>
                                <label>$INFO[ListItem.Label2]</label>
                                <scroll>false</scroll>
                            </control>
                        </itemlayout>
                        <focusedlayout height="73" width="1131">
                            <control type="image">
                                <posx>0</posx>
                                <posy>0</posy>
                                <height>73</height>
                                <width>1131</width>
                                <include>FacadeFocus</include>
                            </control>
                            <control type="label">
                                <posx>TextMargin</posx>
                                <posy>2</posy>
                                <height>28</height>
                                <width>1041</width>
                                <font>FacadeListSubFont</font>
                                <textcolor>SublistFocusColor</textcolor>
                                <label>$INFO[ListItem.Label]</label>
                            </control>
                            <control type="label">
                                <posx>TextMargin</posx>
                                <posy>26</posy>
                                <height>42</height>
                                <width>1041</width>
                                <font>FacadeListMainFont</font>
                                <textcolor>ListFocusColor</textcolor>
                                <label>$INFO[ListItem.Label2]</label>
                            </control>
                        </focusedlayout>
                        <content>
                            <item>
                                <label>$LOCALIZE[21893]:</label>
                                <label2>$INFO[ListItem.Property(Artist_Born)]</label2>
                                <onclick>noop</onclick>
                                <visible>!IsEmpty(ListItem.Property(Artist_Born))</visible>
                            </item>
                            <item>
                                <label>$LOCALIZE[21894]:</label>
                                <label2>$INFO[ListItem.Property(Artist_Formed)]</label2>
                                <onclick>noop</onclick>
                                <visible>!IsEmpty(ListItem.Property(Artist_Formed))</visible>
                            </item>
                            <item>
                                <label>$LOCALIZE[515]:</label>
                                <label2>$INFO[ListItem.Genre]</label2>
                                <onclick>noop</onclick>
                                <visible>!IsEmpty(ListItem.Genre)</visible>
                            </item>
                            <item>
                                <label>$LOCALIZE[175]:</label>
                                <label2>$INFO[ListItem.Property(Artist_Mood)]</label2>
                                <onclick>noop</onclick>
                                <visible>!IsEmpty(ListItem.Property(Artist_Mood))</visible>
                            </item>
                            <item>
                                <label>$LOCALIZE[176]:</label>
                                <label2>$INFO[ListItem.Property(Artist_Style)]</label2>
                                <onclick>noop</onclick>
                                <visible>!IsEmpty(ListItem.Property(Artist_Style))</visible>
                            </item>
                            <item>
                                <label>$LOCALIZE[21892]:</label>
                                <label2>$INFO[ListItem.Property(Artist_Instrument)]</label2>
                                <onclick>noop</onclick>
                                <visible>!IsEmpty(ListItem.Property(Artist_Instrument))</visible>
                            </item>
                            <item>
                                <label>$LOCALIZE[21897]:</label>
                                <label2>$INFO[ListItem.Property(Artist_Died)]</label2>
                                <onclick>noop</onclick>
                                <visible>!IsEmpty(ListItem.Property(Artist_Died))</visible>
                            </item>
                            <item>
                                <label>$LOCALIZE[21896]:</label>
                                <label2>$INFO[ListItem.Property(Artist_Disbanded)]</label2>
                                <onclick>noop</onclick>
                                <visible>!IsEmpty(ListItem.Property(Artist_Disbanded))</visible>
                            </item>
                            <item>
                                <label>$LOCALIZE[21898]:</label>
                                <label2>$INFO[ListItem.Property(Artist_YearsActive)]</label2>
                                <onclick>noop</onclick>
                                <visible>!IsEmpty(ListItem.Property(Artist_YearsActive))</visible>
                            </item>
                        </content>
                    </control>
                    <control type="scrollbar" id="60">
                        <posx>1100</posx>
                        <posy>0</posy>
                        <height>365</height>
                        <include>VerticalScroller</include>
                        <onleft>49</onleft>
                        <onright>9000</onright>
                    </control>
                </control>
                <control type="group">
                    <posx>178</posx>
                    <posy>382</posy>
                    <control type="image">
                        <posx>0</posx>
                        <posy>363</posy>
                        <width>1131</width>
                        <height>8</height>
                        <texture>list/bg_facade_separator.png</texture>
                    </control>
                    <control type="textbox" id="4">
                        <description>Description</description>
                        <posx>TextMargin</posx>
                        <posy>395</posy>
                        <width>1041</width>
                        <height>400</height>
                        <font>InfoPlotFont</font>
                        <align>justify</align>
                        <textcolor>MainColor</textcolor>
                        <pagecontrol>6060</pagecontrol>
                    </control>
                    <control type="scrollbar" id="6060">
                        <visible>Skin.HasSetting(ManualScroll)</visible>
                        <posx>1100</posx>
                        <posy>395</posy>
                        <height>400</height>
                        <include>VerticalScroller</include>
                        <onleft>49</onleft>
                        <onright>9000</onright>
                    </control>
                </control>
            </control>
            <!--DISCOGRAPHY TRACKS-->
            <control type="group" id="5020">
                <visible>Control.HasFocus(502)|Control.HasFocus(503)|ControlGroup(5020).HasFocus</visible>
                <include>VisibleFadeEffectDelay</include>
                <!-- CDART MUSIC -->
                <include name="DiscArt">
                    <param name="visible" value="!IsEmpty(ListItem.Thumb)+[Container.content(albums)|Container.content(songs)]"/>
                    <param name="x" value="1540"/>
                    <param name="y" value="865"/>
                    <param name="width" value="316"/>
                    <param name="height" value="316"/>
                    <param name="texture" value="$VAR[MusicCdArt]"/>
                </include>
                <control type="image">
                    <posx>1342</posx>
                    <posy>838</posy>
                    <width>370</width>
                    <height>370</height>
                    <include>SquareThumb</include>
                    <include>ThumbBorder</include>
                </control>
                <control type="group">
                    <posx>178</posx>
                    <posy>382</posy>
                    <control type="panel" id="50">
                        <posx>0</posx>
                        <posy>0</posy>
                        <width>1131</width>
                        <height>803</height>
                        <onright>61</onright>
                        <pagecontrol>61</pagecontrol>
                        <scrolltime>200</scrolltime>
                        <orientation>vertical</orientation>
                        <itemlayout condition="Container.Content(Albums)" height="73" width="1131">
                            <control type="image">
                                <posx>0</posx>
                                <posy>0</posy>
                                <height>73</height>
                                <width>1131</width>
                                <texture border="3">list/bg_facade_nofocus.png</texture>
                            </control>
                            <control type="label">
                                <posx>TextMargin</posx>
                                <height>42</height>
                                <width>1041</width>
                                <font>FacadeListMainFont</font>
                                <textcolor>ListNoFocusColor</textcolor>
                                <label>$INFO[ListItem.TrackNumber] - $INFO[ListItem.Label]</label>
                                <scroll>false</scroll>
                            </control>
                            <control type="label">
                                <posx>TextMargin</posx>
                                <posy>39</posy>
                                <height>28</height>
                                <width>1041</width>
                                <font>FacadeListSubFont</font>
                                <textcolor>SublistNoFocusColor</textcolor>
                                <label>$INFO[ListItem.Duration]</label>
                                <scroll>false</scroll>
                            </control>
                        </itemlayout>
                        <focusedlayout condition="Container.Content(Albums)" height="73" width="1131">
                            <control type="image">
                                <posx>0</posx>
                                <posy>0</posy>
                                <height>73</height>
                                <width>1131</width>
                                <include>FacadeFocus</include>
                            </control>
                            <control type="label">
                                <posx>TextMargin</posx>
                                <height>42</height>
                                <width>1041</width>
                                <font>FacadeListMainFont</font>
                                <textcolor>ListFocusColor</textcolor>
                                <label>$INFO[ListItem.TrackNumber] - $INFO[ListItem.Label]</label>
                            </control>
                            <control type="label">
                                <posx>TextMargin</posx>
                                <posy>39</posy>
                                <height>28</height>
                                <width>1041</width>
                                <font>FacadeListSubFont</font>
                                <textcolor>SublistFocusColor</textcolor>
                                <label>$INFO[ListItem.Duration]</label>
                            </control>
                        </focusedlayout>
                        <itemlayout condition="Container.Content(Artists)" height="73" width="1131">
                            <control type="image">
                                <posx>0</posx>
                                <posy>0</posy>
                                <height>73</height>
                                <width>1131</width>
                                <texture border="3">list/bg_facade_nofocus.png</texture>
                            </control>
                            <control type="label">
                                <posx>TextMargin</posx>
                                <posy>0</posy>
                                <height>71</height>
                                <width>1041</width>
                                <font>FacadeListMainFont</font>
                                <textcolor>ListNoFocusColor</textcolor>
                                <label>$INFO[ListItem.Label]</label>
                                <scroll>false</scroll>
                            </control>
                        </itemlayout>
                        <focusedlayout condition="Container.Content(Artists)" height="73" width="1131">
                            <control type="image">
                                <posx>0</posx>
                                <posy>0</posy>
                                <height>73</height>
                                <width>1131</width>
                                <include>FacadeFocus</include>
                            </control>
                            <control type="label">
                                <posx>TextMargin</posx>
                                <posy>0</posy>
                                <height>71</height>
                                <width>1041</width>
                                <font>FacadeListMainFont</font>
                                <textcolor>ListFocusColor</textcolor>
                                <label>$INFO[ListItem.Label]</label>
                            </control>
                        </focusedlayout>
                    </control>
                    <control type="scrollbar" id="61">
                        <posx>1100</posx>
                        <posy>0</posy>
                        <height>803</height>
                        <include>VerticalScroller</include>
                        <onleft>50</onleft>
                        <onright>9000</onright>
                    </control>
                    <control type="label">
                        <posx>1086</posx>
                        <posy>800</posy>
                        <height>44</height>
                        <width>876</width>
                        <align>right</align>
                        <font>LeftMenuSubButtonFont</font>
                        <textcolor>SublistNoFocusColor</textcolor>
                        <label>$INFO[Container(50).NumItems,,  $LOCALIZE[31025]]</label>
                    </control>
                </control>
            </control>
            <!--DISCOGRAPHY EXTENDEDINFO-->
            <control type="group" id="5040">
                <visible>Control.HasFocus(504)|ControlGroup(5040).HasFocus</visible>
                <include>VisibleFadeEffectDelay</include>
                <!-- CDART MUSIC -->
                <include name="DiscArt">
                    <param name="visible" value="!IsEmpty(ListItem.Thumb)+[Container.content(albums)|Container.content(songs)]"/>
                    <param name="x" value="1540"/>
                    <param name="y" value="865"/>
                    <param name="width" value="316"/>
                    <param name="height" value="316"/>
                    <param name="texture" value="$VAR[MusicCdArt]"/>
                </include>
                <control type="image">
                    <posx>1342</posx>
                    <posy>838</posy>
                    <width>370</width>
                    <height>370</height>
                    <aspectratio>keep</aspectratio>
                    <texture background="true" fallback="defaultAudioBig.png">$INFO[Container(5041).Listitem.Icon]</texture>
                    <include>ThumbBorder</include>
                </control>
                <control type="group">
                    <posx>178</posx>
                    <posy>382</posy>
                    <control type="panel" id="5041">
                        <posx>0</posx>
                        <posy>0</posy>
                        <width>1131</width>
                        <height>803</height>
                        <onright>5640</onright>
                        <pagecontrol>5640</pagecontrol>
                        <scrolltime>200</scrolltime>
                        <orientation>vertical</orientation>
                        <itemlayout height="73" width="1131">
                            <control type="image">
                                <posx>0</posx>
                                <posy>0</posy>
                                <height>73</height>
                                <width>1131</width>
                                <texture border="3">list/bg_facade_nofocus.png</texture>
                            </control>
                            <control type="label">
                                <posx>TextMargin</posx>
                                <height>42</height>
                                <width>1041</width>
                                <font>FacadeListMainFont</font>
                                <textcolor>ListNoFocusColor</textcolor>
                                <label>$INFO[ListItem.Label]</label>
                                <scroll>false</scroll>
                            </control>
                            <control type="label">
                                <posx>TextMargin</posx>
                                <posy>39</posy>
                                <height>28</height>
                                <width>1041</width>
                                <font>FacadeListSubFont</font>
                                <textcolor>SublistNoFocusColor</textcolor>
                                <label>$INFO[ListItem.Year]</label>
                                <scroll>false</scroll>
                            </control>
                        </itemlayout>
                        <focusedlayout height="73" width="1131">
                            <control type="image">
                                <posx>0</posx>
                                <posy>0</posy>
                                <height>73</height>
                                <width>1131</width>
                                <include>FacadeFocus</include>
                            </control>
                            <control type="label">
                                <posx>TextMargin</posx>
                                <height>42</height>
                                <width>1041</width>
                                <font>FacadeListMainFont</font>
                                <textcolor>ListFocusColor</textcolor>
                                <label>$INFO[ListItem.Label]</label>
                            </control>
                            <control type="label">
                                <posx>TextMargin</posx>
                                <posy>39</posy>
                                <height>28</height>
                                <width>1041</width>
                                <font>FacadeListSubFont</font>
                                <textcolor>SublistFocusColor</textcolor>
                                <label>$INFO[ListItem.Year]</label>
                            </control>
                        </focusedlayout>
                        <content>plugin://script.extendedinfo?info=discography&amp;&amp;artistname=$INFO[ListItem.Artist]</content>
                    </control>
                    <control type="scrollbar" id="5640">
                        <posx>1100</posx>
                        <posy>0</posy>
                        <height>803</height>
                        <include>VerticalScroller</include>
                        <onleft>5041</onleft>
                        <onright>9000</onright>
                    </control>
                    <control type="label">
                        <posx>1086</posx>
                        <posy>800</posy>
                        <height>44</height>
                        <width>876</width>
                        <align>right</align>
                        <font>LeftMenuSubButtonFont</font>
                        <textcolor>SublistNoFocusColor</textcolor>
                        <label>$INFO[Container(5041).NumItems,,  $LOCALIZE[31025]]</label>
                    </control>
                </control>
            </control>
            <!--&lt;!&ndash;CONCERTS EXTENDEDINFO&ndash;&gt;-->
            <!--<control type="group" id="5050">-->
                <!--<visible>Control.HasFocus(505)|ControlGroup(5050).HasFocus</visible>-->
                <!--<include>VisibleFadeEffectDelay</include>-->
                <!--<control type="image">-->
                    <!--<posx>1342</posx>-->
                    <!--<posy>838</posy>-->
                    <!--<width>370</width>-->
                    <!--<height>370</height>-->
                    <!--<aspectratio>keep</aspectratio>-->
                    <!--<texture background="true" fallback="defaultExtensionBig.png">$INFO[Container(5051).ListItem.Property(GoogleMap)]</texture>-->
                    <!--<include>ThumbBorder</include>-->
                <!--</control>-->
                <!--<control type="group">-->
                    <!--<posx>178</posx>-->
                    <!--<posy>382</posy>-->
                    <!--<control type="panel" id="5051">-->
                        <!--<posx>0</posx>-->
                        <!--<posy>0</posy>-->
                        <!--<width>1131</width>-->
                        <!--<height>803</height>-->
                        <!--<onright>5650</onright>-->
                        <!--<pagecontrol>5650</pagecontrol>-->
                        <!--<scrolltime>200</scrolltime>-->
                        <!--<orientation>vertical</orientation>-->
                        <!--<itemlayout height="73" width="1131">-->
                            <!--<control type="image">-->
                                <!--<posx>0</posx>-->
                                <!--<posy>0</posy>-->
                                <!--<height>73</height>-->
                                <!--<width>1131</width>-->
                                <!--<texture border="3">list/bg_facade_nofocus.png</texture>-->
                            <!--</control>-->
                            <!--<control type="label">-->
                                <!--<posx>TextMargin</posx>-->
                                <!--<height>42</height>-->
                                <!--<width>1041</width>-->
                                <!--<font>FacadeListMainFont</font>-->
                                <!--<textcolor>ListNoFocusColor</textcolor>-->
                                <!--<label>$INFO[ListItem.Property(Name)]</label>-->
                                <!--<scroll>false</scroll>-->
                            <!--</control>-->
                            <!--<control type="label">-->
                                <!--<posx>TextMargin</posx>-->
                                <!--<posy>39</posy>-->
                                <!--<height>28</height>-->
                                <!--<width>1041</width>-->
                                <!--<font>FacadeListSubFont</font>-->
                                <!--<textcolor>SublistNoFocusColor</textcolor>-->
                                <!--<label>$INFO[ListItem.Property(City)]</label>-->
                                <!--<scroll>false</scroll>-->
                            <!--</control>-->
                        <!--</itemlayout>-->
                        <!--<focusedlayout height="73" width="1131">-->
                            <!--<control type="image">-->
                                <!--<posx>0</posx>-->
                                <!--<posy>0</posy>-->
                                <!--<height>73</height>-->
                                <!--<width>1131</width>-->
                                <!--<include>FacadeFocus</include>-->
                            <!--</control>-->
                            <!--<control type="label">-->
                                <!--<posx>TextMargin</posx>-->
                                <!--<height>42</height>-->
                                <!--<width>1041</width>-->
                                <!--<font>FacadeListMainFont</font>-->
                                <!--<textcolor>ListFocusColor</textcolor>-->
                                <!--<label>$INFO[ListItem.Property(Name)]</label>-->
                            <!--</control>-->
                            <!--<control type="label">-->
                                <!--<posx>TextMargin</posx>-->
                                <!--<posy>39</posy>-->
                                <!--<height>28</height>-->
                                <!--<width>1041</width>-->
                                <!--<font>FacadeListSubFont</font>-->
                                <!--<textcolor>SublistFocusColor</textcolor>-->
                                <!--<label>$INFO[ListItem.Property(City)]</label>-->
                            <!--</control>-->
                        <!--</focusedlayout>-->
                        <!--<content>plugin://script.extendedinfo?info=artistevents&amp;&amp;artistname=$INFO[ListItem.Artist]</content>-->
                    <!--</control>-->
                    <!--<control type="scrollbar" id="5650">-->
                        <!--<posx>1100</posx>-->
                        <!--<posy>0</posy>-->
                        <!--<height>803</height>-->
                        <!--<include>VerticalScroller</include>-->
                        <!--<onleft>5051</onleft>-->
                        <!--<onright>9000</onright>-->
                    <!--</control>-->
                    <!--<control type="label">-->
                        <!--<posx>1086</posx>-->
                        <!--<posy>800</posy>-->
                        <!--<height>44</height>-->
                        <!--<width>876</width>-->
                        <!--<align>right</align>-->
                        <!--<font>LeftMenuSubButtonFont</font>-->
                        <!--<textcolor>SublistNoFocusColor</textcolor>-->
                        <!--<label>$INFO[Container(5051).NumItems,,  $LOCALIZE[31025]]</label>-->
                    <!--</control>-->
                <!--</control>-->
            <!--</control>-->
            <!--&lt;!&ndash; SIMILAR ARTISTS EXTENDEDINFO&ndash;&gt;-->
            <!--<control type="group" id="5060">-->
                <!--<visible>Control.HasFocus(506)|ControlGroup(5060).HasFocus</visible>-->
                <!--<include>VisibleFadeEffectDelay</include>-->
                <!--<control type="image">-->
                    <!--<posx>1342</posx>-->
                    <!--<posy>838</posy>-->
                    <!--<width>370</width>-->
                    <!--<height>370</height>-->
                    <!--<aspectratio>keep</aspectratio>-->
                    <!--<texture background="true" fallback="defaultArtistBig.png">$INFO[Container(5061).Listitem.Icon]</texture>-->
                    <!--<include>ThumbBorder</include>-->
                <!--</control>-->
                <!--<control type="group">-->
                    <!--<posx>178</posx>-->
                    <!--<posy>382</posy>-->
                    <!--<control type="panel" id="5061">-->
                        <!--<posx>0</posx>-->
                        <!--<posy>0</posy>-->
                        <!--<width>1131</width>-->
                        <!--<height>803</height>-->
                        <!--<onright>5660</onright>-->
                        <!--<pagecontrol>5660</pagecontrol>-->
                        <!--<scrolltime>200</scrolltime>-->
                        <!--<orientation>vertical</orientation>-->
                        <!--<itemlayout height="73" width="1131">-->
                            <!--<control type="image">-->
                                <!--<posx>0</posx>-->
                                <!--<posy>0</posy>-->
                                <!--<height>73</height>-->
                                <!--<width>1131</width>-->
                                <!--<texture border="3">list/bg_facade_nofocus.png</texture>-->
                            <!--</control>-->
                            <!--<control type="label">-->
                                <!--<posx>TextMargin</posx>-->
                                <!--<height>71</height>-->
                                <!--<width>1041</width>-->
                                <!--<font>FacadeListMainFont</font>-->
                                <!--<textcolor>ListNoFocusColor</textcolor>-->
                                <!--<label>$INFO[ListItem.Property(comment)]</label>-->
                                <!--<scroll>false</scroll>-->
                            <!--</control>-->
                        <!--</itemlayout>-->
                        <!--<focusedlayout height="73" width="1131">-->
                            <!--<control type="image">-->
                                <!--<posx>0</posx>-->
                                <!--<posy>0</posy>-->
                                <!--<height>73</height>-->
                                <!--<width>1131</width>-->
                                <!--<include>FacadeFocus</include>-->
                            <!--</control>-->
                            <!--<control type="label">-->
                                <!--<posx>TextMargin</posx>-->
                                <!--<height>71</height>-->
                                <!--<width>1041</width>-->
                                <!--<font>FacadeListMainFont</font>-->
                                <!--<textcolor>ListFocusColor</textcolor>-->
                                <!--<label>$INFO[ListItem.Property(comment)]</label>-->
                            <!--</control>-->
                        <!--</focusedlayout>-->
                        <!--<content>plugin://script.extendedinfo?info=similarartistsinlibrary&amp;&amp;artistname=$INFO[ListItem.Artist]</content>-->
                    <!--</control>-->
                    <!--<control type="scrollbar" id="5660">-->
                        <!--<posx>1100</posx>-->
                        <!--<posy>0</posy>-->
                        <!--<height>803</height>-->
                        <!--<include>VerticalScroller</include>-->
                        <!--<onleft>5061</onleft>-->
                        <!--<onright>9000</onright>-->
                    <!--</control>-->
                    <!--<control type="label">-->
                        <!--<posx>1086</posx>-->
                        <!--<posy>800</posy>-->
                        <!--<height>44</height>-->
                        <!--<width>876</width>-->
                        <!--<align>right</align>-->
                        <!--<font>LeftMenuSubButtonFont</font>-->
                        <!--<textcolor>SublistNoFocusColor</textcolor>-->
                        <!--<label>$INFO[Container(5101).NumItems,,  $LOCALIZE[31025]]</label>-->
                    <!--</control>-->
                <!--</control>-->
            <!--</control>-->
            <!--MUSICVIDEOS EXTENDEDINFO-->
            <control type="group" id="5070">
                <visible>Control.HasFocus(507)|ControlGroup(5070).HasFocus</visible>
                <include>VisibleFadeEffectDelay</include>
                <control type="image">
                    <posx>1342</posx>
                    <posy>838</posy>
                    <width>370</width>
                    <height>370</height>
                    <aspectratio>keep</aspectratio>
                    <texture background="true" fallback="defaultVideoBig.png">$INFO[Container(5071).Listitem.Icon]</texture>
                    <include>ThumbBorder</include>
                </control>
                <control type="group">
                    <posx>178</posx>
                    <posy>382</posy>
                    <control type="panel" id="5071">
                        <posx>0</posx>
                        <posy>0</posy>
                        <width>1131</width>
                        <height>803</height>
                        <onright>5670</onright>
                        <pagecontrol>5670</pagecontrol>
                        <scrolltime>200</scrolltime>
                        <orientation>vertical</orientation>
                        <itemlayout height="73" width="1131">
                            <control type="image">
                                <posx>0</posx>
                                <posy>0</posy>
                                <height>73</height>
                                <width>1131</width>
                                <texture border="3">list/bg_facade_nofocus.png</texture>
                            </control>
                            <control type="label">
                                <posx>TextMargin</posx>
                                <height>42</height>
                                <width>1041</width>
                                <font>FacadeListMainFont</font>
                                <textcolor>ListNoFocusColor</textcolor>
                                <label>$INFO[ListItem.Label]</label>
                                <scroll>false</scroll>
                            </control>
                            <control type="label">
                                <posx>TextMargin</posx>
                                <posy>39</posy>
                                <height>28</height>
                                <width>1041</width>
                                <font>FacadeListSubFont</font>
                                <textcolor>SublistNoFocusColor</textcolor>
                                <label>$INFO[ListItem.Label2]</label>
                                <scroll>false</scroll>
                            </control>
                        </itemlayout>
                        <focusedlayout height="73" width="1131">
                            <control type="image">
                                <posx>0</posx>
                                <posy>0</posy>
                                <height>73</height>
                                <width>1131</width>
                                <include>FacadeFocus</include>
                            </control>
                            <control type="label">
                                <posx>TextMargin</posx>
                                <height>42</height>
                                <width>1041</width>
                                <font>FacadeListMainFont</font>
                                <textcolor>ListFocusColor</textcolor>
                                <label>$INFO[ListItem.Label]</label>
                            </control>
                            <control type="label">
                                <posx>TextMargin</posx>
                                <posy>39</posy>
                                <height>28</height>
                                <width>1041</width>
                                <font>FacadeListSubFont</font>
                                <textcolor>SublistFocusColor</textcolor>
                                <label>$INFO[ListItem.Label2]</label>
                            </control>
                        </focusedlayout>
                        <content>plugin://script.extendedinfo?info=musicvideos&amp;&amp;artistname=$INFO[ListItem.Artist]</content>
                    </control>
                    <control type="scrollbar" id="5670">
                        <posx>1100</posx>
                        <posy>0</posy>
                        <height>803</height>
                        <include>VerticalScroller</include>
                        <onleft>5071</onleft>
                        <onright>9000</onright>
                    </control>
                    <control type="label">
                        <posx>1086</posx>
                        <posy>800</posy>
                        <height>44</height>
                        <width>876</width>
                        <align>right</align>
                        <font>LeftMenuSubButtonFont</font>
                        <textcolor>SublistNoFocusColor</textcolor>
                        <label>$INFO[Container(5071).NumItems,,  $LOCALIZE[31025]]</label>
                    </control>
                </control>
            </control>
            <!--YOUTUBE EXTENDEDINFO-->
            <control type="group" id="5080">
                <visible>Control.HasFocus(508)|ControlGroup(5080).HasFocus</visible>
                <include>VisibleFadeEffectDelay</include>
                <control type="image">
                    <posx>1342</posx>
                    <posy>838</posy>
                    <width>370</width>
                    <height>370</height>
                    <aspectratio>keep</aspectratio>
                    <texture background="true" fallback="defaultVideoBig.png">$INFO[Container(5081).Listitem.Icon]</texture>
                    <include>ThumbBorder</include>
                </control>
                <control type="group">
                    <posx>178</posx>
                    <posy>382</posy>
                    <control type="panel" id="5081">
                        <posx>0</posx>
                        <posy>0</posy>
                        <width>1131</width>
                        <height>803</height>
                        <onright>5680</onright>
                        <pagecontrol>5680</pagecontrol>
                        <scrolltime>200</scrolltime>
                        <orientation>vertical</orientation>
                        <itemlayout height="73" width="1131">
                            <control type="image">
                                <posx>0</posx>
                                <posy>0</posy>
                                <height>73</height>
                                <width>1131</width>
                                <texture border="3">list/bg_facade_nofocus.png</texture>
                            </control>
                            <control type="label">
                                <posx>TextMargin</posx>
                                <height>71</height>
                                <width>1041</width>
                                <font>FacadeListMainFont</font>
                                <textcolor>ListNoFocusColor</textcolor>
                                <label>$INFO[ListItem.Label]</label>
                                <scroll>false</scroll>
                            </control>
                        </itemlayout>
                        <focusedlayout height="73" width="1131">
                            <control type="image">
                                <posx>0</posx>
                                <posy>0</posy>
                                <height>73</height>
                                <width>1131</width>
                                <include>FacadeFocus</include>
                            </control>
                            <control type="label">
                                <posx>TextMargin</posx>
                                <height>71</height>
                                <width>1041</width>
                                <font>FacadeListMainFont</font>
                                <textcolor>ListFocusColor</textcolor>
                                <label>$INFO[ListItem.Label]</label>
                            </control>
                        </focusedlayout>
                        <content>$VAR[YouTubeContent]</content>
                    </control>
                    <control type="scrollbar" id="5680">
                        <posx>1100</posx>
                        <posy>0</posy>
                        <height>803</height>
                        <include>VerticalScroller</include>
                        <onleft>5081</onleft>
                        <onright>9000</onright>
                    </control>
                    <control type="label">
                        <posx>1086</posx>
                        <posy>800</posy>
                        <height>44</height>
                        <width>876</width>
                        <align>right</align>
                        <font>LeftMenuSubButtonFont</font>
                        <textcolor>SublistNoFocusColor</textcolor>
                        <label>$INFO[Container(5081).NumItems,,  $LOCALIZE[31025]]</label>
                    </control>
                </control>
            </control>
            <!--&lt;!&ndash; TWITTER SHOUTS EXTENDEDINFO&ndash;&gt;-->
            <!--<control type="group" id="5090">-->
                <!--<visible>Control.HasFocus(509)|ControlGroup(5090).HasFocus</visible>-->
                <!--<include>VisibleFadeEffectDelay</include>-->
                <!--<control type="image">-->
                    <!--<posx>1342</posx>-->
                    <!--<posy>838</posy>-->
                    <!--<width>370</width>-->
                    <!--<height>370</height>-->
                    <!--<aspectratio>keep</aspectratio>-->
                    <!--<texture background="true" fallback="defaultAudioBig.png">$INFO[Container(5091).Listitem.Icon]</texture>-->
                    <!--<include>ThumbBorder</include>-->
                <!--</control>-->
                <!--<control type="group">-->
                    <!--<posx>178</posx>-->
                    <!--<posy>382</posy>-->
                    <!--<control type="panel" id="5091">-->
                        <!--<posx>0</posx>-->
                        <!--<posy>0</posy>-->
                        <!--<width>1131</width>-->
                        <!--<height>803</height>-->
                        <!--<onright>5690</onright>-->
                        <!--<pagecontrol>5690</pagecontrol>-->
                        <!--<scrolltime>200</scrolltime>-->
                        <!--<orientation>vertical</orientation>-->
                        <!--<itemlayout height="73" width="1131">-->
                            <!--<control type="image">-->
                                <!--<posx>0</posx>-->
                                <!--<posy>0</posy>-->
                                <!--<height>73</height>-->
                                <!--<width>1131</width>-->
                                <!--<texture border="3">list/bg_facade_nofocus.png</texture>-->
                            <!--</control>-->
                            <!--<control type="label">-->
                                <!--<posx>TextMargin</posx>-->
                                <!--<height>71</height>-->
                                <!--<width>1041</width>-->
                                <!--<font>FacadeListMainFont</font>-->
                                <!--<textcolor>ListNoFocusColor</textcolor>-->
                                <!--<label>$INFO[ListItem.Property(comment)]</label>-->
                                <!--<scroll>false</scroll>-->
                            <!--</control>-->
                        <!--</itemlayout>-->
                        <!--<focusedlayout height="73" width="1131">-->
                            <!--<control type="image">-->
                                <!--<posx>0</posx>-->
                                <!--<posy>0</posy>-->
                                <!--<height>73</height>-->
                                <!--<width>1131</width>-->
                                <!--<include>FacadeFocus</include>-->
                            <!--</control>-->
                            <!--<control type="label">-->
                                <!--<posx>TextMargin</posx>-->
                                <!--<height>71</height>-->
                                <!--<width>1041</width>-->
                                <!--<font>FacadeListMainFont</font>-->
                                <!--<textcolor>ListFocusColor</textcolor>-->
                                <!--<label>$INFO[ListItem.Property(comment)]</label>-->
                            <!--</control>-->
                        <!--</focusedlayout>-->
                        <!--<content>plugin://script.extendedinfo?info=artistshouts&amp;&amp;artistname=$INFO[ListItem.Artist]</content>-->
                    <!--</control>-->
                    <!--<control type="scrollbar" id="5690">-->
                        <!--<posx>1100</posx>-->
                        <!--<posy>0</posy>-->
                        <!--<height>803</height>-->
                        <!--<include>VerticalScroller</include>-->
                        <!--<onleft>5091</onleft>-->
                        <!--<onright>9000</onright>-->
                    <!--</control>-->
                    <!--<control type="label">-->
                        <!--<posx>1086</posx>-->
                        <!--<posy>800</posy>-->
                        <!--<height>44</height>-->
                        <!--<width>876</width>-->
                        <!--<align>right</align>-->
                        <!--<font>LeftMenuSubButtonFont</font>-->
                        <!--<textcolor>SublistNoFocusColor</textcolor>-->
                        <!--<label>$INFO[Container(5091).NumItems,,  $LOCALIZE[31025]]</label>-->
                    <!--</control>-->
                <!--</control>-->
            <!--</control>-->

            <!--FANART-->
            <!--<control type="group" id="120">-->
            <!--<visible>Control.HasFocus(12)|ControlGroup(120).HasFocus</visible>-->
            <!--<include>VisibleFadeEffectDelay</include>-->
            <!--<posx>178</posx>-->
            <!--<posy>382</posy>-->
            <!--<include>VisibleFadeEffect</include>-->
            <!--<control type="image">-->
            <!--<description>Current Fanart image</description>-->
            <!--<posx>10</posx>-->
            <!--<posy>10</posy>-->
            <!--<width>1111</width>-->
            <!--<height>828</height>-->
            <!--<aspectratio>keep</aspectratio>-->
            <!--<texture background="true" fallback="defaultPictureBig.png">$INFO[ListItem.Art(fanart)]</texture>-->
            <!--<include>ThumbBorder</include>-->
            <!--</control>-->
            <!--</control>-->
        </control>
    </controls>
</window>
