<window id="141">
    <defaultcontrol>3</defaultcontrol>
    <include>DialogOpenClose</include>
    <controls>
        <include>DimBG</include>
        <control type="group">
            <include condition="Skin.HasSetting(BlackGlassMode)+!Skin.HasSetting(DisableSlidingAnimations)">OpenCloseSlideRight</include>
            <include name="WindowClosingButton">
                <param name="id" value="0"/>
                <param name="x" value="1537"/>
                <param name="y" value="47"/>
            </include>
            <control type="image">
                <posx>333</posx>
                <posy>51</posy>
                <width>1254</width>
                <height>978</height>
                <texture border="94">common/bg_dialog.png</texture>
            </control>
            <control type="group">
                <posx>378</posx>
                <posy>88</posy>
                <control type="label" id="1">
                    <posx>45</posx>
                    <posy>18</posy>
                    <width>1074</width>
                    <height>100</height>
                    <font>InfoTitleFont</font>
                    <textcolor>MainColor</textcolor>
                    <align>center</align>
                    <label>$LOCALIZE[1046]</label>
                </control>
                <control type="image">
                    <posx>0</posx>
                    <posy>38</posy>
                    <width>1164</width>
                    <height>79</height>
                    <texture>list/bg_facade_nofocus_top.png</texture>
                </control>
                <control type="list" id="3">
                    <posx>0</posx>
                    <posy>117</posy>
                    <width>1164</width>
                    <height>710</height>
                    <itemgap>0</itemgap>
                    <orientation>vertical</orientation>
                    <onup>3</onup>
                    <ondown>3</ondown>
                    <onright>61</onright>
                    <scrolltime>300</scrolltime>
                    <pagecontrol>61</pagecontrol>
                    <itemlayout height="71" width="1164">
                        <control type="image">
                            <posx>0</posx>
                            <posy>0</posy>
                            <height>71</height>
                            <width>1164</width>
                            <texture border="3">list/bg_facade_nofocus.png</texture>
                        </control>
                        <control type="image">
                            <posx>0</posx>
                            <posy>0</posy>
                            <width>50</width>
                            <height>69</height>
                            <aspectratio>keep</aspectratio>
                            <texture>wifi/$INFO[ListItem.Property(state)].png</texture>
                        </control>
                        <control type="label">
                            <posx>75</posx>
                            <height>69</height>
                            <width>964</width>
                            <font>FacadeListMainFont</font>
                            <textcolor>ListNoFocusColor</textcolor>
                            <label>$INFO[ListItem.Label]</label>
                            <scroll>false</scroll>
                        </control>
                        <control type="image">
                            <visible>!IsEmpty(ListItem.Property(encryption))</visible>
                            <posx>1064</posx>
                            <posy>0</posy>
                            <width>50</width>
                            <height>69</height>
                            <aspectratio>keep</aspectratio>
                            <texture>wifi/aplock.png</texture>
                        </control>
                        <control type="image">
                            <posx>1114</posx>
                            <posy>0</posy>
                            <width>50</width>
                            <height>69</height>
                            <aspectratio>keep</aspectratio>
                            <texture>wifi/apsignal$INFO[ListItem.Property(signal)].png</texture>
                        </control>
                    </itemlayout>
                    <focusedlayout height="71" width="1164">
                        <control type="image">
                            <posx>0</posx>
                            <posy>0</posy>
                            <height>71</height>
                            <width>1164</width>
                            <include>FacadeFocus</include>
                        </control>
                        <control type="image">
                            <posx>0</posx>
                            <posy>0</posy>
                            <width>50</width>
                            <height>69</height>
                            <aspectratio>keep</aspectratio>
                            <texture>wifi/$INFO[ListItem.Property(state)].png</texture>
                        </control>
                        <control type="label">
                            <posx>75</posx>
                            <height>69</height>
                            <width>964</width>
                            <font>FacadeListMainFont</font>
                            <textcolor>ListFocusColor</textcolor>
                            <label>$INFO[ListItem.Label]</label>
                        </control>
                        <control type="image">
                            <visible>!IsEmpty(ListItem.Property(encryption))</visible>
                            <posx>1064</posx>
                            <posy>0</posy>
                            <width>50</width>
                            <height>69</height>
                            <aspectratio>keep</aspectratio>
                            <texture>wifi/aplock.png</texture>
                        </control>
                        <control type="image">
                            <posx>1114</posx>
                            <posy>0</posy>
                            <width>50</width>
                            <height>69</height>
                            <aspectratio>keep</aspectratio>
                            <texture>wifi/apsignal$INFO[ListItem.Property(signal)].png</texture>
                        </control>
                    </focusedlayout>
                </control>
                <control type="scrollbar" id="61">
                    <posx>1133</posx>
                    <posy>117</posy>
                    <height>710</height>
                    <include>VerticalScroller</include>
                    <onleft>61</onleft>
                    <onright>3</onright>
                </control>
            </control>
        </control>
    </controls>
</window>