<?xml version="1.0" encoding="UTF-8"?>
<window>
    <defaultcontrol always="true">570</defaultcontrol>
    <menucontrol>9000</menucontrol>
    <onload condition="!Skin.HasSetting(FirstTimeRun)">ActivateWindow(1112)</onload>
    <views>570</views>
    <controls>
        <include>Fanart_Art</include>
        <include>Player_Show</include>
        <include>Time</include>
        <include>InfoBackground</include>
        <control type="label">
            <include condition="Skin.HasSetting(BlackGlassMode)+!Skin.HasSetting(DisableSlidingAnimations)">OpenCloseSlideRight</include>
            <include>WindowTitle</include>
            <label>$LOCALIZE[5]</label>
        </control>
        <control type="label">
            <include condition="Skin.HasSetting(BlackGlassMode)+!Skin.HasSetting(DisableSlidingAnimations)">OpenCloseSlideRight</include>
            <include>WindowTitleSub</include>
            <label>$VAR[GlobalSubTitles]</label>
        </control>
        <!-- BGN -->
        <control type="group">
            <visible>!Skin.HasSetting(BlackGlassMode)</visible>
            <animation effect="slide" tween="circle" easing="out" time="250" start="0,0" end="-2690,0" condition="Control.HasFocus(505050)">conditional</animation>
            <include condition="!Skin.HasSetting(BlackGlassMode)">View_570_EventLog</include>
            <include condition="!Skin.HasSetting(BlackGlassMode)">Info_570_EventLog</include>
            <control type="group" id="81257">
                <visible>[StringCompare(ListItem.Label,..)]|
                    [IsEmpty(ListItem.Property(Event.Description))]|
                    [control.hasfocus(60)]</visible>
                <include>Icon_Fade</include>
                <control type="image">
                    <posx>18</posx>
                    <posy>411</posy>
                    <width>440</width>
                    <height>654</height>
                    <include>DetatchedThumb</include>
                </control>
            </control>
        </control>
        <!-- BG -->
        <control type="group">
            <visible>Skin.HasSetting(BlackGlassMode)</visible>
            <include condition="!Skin.HasSetting(DisableSlidingAnimations)">OpenCloseSlideRight</include>
            <control type="group">
                <animation effect="slide" tween="circle" easing="out" time="250" start="0,0" end="580,0" condition="[ControlGroup(9000).HasFocus()|Control.HasFocus(8999)]+!Skin.HasSetting(DisableSlidingAnimations)">conditional</animation>
                <animation effect="slide" tween="circle" easing="out" time="250" start="0,0" end="-2090,0" condition="Control.HasFocus(505050)">conditional</animation>
                <include condition="Skin.HasSetting(BlackGlassMode)">View_570_EventLog_BG</include>
                <include condition="Skin.HasSetting(BlackGlassMode)">Info_570_EventLog_BG</include>
                <!-- COMMON -->
                <control type="group">
                    <visible>[StringCompare(ListItem.Label,..)]|
                        [IsEmpty(ListItem.Property(Event.Description))]</visible>
                    <include>Icon_Fade</include>
                    <control type="image">
                        <posx>18</posx>
                        <posy>110</posy>
                        <width>704</width>
                        <height>518</height>
                        <include>DetatchedThumb</include>
                    </control>
                </control>
            </control>
        </control>
        <include>FooterInfo</include>
        <!-- SIDE MENU -->
        <control type="group">
            <visible>!Skin.HasSetting(EnableKioskMode)</visible>
            <include>LeftMenu</include>
            <control type="label">
                <include>LeftMenuTitleLabel</include>
                <label>$LOCALIZE[582]</label>
            </control>
            <control type="grouplist" id="9000">
                <include>LeftMenuButtonGroup</include>
                <onright>570</onright>
                <ondown>9000</ondown>
                <onback>570</onback>
                <control type="togglebutton" id="4">
                    <description>Sort asc</description>
                    <label>$LOCALIZE[21429]:  $LOCALIZE[21430]</label>
                    <altlabel>$LOCALIZE[21429]:  $LOCALIZE[21431]</altlabel>
                    <include>LeftMenuButton</include>
                </control>
                <control type="label" id="201">
                    <textoffsety>35</textoffsety>
                    <height>69</height>
                    <include>LeftMenuTitleLabel</include>
                    <include>LeftMenuButton</include>
                    <label>$LOCALIZE[1034]</label>
                </control>
                <control type="image" id="9184">
                    <width>577</width>
                    <height>2</height>
                    <texture border="0,0,0,2">list/bg_facade_nofocus_top.png</texture>
                </control>
                <control type="button" id="21">
                    <description>Level button</description>
                    <include>LeftMenuButton</include>
                    <label>-</label>
                </control>
                <control type="radiobutton" id="22">
                    <description>Only show current level</description>
                    <include>LeftMenuButton</include>
                    <label>-</label>
                </control>
                <control type="button" id="20">
                    <description>Clear button</description>
                    <include>LeftMenuButton</include>
                    <label>192</label>
                </control>
            </control>
        </control>
    </controls>
</window>
