<?xml version="1.0" encoding="utf-8"?>
<includes>
    <include name="CustomWidget">
        <control type="group">
            <animation effect="slide" tween="circle" time="150" start="0,0" end="0,1080" reversible="true" condition="Control.HasFocus($PARAM[id])">Conditional</animation>
            <animation effect="fade" time="200" start="0" end="100" reversible="true" condition="Control.HasFocus($PARAM[id])">Conditional</animation>
            <control type="group">
                <visible>Control.IsVisible($PARAM[id])</visible>
                <control type="image">
                    <posx>0</posx>
                    <posy>909</posy>
                    <width>1920</width>
                    <height>73</height>
                    <texture border="3">list/bg_facade_nofocus_top.png</texture>
                </control>
            </control>
            <control type="fixedlist" id="$PARAM[id]">
                <visible>$PARAM[visibility]</visible>
                <onright>$PARAM[id]</onright>
                <onup>9900</onup>
                <ondown>701</ondown>
                <onleft condition="Skin.HasSetting(VerticalHome)">701</onleft>
                <onleft>$PARAM[id]</onleft>
                <include>Widget_$PARAM[gfxType]</include>
                <content target="$PARAM[target]">$PARAM[content]</content>
            </control>
            <control type="group">
                <visible>Control.IsVisible($PARAM[id])</visible>
                <control type="label">
                    <posx>100</posx>
                    <posy>925</posy>
                    <width>1720</width>
                    <height>45</height>
                    <align>center</align>
                    <font>InfoTitleFont</font>
                    <textcolor>MainColor</textcolor>
                    <shadowcolor>ShadowColor</shadowcolor>
                    <label>$PARAM[labelTitle]</label>
                </control>
                <control type="label">
                    <posx>30</posx>
                    <posy>1010</posy>
                    <height>33</height>
                    <width>1120</width>
                    <align>left</align>
                    <font>InfoDetailsFont</font>
                    <textcolor>AlternateColor</textcolor>
                    <label>$PARAM[labelLeft]</label>
                </control>
                <control type="label">
                    <posx>205</posx>
                    <posy>1010</posy>
                    <height>33</height>
                    <width>1520</width>
                    <align>center</align>
                    <font>InfoDetailsFont</font>
                    <textcolor>AlternateColor</textcolor>
                    <label>$PARAM[labelCenter]</label>
                </control>
                <control type="group">
                    <visible>$PARAM[visibilityLabelRight]</visible>
                    <control type="image">
                        <posx>1859</posx>
                        <posy>1009</posy>
                        <height>36</height>
                        <width>36</width>
                        <aspectratio>keep</aspectratio>
                        <texture>common/starOn.png</texture>
                    </control>
                    <control type="label" id="46983">
                        <posx>1834</posx>
                        <posy>1010</posy>
                        <height>33</height>
                        <width>1120</width>
                        <align>right</align>
                        <font>InfoDetailsFont</font>
                        <textcolor>AlternateColor</textcolor>
                        <label fallback="0.0">$PARAM[labelRight]</label>
                    </control>
                </control>
                <control type="button">
                    <posx>0</posx>
                    <posy>50</posy>
                    <width>830</width>
                    <height>990</height>
                    <include>HiddenButton</include>
                    <onclick>Control.Move($PARAM[id],-1)</onclick>
                </control>
                <control type="button">
                    <posx>1090</posx>
                    <posy>50</posy>
                    <width>830</width>
                    <height>990</height>
                    <include>HiddenButton</include>
                    <onclick>Control.Move($PARAM[id],1)</onclick>
                </control>
            </control>
        </control>
    </include>
    <include name="Widget">
        <control type="group">
            <animation effect="slide" tween="circle" time="150" start="0,0" end="0,1080" reversible="true" condition="Control.HasFocus($PARAM[id])">Conditional</animation>
            <animation effect="fade" time="200" start="0" end="100" reversible="true" condition="Control.HasFocus($PARAM[id])">Conditional</animation>
            <control type="group">
                <visible>Control.IsVisible($PARAM[id])</visible>
                <control type="image">
                    <posx>0</posx>
                    <posy>909</posy>
                    <width>1920</width>
                    <height>73</height>
                    <texture border="3">list/bg_facade_nofocus_top.png</texture>
                </control>
            </control>
            <control type="fixedlist" id="$PARAM[id]">
                <visible>$PARAM[visibility]</visible>
                <onright>$PARAM[id]</onright>
                <onup>9900</onup>
                <ondown>701</ondown>
                <onleft>$PARAM[id]</onleft>
                <include>Widget_$PARAM[gfxType]</include>
                <include>$PARAM[content]</include>
            </control>
            <control type="group">
                <visible>Control.IsVisible($PARAM[id])</visible>
                <control type="label">
                    <posx>100</posx>
                    <posy>925</posy>
                    <width>1720</width>
                    <height>45</height>
                    <align>center</align>
                    <font>InfoTitleFont</font>
                    <textcolor>MainColor</textcolor>
                    <shadowcolor>ShadowColor</shadowcolor>
                    <label>$PARAM[labelTitle]</label>
                </control>
                <control type="label">
                    <posx>30</posx>
                    <posy>1010</posy>
                    <height>33</height>
                    <width>1120</width>
                    <align>left</align>
                    <font>InfoDetailsFont</font>
                    <textcolor>AlternateColor</textcolor>
                    <label>$PARAM[labelLeft]</label>
                </control>
                <control type="label">
                    <posx>205</posx>
                    <posy>1010</posy>
                    <height>33</height>
                    <width>1520</width>
                    <align>center</align>
                    <font>InfoDetailsFont</font>
                    <textcolor>AlternateColor</textcolor>
                    <label>$PARAM[labelCenter]</label>
                </control>
                <control type="group">
                    <visible>$PARAM[visibilityLabelRight]</visible>
                    <control type="image">
                        <posx>1859</posx>
                        <posy>1009</posy>
                        <height>36</height>
                        <width>36</width>
                        <aspectratio>keep</aspectratio>
                        <texture>common/starOn.png</texture>
                    </control>
                    <control type="label" id="46983">
                        <posx>1834</posx>
                        <posy>1010</posy>
                        <height>33</height>
                        <width>1120</width>
                        <align>right</align>
                        <font>InfoDetailsFont</font>
                        <textcolor>AlternateColor</textcolor>
                        <label fallback="0.0">$PARAM[labelRight]</label>
                    </control>
                </control>
                <control type="button">
                    <posx>0</posx>
                    <posy>50</posy>
                    <width>830</width>
                    <height>990</height>
                    <include>HiddenButton</include>
                    <onclick>Control.Move($PARAM[id],-1)</onclick>
                </control>
                <control type="button">
                    <posx>1090</posx>
                    <posy>50</posy>
                    <width>830</width>
                    <height>990</height>
                    <include>HiddenButton</include>
                    <onclick>Control.Move($PARAM[id],1)</onclick>
                </control>
            </control>
        </control>
    </include>
    <include name="Widget_Poster">
        <posx>0</posx>
        <posy>66</posy>
        <width>1920</width>
        <height>950</height>
        <onleft>300</onleft>
        <onback>300</onback>
        <movement>0</movement>
        <focusposition>3</focusposition>
        <orientation>horizontal</orientation>
        <itemlayout height="550" width="274">
            <control type="group">
                <posy>453</posy>
                <control type="image">
                    <posx>0</posx>
                    <posy>0</posy>
                    <width>274</width>
                    <height>387</height>
                    <aspectratio scalediffuse="false" aligny="bottom">keep</aspectratio>
                    <include>SquareThumb</include>
                    <include>ThumbBorder</include>
                </control>
                <control type="image">
                    <animation effect="rotate" start="0" end="180" center="137,380" reversible="false" condition="true">Conditional</animation>
                    <posx>0</posx>
                    <posy>0</posy>
                    <width>274</width>
                    <height>387</height>
                    <aspectratio scalediffuse="false" aligny="bottom">keep</aspectratio>
                    <texture flipx="true" background="true" diffuse="common/Thumb_Mask.png" fallback="defaultIconBig.png">$VAR[Thumbs]</texture>
                    <bordertexture diffuse="common/Thumb_Mask.png" border="27">common/JewelCase.png</bordertexture>
                    <bordersize>27</bordersize>
                </control>
                <control type="image">
                    <posx>216</posx>
                    <posy>329</posy>
                    <width>28</width>
                    <height>28</height>
                    <texture>$VAR[Overlay]</texture>
                </control>
            </control>
        </itemlayout>
        <focusedlayout height="550" width="274">
            <control type="group">
                <posy>453</posy>
                <control type="image">
                    <posx>0</posx>
                    <posy>0</posy>
                    <width>274</width>
                    <height>387</height>
                    <aspectratio scalediffuse="false" aligny="bottom">keep</aspectratio>
                    <include>SquareThumb</include>
                    <include>ThumbBorderOverlay</include>
                </control>
                <control type="image">
                    <animation effect="rotate" start="0" end="180" center="137,380" reversible="false" condition="true">Conditional</animation>
                    <posx>0</posx>
                    <posy>0</posy>
                    <width>274</width>
                    <height>387</height>
                    <aspectratio scalediffuse="false" aligny="bottom">keep</aspectratio>
                    <texture flipx="true" background="true" diffuse="common/Thumb_Mask.png" fallback="defaultIconBig.png">$VAR[Thumbs]</texture>
                    <include>ThumbBorderOverlayDiffused</include>
                </control>
                <control type="image">
                    <posx>216</posx>
                    <posy>329</posy>
                    <width>28</width>
                    <height>28</height>
                    <texture>$VAR[Overlay]</texture>
                </control>
            </control>
        </focusedlayout>
    </include>
    <include name="Widget_Square">
        <posx>0</posx>
        <posy>86</posy>
        <width>1920</width>
        <height>950</height>
        <onleft>300</onleft>
        <onback>300</onback>
        <orientation>horizontal</orientation>
        <focusposition>2</focusposition>
        <movement>0</movement>
        <preloaditems>4</preloaditems>
        <itemlayout height="553" width="384">
            <control type="group">
                <posy>453</posy>
                <control type="image">
                    <posx>10</posx>
                    <posy>0</posy>
                    <width>364</width>
                    <height>364</height>
                    <aspectratio scalediffuse="false" aligny="bottom">keep</aspectratio>
                    <include>SquareThumb</include>
                    <include>ThumbBorder</include>
                </control>
                <control type="image">
                    <animation effect="rotate" start="0" end="180" center="192,356" reversible="false" condition="true">Conditional</animation>
                    <posx>10</posx>
                    <posy>0</posy>
                    <width>364</width>
                    <height>364</height>
                    <aspectratio scalediffuse="false" aligny="bottom">keep</aspectratio>
                    <texture flipx="true" background="true" diffuse="common/Thumb_Mask.png" fallback="defaultIconBig.png">$VAR[Thumbs]</texture>
                    <bordertexture diffuse="common/Thumb_Mask.png" border="27">common/JewelCase.png</bordertexture>
                    <bordersize>27</bordersize>
                </control>
            </control>
        </itemlayout>
        <focusedlayout height="553" width="384">
            <control type="group">
                <posy>453</posy>
                <control type="image">
                    <posx>10</posx>
                    <posy>0</posy>
                    <width>364</width>
                    <height>364</height>
                    <aspectratio scalediffuse="false" aligny="bottom">keep</aspectratio>
                    <include>SquareThumb</include>
                    <include>ThumbBorderOverlay</include>
                </control>
                <control type="image">
                    <animation effect="rotate" start="0" end="180" center="192,356" reversible="false" condition="true">Conditional</animation>
                    <posx>10</posx>
                    <posy>0</posy>
                    <width>364</width>
                    <height>364</height>
                    <aspectratio scalediffuse="false" aligny="bottom">keep</aspectratio>
                    <texture flipx="true" background="true" diffuse="common/Thumb_Mask.png" fallback="defaultIconBig.png">$VAR[Thumbs]</texture>
                    <include>ThumbBorderOverlayDiffused</include>
                </control>
            </control>
        </focusedlayout>
    </include>
    <include name="Widget_Episode">
        <posx>0</posx>
        <posy>86</posy>
        <width>1920</width>
        <height>950</height>
        <onleft>300</onleft>
        <onback>300</onback>
        <movement>0</movement>
        <focusposition>2</focusposition>
        <orientation>horizontal</orientation>
        <itemlayout height="553" width="384">
            <control type="group">
                <posy>453</posy>
                <control type="image">
                    <posx>5</posx>
                    <posy>0</posy>
                    <width>374</width>
                    <height>364</height>
                    <aspectratio scalediffuse="false" aligny="bottom">keep</aspectratio>
                    <include>EpisodeThumb</include>
                    <include>ThumbBorder</include>
                </control>
                <control type="image">
                    <animation effect="rotate" start="0" end="180" center="192,356" reversible="false" condition="true">Conditional</animation>
                    <posx>5</posx>
                    <posy>0</posy>
                    <width>374</width>
                    <height>364</height>
                    <aspectratio scalediffuse="false" aligny="bottom">keep</aspectratio>
                    <texture flipx="true" background="true" diffuse="common/Thumb_Mask.png" fallback="defaultIconBig.png">$VAR[Thumbs]</texture>
                    <bordertexture diffuse="common/Thumb_Mask.png" border="27">common/JewelCase.png</bordertexture>
                    <bordersize>27</bordersize>
                </control>
                <control type="image">
                    <posx>324</posx>
                    <posy>309</posy>
                    <width>28</width>
                    <height>28</height>
                    <texture>$VAR[Overlay]</texture>
                </control>
            </control>
        </itemlayout>
        <focusedlayout height="553" width="384">
            <control type="group">
                <posy>453</posy>
                <control type="image">
                    <posx>5</posx>
                    <posy>0</posy>
                    <width>374</width>
                    <height>364</height>
                    <aspectratio scalediffuse="false" aligny="bottom">keep</aspectratio>
                    <include>SquareThumb</include>
                    <include>ThumbBorderOverlay</include>
                </control>
                <control type="image">
                    <animation effect="rotate" start="0" end="180" center="192,356" reversible="false" condition="true">Conditional</animation>
                    <posx>5</posx>
                    <posy>0</posy>
                    <width>374</width>
                    <height>364</height>
                    <aspectratio scalediffuse="false" aligny="bottom">keep</aspectratio>
                    <texture flipx="true" background="true" diffuse="common/Thumb_Mask.png" fallback="defaultIconBig.png">$VAR[Thumbs]</texture>
                    <include>ThumbBorderOverlayDiffused</include>
                </control>
                <control type="image">
                    <posx>324</posx>
                    <posy>309</posy>
                    <width>28</width>
                    <height>28</height>
                    <texture>$VAR[Overlay]</texture>
                </control>
            </control>
        </focusedlayout>
    </include>
    <include name="Widget_Channel">
        <posx>0</posx>
        <posy>86</posy>
        <width>1920</width>
        <height>950</height>
        <onleft>300</onleft>
        <onback>300</onback>
        <orientation>horizontal</orientation>
        <focusposition>2</focusposition>
        <movement>0</movement>
        <preloaditems>4</preloaditems>
        <itemlayout height="553" width="384">
            <control type="group">
                <posy>453</posy>
                <control type="image">
                    <posx>10</posx>
                    <posy>0</posy>
                    <width>364</width>
                    <height>364</height>
                    <aspectratio scalediffuse="false" aligny="bottom">keep</aspectratio>
                    <include>SquareThumb</include>
                    <include>ThumbBorder</include>
                </control>
                <control type="image">
                    <animation effect="rotate" start="0" end="180" center="192,356" reversible="false" condition="true">Conditional</animation>
                    <posx>10</posx>
                    <posy>0</posy>
                    <width>364</width>
                    <height>364</height>
                    <aspectratio scalediffuse="false" aligny="bottom">keep</aspectratio>
                    <texture flipx="true" background="true" diffuse="common/Thumb_Mask.png" fallback="special://skin/backgrounds/default/default.jpg">$VAR[Thumbs]</texture>
                    <bordertexture diffuse="common/Thumb_Mask.png" border="27">common/JewelCase.png</bordertexture>
                    <bordersize>27</bordersize>
                </control>
            </control>
        </itemlayout>
        <focusedlayout height="553" width="384">
            <control type="group">
                <posy>453</posy>
                <control type="image">
                    <posx>10</posx>
                    <posy>0</posy>
                    <width>364</width>
                    <height>364</height>
                    <aspectratio scalediffuse="false" aligny="bottom">keep</aspectratio>
                    <include>SquareThumb</include>
                    <include>ThumbBorderOverlay</include>
                </control>
                <control type="image">
                    <animation effect="rotate" start="0" end="180" center="192,356" reversible="false" condition="true">Conditional</animation>
                    <posx>10</posx>
                    <posy>0</posy>
                    <width>364</width>
                    <height>364</height>
                    <aspectratio scalediffuse="false" aligny="bottom">keep</aspectratio>
                    <texture flipx="true" background="true" diffuse="common/Thumb_Mask.png" fallback="special://skin/backgrounds/default/default.jpg">$VAR[Thumbs]</texture>
                    <include>ThumbBorderOverlayDiffused</include>
                </control>
            </control>
        </focusedlayout>
    </include>
    <include name="ShelfIcons">
        <content>
            <!--RECENTLY ADDED-->
            <item id="702">
                <visible>[control.isvisible(212)+IntegerGreaterThan(Container(212).NumItems,0)]|
                    [control.isvisible(311)+IntegerGreaterThan(Container(311).NumItems,0)]|
                    [control.isvisible(411)+IntegerGreaterThan(Container(411).NumItems,0)]|
                    [control.isvisible(511)+IntegerGreaterThan(Container(511).NumItems,0)]|
                    [control.isvisible(900)+IntegerGreaterThan(Container(900).NumItems,0)]|
                    [control.isvisible(901)+IntegerGreaterThan(Container(901).NumItems,0)]</visible>
                <include>VisibleFadeEffect</include>
                <label>$LOCALIZE[31961]</label>
                <onclick condition="control.isvisible(212)">SetFocus(212)</onclick>
                <onup condition="control.isvisible(212)+!Skin.HasSetting(VerticalHome)">SetFocus(212)</onup>
                <onright condition="control.isvisible(212)+Skin.HasSetting(VerticalHome)">SetFocus(212)</onright>
                <onclick condition="control.isvisible(311)">SetFocus(311)</onclick>
                <onup condition="control.isvisible(311)+!Skin.HasSetting(VerticalHome)">SetFocus(311)</onup>
                <onright condition="control.isvisible(311)+Skin.HasSetting(VerticalHome)">SetFocus(311)</onright>
                <onclick condition="control.isvisible(411)">SetFocus(411)</onclick>
                <onup condition="control.isvisible(411)+!Skin.HasSetting(VerticalHome)">SetFocus(411)</onup>
                <onright condition="control.isvisible(411)+Skin.HasSetting(VerticalHome)">SetFocus(411)</onright>
                <onclick condition="control.isvisible(511)">SetFocus(511)</onclick>
                <onup condition="control.isvisible(511)+!Skin.HasSetting(VerticalHome)">SetFocus(511)</onup>
                <onright condition="control.isvisible(511)+Skin.HasSetting(VerticalHome)">SetFocus(511)</onright>
                <onclick condition="control.isvisible(900)">SetFocus(900)</onclick>
                <onup condition="control.isvisible(900)+!Skin.HasSetting(VerticalHome)">SetFocus(900)</onup>
                <onright condition="control.isvisible(900)+Skin.HasSetting(VerticalHome)">SetFocus(900)</onright>
                <onclick condition="control.isvisible(901)">SetFocus(901)</onclick>
                <onup condition="control.isvisible(901)+!Skin.HasSetting(VerticalHome)">SetFocus(901)</onup>
                <onright condition="control.isvisible(901)+Skin.HasSetting(VerticalHome)">SetFocus(901)</onright>
            </item>
            <!--RECENTLY VIEWED-->
            <item id="703">
                <visible>[control.isvisible(312)+IntegerGreaterThan(Container(312).NumItems,0)]|
                    [control.isvisible(412)+IntegerGreaterThan(Container(412).NumItems,0)]</visible>
                <include>VisibleFadeEffect</include>
                <label>$LOCALIZE[31011]</label>
                <onclick condition="control.isvisible(312)">SetFocus(312)</onclick>
                <onup condition="control.isvisible(312)+!Skin.HasSetting(VerticalHome)">SetFocus(312)</onup>
                <onright condition="control.isvisible(312)+Skin.HasSetting(VerticalHome)">SetFocus(312)</onright>
                <onclick condition="control.isvisible(412)">SetFocus(412)</onclick>
                <onup condition="control.isvisible(412)+!Skin.HasSetting(VerticalHome)">SetFocus(412)</onup>
                <onright condition="control.isvisible(412)+Skin.HasSetting(VerticalHome)">SetFocus(412)</onright>
            </item>
            <!--RECENTLY VIEWED SHOWS-->
            <item id="704">
                <visible>[control.isvisible(413)+IntegerGreaterThan(Container(413).NumItems,0)]</visible>
                <include>VisibleFadeEffect</include>
                <label>$LOCALIZE[31932]</label>
                <onclick condition="control.isvisible(413)">SetFocus(413)</onclick>
                <onup condition="control.isvisible(413)+!Skin.HasSetting(VerticalHome)">SetFocus(413)</onup>
                <onright condition="control.isvisible(413)+Skin.HasSetting(VerticalHome)">SetFocus(413)</onright>
            </item>
            <!--CUSTOM WIDGETS-->
            <item id="7001">
                <visible>!IsEmpty(Container(300).ListItem.Property(widgetName))</visible>
                <visible>
                    [IntegerGreaterThan(Container(700011).NumItems,0)+control.IsVisible(700011)]|
                    [IntegerGreaterThan(Container(700012).NumItems,0)+control.IsVisible(700012)]|
                    [IntegerGreaterThan(Container(700013).NumItems,0)+control.IsVisible(700013)]|
                    [IntegerGreaterThan(Container(700014).NumItems,0)+control.IsVisible(700014)]|
                    [IntegerGreaterThan(Container(700015).NumItems,0)+control.IsVisible(700015)]
                </visible>
                <include>VisibleFadeEffect</include>
                <label>$INFO[Container(300).ListItem.Property(widgetName)]</label>
                <onclick condition="control.isvisible(700011)">SetFocus(700011)</onclick>
                <onup condition="control.isvisible(700011)+!Skin.HasSetting(VerticalHome)">SetFocus(700011)</onup>
                <onright condition="control.isvisible(700011)+Skin.HasSetting(VerticalHome)">SetFocus(700011)</onright>
                <onclick condition="control.isvisible(700012)">SetFocus(700012)</onclick>
                <onup condition="control.isvisible(700012)+!Skin.HasSetting(VerticalHome)">SetFocus(700012)</onup>
                <onright condition="control.isvisible(700012)+Skin.HasSetting(VerticalHome)">SetFocus(700012)</onright>
                <onclick condition="control.isvisible(700013)">SetFocus(700013)</onclick>
                <onup condition="control.isvisible(700013)+!Skin.HasSetting(VerticalHome)">SetFocus(700013)</onup>
                <onright condition="control.isvisible(700013)+Skin.HasSetting(VerticalHome)">SetFocus(700013)</onright>
                <onclick condition="control.isvisible(700014)">SetFocus(700014)</onclick>
                <onup condition="control.isvisible(700014)+!Skin.HasSetting(VerticalHome)">SetFocus(700014)</onup>
                <onright condition="control.isvisible(700014)+Skin.HasSetting(VerticalHome)">SetFocus(700014)</onright>
                <onclick condition="control.isvisible(700015)">SetFocus(700015)</onclick>
                <onup condition="control.isvisible(700015)+!Skin.HasSetting(VerticalHome)">SetFocus(700015)</onup>
                <onright condition="control.isvisible(700015)+Skin.HasSetting(VerticalHome)">SetFocus(700015)</onright>
            </item>
            <item id="7002">
                <visible>!IsEmpty(Container(300).ListItem.Property(widgetName.1))</visible>
                <visible>
                    [IntegerGreaterThan(Container(700021).NumItems,0)+control.IsVisible(700021)]|
                    [IntegerGreaterThan(Container(700022).NumItems,0)+control.IsVisible(700022)]|
                    [IntegerGreaterThan(Container(700023).NumItems,0)+control.IsVisible(700023)]|
                    [IntegerGreaterThan(Container(700024).NumItems,0)+control.IsVisible(700024)]|
                    [IntegerGreaterThan(Container(700025).NumItems,0)+control.IsVisible(700025)]
                </visible>
                <include>VisibleFadeEffect</include>
                <label>$INFO[Container(300).ListItem.Property(widgetName.1)]</label>
                <onclick condition="control.isvisible(700021)">SetFocus(700021)</onclick>
                <onup condition="control.isvisible(700021)+!Skin.HasSetting(VerticalHome)">SetFocus(700021)</onup>
                <onright condition="control.isvisible(700021)+Skin.HasSetting(VerticalHome)">SetFocus(700021)</onright>
                <onclick condition="control.isvisible(700022)">SetFocus(700022)</onclick>
                <onup condition="control.isvisible(700022)+!Skin.HasSetting(VerticalHome)">SetFocus(700022)</onup>
                <onright condition="control.isvisible(700022)+Skin.HasSetting(VerticalHome)">SetFocus(700022)</onright>
                <onclick condition="control.isvisible(700023)">SetFocus(700023)</onclick>
                <onup condition="control.isvisible(700023)+!Skin.HasSetting(VerticalHome)">SetFocus(700023)</onup>
                <onright condition="control.isvisible(700023)+Skin.HasSetting(VerticalHome)">SetFocus(700023)</onright>
                <onclick condition="control.isvisible(700024)">SetFocus(700024)</onclick>
                <onup condition="control.isvisible(700024)+!Skin.HasSetting(VerticalHome)">SetFocus(700024)</onup>
                <onright condition="control.isvisible(700024)+Skin.HasSetting(VerticalHome)">SetFocus(700024)</onright>
                <onclick condition="control.isvisible(700025)">SetFocus(700025)</onclick>
                <onup condition="control.isvisible(700025)+!Skin.HasSetting(VerticalHome)">SetFocus(700025)</onup>
                <onright condition="control.isvisible(700025)+Skin.HasSetting(VerticalHome)">SetFocus(700025)</onright>
            </item>
            <item id="7003">
                <visible>!IsEmpty(Container(300).ListItem.Property(widgetName.2))</visible>
                <visible>
                    [IntegerGreaterThan(Container(700031).NumItems,0)+control.IsVisible(700031)]|
                    [IntegerGreaterThan(Container(700032).NumItems,0)+control.IsVisible(700032)]|
                    [IntegerGreaterThan(Container(700033).NumItems,0)+control.IsVisible(700033)]|
                    [IntegerGreaterThan(Container(700034).NumItems,0)+control.IsVisible(700034)]|
                    [IntegerGreaterThan(Container(700035).NumItems,0)+control.IsVisible(700035)]
                </visible>
                <include>VisibleFadeEffect</include>
                <label>$INFO[Container(300).ListItem.Property(widgetName.2)]</label>
                <onclick condition="control.isvisible(700031)">SetFocus(700031)</onclick>
                <onup condition="control.isvisible(700031)+!Skin.HasSetting(VerticalHome)">SetFocus(700031)</onup>
                <onright condition="control.isvisible(700031)+Skin.HasSetting(VerticalHome)">SetFocus(700031)</onright>
                <onclick condition="control.isvisible(700032)">SetFocus(700032)</onclick>
                <onup condition="control.isvisible(700032)+!Skin.HasSetting(VerticalHome)">SetFocus(700032)</onup>
                <onright condition="control.isvisible(700032)+Skin.HasSetting(VerticalHome)">SetFocus(700032)</onright>
                <onclick condition="control.isvisible(700033)">SetFocus(700033)</onclick>
                <onup condition="control.isvisible(700033)+!Skin.HasSetting(VerticalHome)">SetFocus(700033)</onup>
                <onright condition="control.isvisible(700033)+Skin.HasSetting(VerticalHome)">SetFocus(700033)</onright>
                <onclick condition="control.isvisible(700034)">SetFocus(700034)</onclick>
                <onup condition="control.isvisible(700034)+!Skin.HasSetting(VerticalHome)">SetFocus(700034)</onup>
                <onright condition="control.isvisible(700034)+Skin.HasSetting(VerticalHome)">SetFocus(700034)</onright>
                <onclick condition="control.isvisible(700035)">SetFocus(700035)</onclick>
                <onup condition="control.isvisible(700035)+!Skin.HasSetting(VerticalHome)">SetFocus(700035)</onup>
                <onright condition="control.isvisible(700035)+Skin.HasSetting(VerticalHome)">SetFocus(700035)</onright>
            </item>
            <item id="7004">
                <visible>!IsEmpty(Container(300).ListItem.Property(widgetName.3))</visible>
                <visible>
                    [IntegerGreaterThan(Container(700041).NumItems,0)+control.IsVisible(700041)]|
                    [IntegerGreaterThan(Container(700042).NumItems,0)+control.IsVisible(700042)]|
                    [IntegerGreaterThan(Container(700043).NumItems,0)+control.IsVisible(700043)]|
                    [IntegerGreaterThan(Container(700044).NumItems,0)+control.IsVisible(700044)]|
                    [IntegerGreaterThan(Container(700045).NumItems,0)+control.IsVisible(700045)]
                </visible>
                <include>VisibleFadeEffect</include>
                <label>$INFO[Container(300).ListItem.Property(widgetName.3)]</label>
                <onclick condition="control.isvisible(700041)">SetFocus(700041)</onclick>
                <onup condition="control.isvisible(700041)+!Skin.HasSetting(VerticalHome)">SetFocus(700041)</onup>
                <onright condition="control.isvisible(700041)+Skin.HasSetting(VerticalHome)">SetFocus(700041)</onright>
                <onclick condition="control.isvisible(700042)">SetFocus(700042)</onclick>
                <onup condition="control.isvisible(700042)+!Skin.HasSetting(VerticalHome)">SetFocus(700042)</onup>
                <onright condition="control.isvisible(700042)+Skin.HasSetting(VerticalHome)">SetFocus(700042)</onright>
                <onclick condition="control.isvisible(700043)">SetFocus(700043)</onclick>
                <onup condition="control.isvisible(700043)+!Skin.HasSetting(VerticalHome)">SetFocus(700043)</onup>
                <onright condition="control.isvisible(700043)+Skin.HasSetting(VerticalHome)">SetFocus(700043)</onright>
                <onclick condition="control.isvisible(700044)">SetFocus(700044)</onclick>
                <onup condition="control.isvisible(700044)+!Skin.HasSetting(VerticalHome)">SetFocus(700044)</onup>
                <onright condition="control.isvisible(700044)+Skin.HasSetting(VerticalHome)">SetFocus(700044)</onright>
                <onclick condition="control.isvisible(700045)">SetFocus(700045)</onclick>
                <onup condition="control.isvisible(700045)+!Skin.HasSetting(VerticalHome)">SetFocus(700045)</onup>
                <onright condition="control.isvisible(700045)+Skin.HasSetting(VerticalHome)">SetFocus(700045)</onright>
            </item>
            <item id="7005">
                <visible>!IsEmpty(Container(300).ListItem.Property(widgetName.4))</visible>
                <visible>
                    [IntegerGreaterThan(Container(700051).NumItems,0)+control.IsVisible(700051)]|
                    [IntegerGreaterThan(Container(700052).NumItems,0)+control.IsVisible(700052)]|
                    [IntegerGreaterThan(Container(700053).NumItems,0)+control.IsVisible(700053)]|
                    [IntegerGreaterThan(Container(700054).NumItems,0)+control.IsVisible(700054)]|
                    [IntegerGreaterThan(Container(700055).NumItems,0)+control.IsVisible(700055)]
                </visible>
                <include>VisibleFadeEffect</include>
                <label>$INFO[Container(300).ListItem.Property(widgetName.4)]</label>
                <onclick condition="control.isvisible(700051)">SetFocus(700051)</onclick>
                <onup condition="control.isvisible(700051)+!Skin.HasSetting(VerticalHome)">SetFocus(700051)</onup>
                <onright condition="control.isvisible(700051)+Skin.HasSetting(VerticalHome)">SetFocus(700051)</onright>
                <onclick condition="control.isvisible(700052)">SetFocus(700052)</onclick>
                <onup condition="control.isvisible(700052)+!Skin.HasSetting(VerticalHome)">SetFocus(700052)</onup>
                <onright condition="control.isvisible(700052)+Skin.HasSetting(VerticalHome)">SetFocus(700052)</onright>
                <onclick condition="control.isvisible(700053)">SetFocus(700053)</onclick>
                <onup condition="control.isvisible(700053)+!Skin.HasSetting(VerticalHome)">SetFocus(700053)</onup>
                <onright condition="control.isvisible(700053)+Skin.HasSetting(VerticalHome)">SetFocus(700053)</onright>
                <onclick condition="control.isvisible(700054)">SetFocus(700054)</onclick>
                <onup condition="control.isvisible(700054)+!Skin.HasSetting(VerticalHome)">SetFocus(700054)</onup>
                <onright condition="control.isvisible(700054)+Skin.HasSetting(VerticalHome)">SetFocus(700054)</onright>
                <onclick condition="control.isvisible(700055)">SetFocus(700055)</onclick>
                <onup condition="control.isvisible(700055)+!Skin.HasSetting(VerticalHome)">SetFocus(700055)</onup>
                <onright condition="control.isvisible(700055)+Skin.HasSetting(VerticalHome)">SetFocus(700055)</onright>
            </item>
        </content>
    </include>
    <include name="WidgetsCollection">
        <control type="group" id="700">
            <posy>-1080</posy>

            <!-- -->
            <!--PLEX-->
            <!-- -->

            <!--PICTURES-->
            <include condition="!Skin.HasSetting(Hide.RecentlyAdded) + Skin.HasSetting(plexbmc)" name="Widget">
                <param name="gfxType" value="Square"/>
                <param name="content" value="PlexRecentPhotoContent"/>
                <param name="id" value="900"/>
                <param name="visibility" value="!IsEmpty(Window.Property(Plexbmc.LatestPhoto.1.Path))+StringCompare(Container(300).ListItem.Property(type),photo)"/>
                <param name="labelTitle" value="$INFO[Container(900).ListItem.Label]"/>
                <param name="labelLeft" value=""/>
                <param name="labelCenter" value=""/>
                <param name="labelRight" value=""/>
                <param name="visibilityLabelRight" value="false"/>
            </include>
            <!--QUEUE-->
            <include condition="!Skin.HasSetting(Hide.RecentlyAdded) + Skin.HasSetting(plexbmc)" name="Widget">
                <param name="gfxType" value="Square"/>
                <param name="content" value="PlexQueueContent"/>
                <param name="id" value="901"/>
                <param name="visibility" value="!IsEmpty(Window.Property(Plexbmc.Queue.1.Path))+StringCompare(Container(300).ListItem.Label,$LOCALIZE[31010])"/>
                <param name="labelTitle" value="$INFO[Container(901).ListItem.Label]"/>
                <param name="labelLeft" value=""/>
                <param name="labelCenter" value=""/>
                <param name="labelRight" value=""/>
                <param name="visibilityLabelRight" value="false"/>
            </include>
            <!--MOVIES-->
            <include condition="!Skin.HasSetting(Hide.RecentlyAdded) + Skin.HasSetting(plexbmc)" name="Widget">
                <param name="gfxType" value="Poster"/>
                <param name="content" value="PlexRecentMovieContent"/>
                <param name="id" value="311"/>
                <param name="visibility" value="!IsEmpty(Window(Home).Property(Plexbmc.LatestMovie.1.Path))+StringCompare(Container(300).ListItem.Property(type),movie)"/>
                <param name="labelTitle" value="$INFO[Container(311).ListItem.Label]"/>
                <param name="labelLeft" value="$INFO[Container(311).ListItem.Property(Runtime),, $LOCALIZE[31297]]"/>
                <param name="labelCenter" value="$INFO[Container(311).ListItem.Property(Year)]$INFO[Container(311).ListItem.Property(Mpaa),  •  ]$INFO[Container(311).ListItem.Property(Genre),  •  ]"/>
                <param name="labelRight" value="$INFO[Container(311).ListItem.Property(Rating)]"/>
                <param name="visibilityLabelRight" value="true"/>
            </include>
            <include condition="!Skin.HasSetting(Hide.RecentlyAdded) + Skin.HasSetting(plexbmc)" name="Widget">
                <param name="gfxType" value="Poster"/>
                <param name="content" value="PlexOnDeckMovieContent"/>
                <param name="id" value="312"/>
                <param name="visibility" value="!IsEmpty(Window(Home).Property(Plexbmc.OnDeckMovie.1.Path))+StringCompare(Container(300).ListItem.Property(type),movie)"/>
                <param name="labelTitle" value="$INFO[Container(312).ListItem.Label]"/>
                <param name="labelLeft" value="$INFO[Container(312).ListItem.Property(Runtime),, $LOCALIZE[31297]]"/>
                <param name="labelCenter" value="$INFO[Container(312).ListItem.Property(Year)]$INFO[Container(312).ListItem.Property(Mpaa),  •  ]$INFO[Container(312).ListItem.Property(Genre),  •  ]"/>
                <param name="labelRight" value="$INFO[Container(312).ListItem.Property(Rating)]"/>
                <param name="visibilityLabelRight" value="true"/>
            </include>
            <!--ALBUMS-->
            <include condition="!Skin.HasSetting(Hide.RecentlyAdded) + Skin.HasSetting(plexbmc)" name="Widget">
                <param name="gfxType" value="Square"/>
                <param name="content" value="PlexRecentAlbumContent"/>
                <param name="id" value="511"/>
                <param name="visibility" value="!IsEmpty(Window(Home).Property(Plexbmc.LatestAlbum.1.Title))+StringCompare(Container(300).ListItem.Property(type),artist)"/>
                <param name="labelTitle" value="$INFO[Container(511).ListItem.Label]"/>
                <param name="labelLeft" value=""/>
                <param name="labelCenter" value="$INFO[Container(511).ListItem.Label2]"/>
                <param name="labelRight" value=""/>
                <param name="visibilityLabelRight" value="false"/>
            </include>
            <!--CHANNELS-->
            <include condition="!Skin.HasSetting(Hide.RecentlyAdded) + Skin.HasSetting(plexbmc)" name="Widget">
                <param name="gfxType" value="Square"/>
                <param name="content" value="PlexRecentChannelContent"/>
                <param name="id" value="212"/>
                <param name="visibility" value="!IsEmpty(Window.Property(Plexbmc.LatestChannel.1.Path))+Container(300).HasFocus(50)"/>
                <param name="labelTitle" value="$INFO[Container(212).ListItem.Label]"/>
                <param name="labelLeft" value=""/>
                <param name="labelCenter" value=""/>
                <param name="labelRight" value=""/>
                <param name="visibilityLabelRight" value="false"/>
            </include>
            <!--EPISODES-->
            <include condition="!Skin.HasSetting(Hide.RecentlyAdded) + Skin.HasSetting(plexbmc)" name="Widget">
                <param name="gfxType" value="Poster"/>
                <param name="content" value="PlexRecentEpisodeContent"/>
                <param name="id" value="411"/>
                <param name="visibility" value="!IsEmpty(Window(Home).Property(Plexbmc.LatestEpisode.1.Path))+StringCompare(Container(300).ListItem.Property(type),show)"/>
                <param name="labelTitle" value="$INFO[Container(411).ListItem.Property(TVshowTitle)]"/>
                <param name="labelLeft" value="$INFO[Container(411).ListItem.Property(Runtime),, $LOCALIZE[31297]]"/>
                <param name="labelCenter" value="$INFO[Container(411).ListItem.Property(SeasonEpisode),,  •  ]$INFO[Container(411).ListItem.Label]"/>
                <param name="labelRight" value="$INFO[Container(411).ListItem.Property(Rating)]"/>
                <param name="visibilityLabelRight" value="true"/>
            </include>
            <include condition="!Skin.HasSetting(Hide.RecentlyAdded) + Skin.HasSetting(plexbmc)" name="Widget">
                <param name="gfxType" value="Poster"/>
                <param name="content" value="PlexOnDeckEpisodeContent"/>
                <param name="id" value="412"/>
                <param name="visibility" value="!IsEmpty(Window(Home).Property(Plexbmc.OnDeckEpisode.1.Path))+StringCompare(Container(300).ListItem.Property(type),show)"/>
                <param name="labelTitle" value="$INFO[Container(412).ListItem.Property(TVshowTitle)]"/>
                <param name="labelLeft" value="$INFO[Container(412).ListItem.Property(Runtime),, $LOCALIZE[31297]]"/>
                <param name="labelCenter" value="$INFO[Container(412).ListItem.Property(SeasonEpisode),,  •  ]$INFO[Container(412).ListItem.Label]"/>
                <param name="labelRight" value="$INFO[Container(412).ListItem.Property(Rating)]"/>
                <param name="visibilityLabelRight" value="true"/>
            </include>
            <include condition="!Skin.HasSetting(Hide.RecentlyAdded) + Skin.HasSetting(plexbmc)" name="Widget">
                <param name="gfxType" value="Poster"/>
                <param name="content" value="PlexRecentlyViewedShowContent"/>
                <param name="id" value="413"/>
                <param name="visibility" value="!IsEmpty(Window(Home).Property(Plexbmc.RecentlyViewedShow.1.Path))+StringCompare(Container(300).ListItem.Property(type),show)"/>
                <param name="labelTitle" value="$INFO[Container(413).ListItem.Label]"/>
                <param name="labelLeft" value="$INFO[Container(413).ListItem.Property(Runtime),, $LOCALIZE[31297]]"/>
                <param name="labelCenter" value="$INFO[Container(413).ListItem.Property(Year)]$INFO[Container(413).ListItem.Property(Mpaa),  •  ]$INFO[Container(413).ListItem.Property(Genre),  •  ]"/>
                <param name="labelRight" value="$INFO[Container(413).ListItem.Property(Rating)]"/>
                <param name="visibilityLabelRight" value="true"/>
            </include>

            <!-- -->
            <!--CUSTOM WIDGETS-->
            <!-- -->

            <!--WIDGET 1-->
            <include condition="!Skin.HasSetting(Hide.RecentlyAdded)" name="CustomWidget">
                <param name="gfxType" value="Poster"/>
                <param name="content" value="$INFO[Container(300).ListItem.Property(widgetPath)]"/>
                <param name="id" value="700011"/>
                <param name="visibility" value="SubString(Container(300).ListItem.Property(widgetType),season,Left)|
                    SubString(Container(300).ListItem.Property(widgetType),actor,Left)|
                    SubString(Container(300).ListItem.Property(widgetType),director,Left)|
                    SubString(Container(300).ListItem.Property(widgetType),set,Left)|
                    SubString(Container(300).ListItem.Property(widgetType),video,Left)|
                    SubString(Container(300).ListItem.Property(widgetType),movie,Left)|
                    SubString(Container(300).ListItem.Property(widgetType),tvshow,Left)|
                    [SubString(Container(300).ListItem.Property(widgetType),musicvideo,Left)+StringCompare(Container(300).ListItem.Property(labelID),$LOCALIZE[31971])]"/>
                <param name="labelTitle" value="$INFO[Container(700011).ListItem.TVShowTitle,,  •  ]$INFO[Container(700011).ListItem.Label]"/>
                <param name="labelLeft" value="$INFO[Container(700011).ListItem.Duration,, $LOCALIZE[31297]]"/>
                <param name="labelCenter" value="$INFO[Container(700011).ListItem.Year]$INFO[Container(700011).ListItem.MPAA,  •  ]$INFO[Container(700011).ListItem.Genre,  •  ]"/>
                <param name="labelRight" value="$INFO[Container(700011).ListItem.Rating]"/>
                <param name="visibilityLabelRight" value="true"/>
                <param name="target" value="$INFO[Container(300).ListItem.Property(widgetTarget)]"/>
            </include>
            <include condition="!Skin.HasSetting(Hide.RecentlyAdded)" name="CustomWidget">
                <param name="gfxType" value="Episode"/>
                <param name="content" value="$INFO[Container(300).ListItem.Property(widgetPath)]"/>
                <param name="id" value="700012"/>
                <param name="visibility" value="SubString(Container(300).ListItem.Property(widgetType),episode,Left)|
                    [SubString(Container(300).ListItem.Property(widgetType),musicvideo,Left)+!StringCompare(Container(300).ListItem.Property(labelID),$LOCALIZE[31971])]"/>
                <param name="labelTitle" value="$INFO[Container(700012).ListItem.TVShowTitle,,  •  ]$INFO[Container(700012).ListItem.Label]"/>
                <param name="labelLeft" value="$INFO[Container(700012).ListItem.Duration,, $LOCALIZE[31297]]"/>
                <param name="labelCenter" value="$INFO[Container(700012).ListItem.Artist,,  •  ]$INFO[Container(700012).ListItem.Year]$INFO[Container(700012).ListItem.MPAA,  •  ]$INFO[Container(700012).ListItem.Genre,  •  ]"/>
                <param name="labelRight" value="$INFO[Container(700012).ListItem.Rating]"/>
                <param name="visibilityLabelRight" value="true"/>
                <param name="target" value="$INFO[Container(300).ListItem.Property(widgetTarget)]"/>
            </include>
            <include condition="!Skin.HasSetting(Hide.RecentlyAdded)" name="CustomWidget">
                <param name="gfxType" value="Square"/>
                <param name="content" value="$INFO[Container(300).ListItem.Property(widgetPath)]"/>
                <param name="id" value="700013"/>
                <param name="visibility" value="StringCompare(Container(300).ListItem.Property(widgetType),audio)|
                    SubString(Container(300).ListItem.Property(widgetType),album,Left)|
                    SubString(Container(300).ListItem.Property(widgetType),song,Left)"/>
                <param name="labelTitle" value="$INFO[Container(700013).ListItem.Label]"/>
                <param name="labelLeft" value=""/>
                <param name="labelCenter" value="$INFO[Container(700013).ListItem.Artist,,  •  ]$INFO[Container(700013).ListItem.Year]$INFO[Container(700013).ListItem.Genre,  •  ]"/>
                <param name="labelRight" value=""/>
                <param name="visibilityLabelRight" value="false"/>
                <param name="target" value="$INFO[Container(300).ListItem.Property(widgetTarget)]"/>
            </include>
            <include condition="!Skin.HasSetting(Hide.RecentlyAdded)" name="CustomWidget">
                <param name="gfxType" value="Channel"/>
                <param name="content" value="$INFO[Container(300).ListItem.Property(widgetPath)]"/>
                <param name="id" value="700014"/>
                <param name="visibility" value="StringCompare(Container(300).ListItem.Property(widgetType),pvr)"/>
                <param name="labelTitle" value="$INFO[Container(700014).ListItem.Label]"/>
                <param name="labelLeft" value=""/>
                <param name="labelCenter" value="$INFO[Container(700014).ListItem.Label2,,  •  ]$INFO[Container(700014).ListItem.Duration,, $LOCALIZE[31297]       ]$INFO[Container(700014).ListItem.Genre]"/>
                <param name="labelRight" value=""/>
                <param name="visibilityLabelRight" value="false"/>
                <param name="target" value="$INFO[Container(300).ListItem.Property(widgetTarget)]"/>
            </include>
            <include condition="!Skin.HasSetting(Hide.RecentlyAdded)" name="CustomWidget">
                <param name="gfxType" value="Square"/>
                <param name="content" value="$INFO[Container(300).ListItem.Property(widgetPath)]"/>
                <param name="id" value="700015"/>
                <param name="visibility" value="SubString(Container(300).ListItem.Property(widgetType),genre,Left)|
                    SubString(Container(300).ListItem.Property(widgetType),year,Left)|
                    SubString(Container(300).ListItem.Property(widgetType),playlist,Left)|
                    SubString(Container(300).ListItem.Property(widgetType),plugin,Left)|
                    SubString(Container(300).ListItem.Property(widgetType),studio,Left)|
                    SubString(Container(300).ListItem.Property(widgetType),tag,Left)|
                    SubString(Container(300).ListItem.Property(widgetType),countr,Left)|
                    SubString(Container(300).ListItem.Property(widgetType),role,Left)|
                    SubString(Container(300).ListItem.Property(widgetType),image,Left)|
                    SubString(Container(300).ListItem.Property(widgetType),artist,Left)|
                    SubString(Container(300).ListItem.Property(widgetType),file,Left)|
                    SubString(Container(300).ListItem.Property(widgetType),picture,Left)|
                    SubString(Container(300).ListItem.Property(widgetType),addon,Left)|
                    SubString(Container(300).ListItem.Property(widgetType),program,Left)"/>
                <param name="labelTitle" value="$INFO[Container(700015).ListItem.Label]"/>
                <param name="labelLeft" value=""/>
                <param name="labelCenter" value=""/>
                <param name="labelRight" value=""/>
                <param name="visibilityLabelRight" value="false"/>
                <param name="target" value="$INFO[Container(300).ListItem.Property(widgetTarget)]"/>
            </include>
            <!--WIDGET 2-->
            <include condition="!Skin.HasSetting(Hide.RecentlyAdded)" name="CustomWidget">
                <param name="gfxType" value="Poster"/>
                <param name="content" value="$INFO[Container(300).ListItem.Property(widgetPath.1)]"/>
                <param name="id" value="700021"/>
                <param name="visibility" value="SubString(Container(300).ListItem.Property(widgetType.1),season,Left)|
                    SubString(Container(300).ListItem.Property(widgetType.1),actor,Left)|
                    SubString(Container(300).ListItem.Property(widgetType.1),director,Left)|
                    SubString(Container(300).ListItem.Property(widgetType.1),set,Left)|
                    SubString(Container(300).ListItem.Property(widgetType.1),video,Left)|
                    SubString(Container(300).ListItem.Property(widgetType.1),movie,Left)|
                    SubString(Container(300).ListItem.Property(widgetType.1),tvshow,Left)|
                    [SubString(Container(300).ListItem.Property(widgetType.1),musicvideo,Left)+StringCompare(Container(300).ListItem.Property(labelID),$LOCALIZE[31971])]"/>
                <param name="labelTitle" value="$INFO[Container(700021).ListItem.TVShowTitle,,  •  ]$INFO[Container(700021).ListItem.Label]"/>
                <param name="labelLeft" value="$INFO[Container(700021).ListItem.Duration,, $LOCALIZE[31297]]"/>
                <param name="labelCenter" value="$INFO[Container(700021).ListItem.Year]$INFO[Container(700021).ListItem.MPAA,  •  ]$INFO[Container(700021).ListItem.Genre,  •  ]"/>
                <param name="labelRight" value="$INFO[Container(700021).ListItem.Rating]"/>
                <param name="visibilityLabelRight" value="true"/>
                <param name="target" value="$INFO[Container(300).ListItem.Property(widgetTarget.1)]"/>
            </include>
            <include condition="!Skin.HasSetting(Hide.RecentlyAdded)" name="CustomWidget">
                <param name="gfxType" value="Episode"/>
                <param name="content" value="$INFO[Container(300).ListItem.Property(widgetPath.1)]"/>
                <param name="id" value="700022"/>
                <param name="visibility" value="SubString(Container(300).ListItem.Property(widgetType.1),episode,Left)|
                    [SubString(Container(300).ListItem.Property(widgetType.1),musicvideo,Left)+!StringCompare(Container(300).ListItem.Property(labelID),$LOCALIZE[31971])]"/>
                <param name="labelTitle" value="$INFO[Container(700022).ListItem.TVShowTitle,,  •  ]$INFO[Container(700022).ListItem.Label]"/>
                <param name="labelLeft" value="$INFO[Container(700022).ListItem.Duration,, $LOCALIZE[31297]]"/>
                <param name="labelCenter" value="$INFO[Container(700022).ListItem.Artist,,  •  ]$INFO[Container(700022).ListItem.Year]$INFO[Container(700022).ListItem.MPAA,  •  ]$INFO[Container(700022).ListItem.Genre,  •  ]"/>
                <param name="labelRight" value="$INFO[Container(700022).ListItem.Rating]"/>
                <param name="visibilityLabelRight" value="true"/>
                <param name="target" value="$INFO[Container(300).ListItem.Property(widgetTarget.1)]"/>
            </include>
            <include condition="!Skin.HasSetting(Hide.RecentlyAdded)" name="CustomWidget">
                <param name="gfxType" value="Square"/>
                <param name="content" value="$INFO[Container(300).ListItem.Property(widgetPath.1)]"/>
                <param name="id" value="700023"/>
                <param name="visibility" value="StringCompare(Container(300).ListItem.Property(widgetType.1),audio)|
                    SubString(Container(300).ListItem.Property(widgetType.1),album,Left)|
                    SubString(Container(300).ListItem.Property(widgetType.1),song,Left)"/>
                <param name="labelTitle" value="$INFO[Container(700023).ListItem.Label]"/>
                <param name="labelLeft" value=""/>
                <param name="labelCenter" value="$INFO[Container(700023).ListItem.Artist,,  •  ]$INFO[Container(700023).ListItem.Year]$INFO[Container(700023).ListItem.Genre,  •  ]"/>
                <param name="labelRight" value=""/>
                <param name="visibilityLabelRight" value="false"/>
                <param name="target" value="$INFO[Container(300).ListItem.Property(widgetTarget.1)]"/>
            </include>
            <include condition="!Skin.HasSetting(Hide.RecentlyAdded)" name="CustomWidget">
                <param name="gfxType" value="Channel"/>
                <param name="content" value="$INFO[Container(300).ListItem.Property(widgetPath.1)]"/>
                <param name="id" value="700024"/>
                <param name="visibility" value="StringCompare(Container(300).ListItem.Property(widgetType.1),pvr)"/>
                <param name="labelTitle" value="$INFO[Container(700024).ListItem.Label]"/>
                <param name="labelLeft" value=""/>
                <param name="labelCenter" value="$INFO[Container(700024).ListItem.Label2,,  •  ]$INFO[Container(700024).ListItem.Duration,, $LOCALIZE[31297]       ]$INFO[Container(700024).ListItem.Genre]"/>
                <param name="labelRight" value=""/>
                <param name="visibilityLabelRight" value="false"/>
                <param name="target" value="$INFO[Container(300).ListItem.Property(widgetTarget.1)]"/>
            </include>
            <include condition="!Skin.HasSetting(Hide.RecentlyAdded)" name="CustomWidget">
                <param name="gfxType" value="Square"/>
                <param name="content" value="$INFO[Container(300).ListItem.Property(widgetPath.1)]"/>
                <param name="id" value="700025"/>
                <param name="visibility" value="SubString(Container(300).ListItem.Property(widgetType.1),genre,Left)|
                    SubString(Container(300).ListItem.Property(widgetType.1),year,Left)|
                    SubString(Container(300).ListItem.Property(widgetType.1),playlist,Left)|
                    SubString(Container(300).ListItem.Property(widgetType.1),plugin,Left)|
                    SubString(Container(300).ListItem.Property(widgetType.1),studio,Left)|
                    SubString(Container(300).ListItem.Property(widgetType.1),tag,Left)|
                    SubString(Container(300).ListItem.Property(widgetType.1),countr,Left)|
                    SubString(Container(300).ListItem.Property(widgetType.1),role,Left)|
                    SubString(Container(300).ListItem.Property(widgetType.1),image,Left)|
                    SubString(Container(300).ListItem.Property(widgetType.1),artist,Left)|
                    SubString(Container(300).ListItem.Property(widgetType.1),file,Left)|
                    SubString(Container(300).ListItem.Property(widgetType.1),picture,Left)|
                    SubString(Container(300).ListItem.Property(widgetType.1),addon,Left)|
                    SubString(Container(300).ListItem.Property(widgetType.1),program,Left)"/>
                <param name="labelTitle" value="$INFO[Container(700025).ListItem.Label]"/>
                <param name="labelLeft" value=""/>
                <param name="labelCenter" value=""/>
                <param name="labelRight" value=""/>
                <param name="visibilityLabelRight" value="false"/>
                <param name="target" value="$INFO[Container(300).ListItem.Property(widgetTarget.1)]"/>
            </include>
            <!--WIDGET 3-->
            <include condition="!Skin.HasSetting(Hide.RecentlyAdded)" name="CustomWidget">
                <param name="gfxType" value="Poster"/>
                <param name="content" value="$INFO[Container(300).ListItem.Property(widgetPath.2)]"/>
                <param name="id" value="700031"/>
                <param name="visibility" value="SubString(Container(300).ListItem.Property(widgetType.2),season,Left)|
                    SubString(Container(300).ListItem.Property(widgetType.2),actor,Left)|
                    SubString(Container(300).ListItem.Property(widgetType.2),director,Left)|
                    SubString(Container(300).ListItem.Property(widgetType.2),set,Left)|
                    SubString(Container(300).ListItem.Property(widgetType.2),video,Left)|
                    SubString(Container(300).ListItem.Property(widgetType.2),movie,Left)|
                    SubString(Container(300).ListItem.Property(widgetType.2),tvshow,Left)|
                    [SubString(Container(300).ListItem.Property(widgetType.2),musicvideo,Left)+StringCompare(Container(300).ListItem.Property(labelID),$LOCALIZE[31971])]"/>
                <param name="labelTitle" value="$INFO[Container(700031).ListItem.TVShowTitle,,  •  ]$INFO[Container(700031).ListItem.Label]"/>
                <param name="labelLeft" value="$INFO[Container(700031).ListItem.Duration,, $LOCALIZE[31297]]"/>
                <param name="labelCenter" value="$INFO[Container(700031).ListItem.Year]$INFO[Container(700031).ListItem.MPAA,  •  ]$INFO[Container(700031).ListItem.Genre,  •  ]"/>
                <param name="labelRight" value="$INFO[Container(700031).ListItem.Rating]"/>
                <param name="visibilityLabelRight" value="true"/>
                <param name="target" value="$INFO[Container(300).ListItem.Property(widgetTarget.2)]"/>
            </include>
            <include condition="!Skin.HasSetting(Hide.RecentlyAdded)" name="CustomWidget">
                <param name="gfxType" value="Episode"/>
                <param name="content" value="$INFO[Container(300).ListItem.Property(widgetPath.2)]"/>
                <param name="id" value="700032"/>
                <param name="visibility" value="SubString(Container(300).ListItem.Property(widgetType.2),episode,Left)|
                    [SubString(Container(300).ListItem.Property(widgetType.2),musicvideo,Left)+!StringCompare(Container(300).ListItem.Property(labelID),$LOCALIZE[31971])]"/>
                <param name="labelTitle" value="$INFO[Container(700032).ListItem.TVShowTitle,,  •  ]$INFO[Container(700032).ListItem.Label]"/>
                <param name="labelLeft" value="$INFO[Container(700032).ListItem.Duration,, $LOCALIZE[31297]]"/>
                <param name="labelCenter" value="$INFO[Container(700032).ListItem.Artist,,  •  ]$INFO[Container(700032).ListItem.Year]$INFO[Container(700032).ListItem.MPAA,  •  ]$INFO[Container(700032).ListItem.Genre,  •  ]"/>
                <param name="labelRight" value="$INFO[Container(700032).ListItem.Rating]"/>
                <param name="visibilityLabelRight" value="true"/>
                <param name="target" value="$INFO[Container(300).ListItem.Property(widgetTarget.2)]"/>
            </include>
            <include condition="!Skin.HasSetting(Hide.RecentlyAdded)" name="CustomWidget">
                <param name="gfxType" value="Square"/>
                <param name="content" value="$INFO[Container(300).ListItem.Property(widgetPath.2)]"/>
                <param name="id" value="700033"/>
                <param name="visibility" value="StringCompare(Container(300).ListItem.Property(widgetType.2),audio)|
                    SubString(Container(300).ListItem.Property(widgetType.2),album,Left)|
                    SubString(Container(300).ListItem.Property(widgetType.2),song,Left)"/>
                <param name="labelTitle" value="$INFO[Container(700033).ListItem.Label]"/>
                <param name="labelLeft" value=""/>
                <param name="labelCenter" value="$INFO[Container(700033).ListItem.Artist,,  •  ]$INFO[Container(700033).ListItem.Year]$INFO[Container(700033).ListItem.Genre,  •  ]"/>
                <param name="labelRight" value=""/>
                <param name="visibilityLabelRight" value="false"/>
                <param name="target" value="$INFO[Container(300).ListItem.Property(widgetTarget.2)]"/>
            </include>
            <include condition="!Skin.HasSetting(Hide.RecentlyAdded)" name="CustomWidget">
                <param name="gfxType" value="Channel"/>
                <param name="content" value="$INFO[Container(300).ListItem.Property(widgetPath.2)]"/>
                <param name="id" value="700034"/>
                <param name="visibility" value="StringCompare(Container(300).ListItem.Property(widgetType.2),pvr)"/>
                <param name="labelTitle" value="$INFO[Container(700034).ListItem.Label]"/>
                <param name="labelLeft" value=""/>
                <param name="labelCenter" value="$INFO[Container(700034).ListItem.Label2,,  •  ]$INFO[Container(700034).ListItem.Duration,, $LOCALIZE[31297]       ]$INFO[Container(700034).ListItem.Genre]"/>
                <param name="labelRight" value=""/>
                <param name="visibilityLabelRight" value="false"/>
                <param name="target" value="$INFO[Container(300).ListItem.Property(widgetTarget.2)]"/>
            </include>
            <include condition="!Skin.HasSetting(Hide.RecentlyAdded)" name="CustomWidget">
                <param name="gfxType" value="Square"/>
                <param name="content" value="$INFO[Container(300).ListItem.Property(widgetPath.2)]"/>
                <param name="id" value="700035"/>
                <param name="visibility" value="SubString(Container(300).ListItem.Property(widgetType.2),genre,Left)|
                    SubString(Container(300).ListItem.Property(widgetType.2),year,Left)|
                    SubString(Container(300).ListItem.Property(widgetType.2),playlist,Left)|
                    SubString(Container(300).ListItem.Property(widgetType.2),plugin,Left)|
                    SubString(Container(300).ListItem.Property(widgetType.2),studio,Left)|
                    SubString(Container(300).ListItem.Property(widgetType.2),tag,Left)|
                    SubString(Container(300).ListItem.Property(widgetType.2),countr,Left)|
                    SubString(Container(300).ListItem.Property(widgetType.2),role,Left)|
                    SubString(Container(300).ListItem.Property(widgetType.2),image,Left)|
                    SubString(Container(300).ListItem.Property(widgetType.2),artist,Left)|
                    SubString(Container(300).ListItem.Property(widgetType.2),file,Left)|
                    SubString(Container(300).ListItem.Property(widgetType.2),picture,Left)|
                    SubString(Container(300).ListItem.Property(widgetType.2),addon,Left)|
                    SubString(Container(300).ListItem.Property(widgetType.2),program,Left)"/>
                <param name="labelTitle" value="$INFO[Container(700035).ListItem.Label]"/>
                <param name="labelLeft" value=""/>
                <param name="labelCenter" value=""/>
                <param name="labelRight" value=""/>
                <param name="visibilityLabelRight" value="false"/>
                <param name="target" value="$INFO[Container(300).ListItem.Property(widgetTarget.2)]"/>
            </include>
            <!--WIDGET 4-->
            <include condition="!Skin.HasSetting(Hide.RecentlyAdded)" name="CustomWidget">
                <param name="gfxType" value="Poster"/>
                <param name="content" value="$INFO[Container(300).ListItem.Property(widgetPath.3)]"/>
                <param name="id" value="700041"/>
                <param name="visibility" value="SubString(Container(300).ListItem.Property(widgetType.3),season,Left)|
                    SubString(Container(300).ListItem.Property(widgetType.3),actor,Left)|
                    SubString(Container(300).ListItem.Property(widgetType.3),director,Left)|
                    SubString(Container(300).ListItem.Property(widgetType.3),set,Left)|
                    SubString(Container(300).ListItem.Property(widgetType.3),video,Left)|
                    SubString(Container(300).ListItem.Property(widgetType.3),movie,Left)|
                    SubString(Container(300).ListItem.Property(widgetType.3),tvshow,Left)|
                    [SubString(Container(300).ListItem.Property(widgetType.3),musicvideo,Left)+StringCompare(Container(300).ListItem.Property(labelID),$LOCALIZE[31971])]"/>
                <param name="labelTitle" value="$INFO[Container(700041).ListItem.TVShowTitle,,  •  ]$INFO[Container(700041).ListItem.Label]"/>
                <param name="labelLeft" value="$INFO[Container(700041).ListItem.Duration,, $LOCALIZE[31297]]"/>
                <param name="labelCenter" value="$INFO[Container(700041).ListItem.Year]$INFO[Container(700041).ListItem.MPAA,  •  ]$INFO[Container(700041).ListItem.Genre,  •  ]"/>
                <param name="labelRight" value="$INFO[Container(700041).ListItem.Rating]"/>
                <param name="visibilityLabelRight" value="true"/>
                <param name="target" value="$INFO[Container(300).ListItem.Property(widgetTarget.3)]"/>
            </include>
            <include condition="!Skin.HasSetting(Hide.RecentlyAdded)" name="CustomWidget">
                <param name="gfxType" value="Episode"/>
                <param name="content" value="$INFO[Container(300).ListItem.Property(widgetPath.3)]"/>
                <param name="id" value="700042"/>
                <param name="visibility" value="SubString(Container(300).ListItem.Property(widgetType.3),episode,Left)|
                    [SubString(Container(300).ListItem.Property(widgetType.3),musicvideo,Left)+!StringCompare(Container(300).ListItem.Property(labelID),$LOCALIZE[31971])]"/>
                <param name="labelTitle" value="$INFO[Container(700042).ListItem.TVShowTitle,,  •  ]$INFO[Container(700042).ListItem.Label]"/>
                <param name="labelLeft" value="$INFO[Container(700042).ListItem.Duration,, $LOCALIZE[31297]]"/>
                <param name="labelCenter" value="$INFO[Container(700042).ListItem.Artist,,  •  ]$INFO[Container(700042).ListItem.Year]$INFO[Container(700042).ListItem.MPAA,  •  ]$INFO[Container(700042).ListItem.Genre,  •  ]"/>
                <param name="labelRight" value="$INFO[Container(700042).ListItem.Rating]"/>
                <param name="visibilityLabelRight" value="true"/>
                <param name="target" value="$INFO[Container(300).ListItem.Property(widgetTarget.3)]"/>
            </include>
            <include condition="!Skin.HasSetting(Hide.RecentlyAdded)" name="CustomWidget">
                <param name="gfxType" value="Square"/>
                <param name="content" value="$INFO[Container(300).ListItem.Property(widgetPath.3)]"/>
                <param name="id" value="700043"/>
                <param name="visibility" value="StringCompare(Container(300).ListItem.Property(widgetType.3),audio)|
                    SubString(Container(300).ListItem.Property(widgetType.3),album,Left)|
                    SubString(Container(300).ListItem.Property(widgetType.3),song,Left)"/>
                <param name="labelTitle" value="$INFO[Container(700043).ListItem.Label]"/>
                <param name="labelLeft" value=""/>
                <param name="labelCenter" value="$INFO[Container(700043).ListItem.Artist,,  •  ]$INFO[Container(700043).ListItem.Year]$INFO[Container(700043).ListItem.Genre,  •  ]"/>
                <param name="labelRight" value=""/>
                <param name="visibilityLabelRight" value="false"/>
                <param name="target" value="$INFO[Container(300).ListItem.Property(widgetTarget.3)]"/>
            </include>
            <include condition="!Skin.HasSetting(Hide.RecentlyAdded)" name="CustomWidget">
                <param name="gfxType" value="Channel"/>
                <param name="content" value="$INFO[Container(300).ListItem.Property(widgetPath.3)]"/>
                <param name="id" value="700044"/>
                <param name="visibility" value="StringCompare(Container(300).ListItem.Property(widgetType.3),pvr)"/>
                <param name="labelTitle" value="$INFO[Container(700044).ListItem.Label]"/>
                <param name="labelLeft" value=""/>
                <param name="labelCenter" value="$INFO[Container(700044).ListItem.Label2,,  •  ]$INFO[Container(700044).ListItem.Duration,, $LOCALIZE[31297]       ]$INFO[Container(700044).ListItem.Genre]"/>
                <param name="labelRight" value=""/>
                <param name="visibilityLabelRight" value="false"/>
                <param name="target" value="$INFO[Container(300).ListItem.Property(widgetTarget.3)]"/>
            </include>
            <include condition="!Skin.HasSetting(Hide.RecentlyAdded)" name="CustomWidget">
                <param name="gfxType" value="Square"/>
                <param name="content" value="$INFO[Container(300).ListItem.Property(widgetPath.3)]"/>
                <param name="id" value="700045"/>
                <param name="visibility" value="SubString(Container(300).ListItem.Property(widgetType.3),genre,Left)|
                    SubString(Container(300).ListItem.Property(widgetType.3),year,Left)|
                    SubString(Container(300).ListItem.Property(widgetType.3),playlist,Left)|
                    SubString(Container(300).ListItem.Property(widgetType.3),plugin,Left)|
                    SubString(Container(300).ListItem.Property(widgetType.3),studio,Left)|
                    SubString(Container(300).ListItem.Property(widgetType.3),tag,Left)|
                    SubString(Container(300).ListItem.Property(widgetType.3),countr,Left)|
                    SubString(Container(300).ListItem.Property(widgetType.3),role,Left)|
                    SubString(Container(300).ListItem.Property(widgetType.3),image,Left)|
                    SubString(Container(300).ListItem.Property(widgetType.3),artist,Left)|
                    SubString(Container(300).ListItem.Property(widgetType.3),file,Left)|
                    SubString(Container(300).ListItem.Property(widgetType.3),picture,Left)|
                    SubString(Container(300).ListItem.Property(widgetType.3),addon,Left)|
                    SubString(Container(300).ListItem.Property(widgetType.3),program,Left)"/>
                <param name="labelTitle" value="$INFO[Container(700045).ListItem.Label]"/>
                <param name="labelLeft" value=""/>
                <param name="labelCenter" value=""/>
                <param name="labelRight" value=""/>
                <param name="visibilityLabelRight" value="false"/>
                <param name="target" value="$INFO[Container(300).ListItem.Property(widgetTarget.3)]"/>
            </include>
            <!--WIDGET 5-->
            <include condition="!Skin.HasSetting(Hide.RecentlyAdded)" name="CustomWidget">
                <param name="gfxType" value="Poster"/>
                <param name="content" value="$INFO[Container(300).ListItem.Property(widgetPath.4)]"/>
                <param name="id" value="700051"/>
                <param name="visibility" value="SubString(Container(300).ListItem.Property(widgetType.4),season,Left)|
                    SubString(Container(300).ListItem.Property(widgetType.4),actor,Left)|
                    SubString(Container(300).ListItem.Property(widgetType.4),director,Left)|
                    SubString(Container(300).ListItem.Property(widgetType.4),set,Left)|
                    SubString(Container(300).ListItem.Property(widgetType.4),video,Left)|
                    SubString(Container(300).ListItem.Property(widgetType.4),movie,Left)|
                    SubString(Container(300).ListItem.Property(widgetType.4),tvshow,Left)|
                    [SubString(Container(300).ListItem.Property(widgetType.4),musicvideo,Left)+StringCompare(Container(300).ListItem.Property(labelID),$LOCALIZE[31971])]"/>
                <param name="labelTitle" value="$INFO[Container(700051).ListItem.TVShowTitle,,  •  ]$INFO[Container(700051).ListItem.Label]"/>
                <param name="labelLeft" value="$INFO[Container(700051).ListItem.Duration,, $LOCALIZE[31297]]"/>
                <param name="labelCenter" value="$INFO[Container(700051).ListItem.Year]$INFO[Container(700051).ListItem.MPAA,  •  ]$INFO[Container(700051).ListItem.Genre,  •  ]"/>
                <param name="labelRight" value="$INFO[Container(700051).ListItem.Rating]"/>
                <param name="visibilityLabelRight" value="true"/>
                <param name="target" value="$INFO[Container(300).ListItem.Property(widgetTarget.4)]"/>
            </include>
            <include condition="!Skin.HasSetting(Hide.RecentlyAdded)" name="CustomWidget">
                <param name="gfxType" value="Episode"/>
                <param name="content" value="$INFO[Container(300).ListItem.Property(widgetPath.4)]"/>
                <param name="id" value="700052"/>
                <param name="visibility" value="SubString(Container(300).ListItem.Property(widgetType.4),episode,Left)|
                    [SubString(Container(300).ListItem.Property(widgetType.4),musicvideo,Left)+!StringCompare(Container(300).ListItem.Property(labelID),$LOCALIZE[31971])]"/>
                <param name="labelTitle" value="$INFO[Container(700052).ListItem.TVShowTitle,,  •  ]$INFO[Container(700052).ListItem.Label]"/>
                <param name="labelLeft" value="$INFO[Container(700052).ListItem.Duration,, $LOCALIZE[31297]]"/>
                <param name="labelCenter" value="$INFO[Container(700052).ListItem.Artist,,  •  ]$INFO[Container(700052).ListItem.Year]$INFO[Container(700052).ListItem.MPAA,  •  ]$INFO[Container(700052).ListItem.Genre,  •  ]"/>
                <param name="labelRight" value="$INFO[Container(700052).ListItem.Rating]"/>
                <param name="visibilityLabelRight" value="true"/>
                <param name="target" value="$INFO[Container(300).ListItem.Property(widgetTarget.4)]"/>
            </include>
            <include condition="!Skin.HasSetting(Hide.RecentlyAdded)" name="CustomWidget">
                <param name="gfxType" value="Square"/>
                <param name="content" value="$INFO[Container(300).ListItem.Property(widgetPath.4)]"/>
                <param name="id" value="700053"/>
                <param name="visibility" value="StringCompare(Container(300).ListItem.Property(widgetType.4),audio)|
                    SubString(Container(300).ListItem.Property(widgetType.4),album,Left)|
                    SubString(Container(300).ListItem.Property(widgetType.4),song,Left)"/>
                <param name="labelTitle" value="$INFO[Container(700053).ListItem.Label]"/>
                <param name="labelLeft" value=""/>
                <param name="labelCenter" value="$INFO[Container(700053).ListItem.Artist,,  •  ]$INFO[Container(700053).ListItem.Year]$INFO[Container(700053).ListItem.Genre,  •  ]"/>
                <param name="labelRight" value=""/>
                <param name="visibilityLabelRight" value="false"/>
                <param name="target" value="$INFO[Container(300).ListItem.Property(widgetTarget.4)]"/>
            </include>
            <include condition="!Skin.HasSetting(Hide.RecentlyAdded)" name="CustomWidget">
                <param name="gfxType" value="Channel"/>
                <param name="content" value="$INFO[Container(300).ListItem.Property(widgetPath.4)]"/>
                <param name="id" value="700054"/>
                <param name="visibility" value="StringCompare(Container(300).ListItem.Property(widgetType.4),pvr)"/>
                <param name="labelTitle" value="$INFO[Container(700054).ListItem.Label]"/>
                <param name="labelLeft" value=""/>
                <param name="labelCenter" value="$INFO[Container(700054).ListItem.Label2,,  •  ]$INFO[Container(700054).ListItem.Duration,, $LOCALIZE[31297]       ]$INFO[Container(700054).ListItem.Genre]"/>
                <param name="labelRight" value=""/>
                <param name="visibilityLabelRight" value="false"/>
                <param name="target" value="$INFO[Container(300).ListItem.Property(widgetTarget.4)]"/>
            </include>
            <include condition="!Skin.HasSetting(Hide.RecentlyAdded)" name="CustomWidget">
                <param name="gfxType" value="Square"/>
                <param name="content" value="$INFO[Container(300).ListItem.Property(widgetPath.4)]"/>
                <param name="id" value="700055"/>
                <param name="visibility" value="SubString(Container(300).ListItem.Property(widgetType.4),genre,Left)|
                    SubString(Container(300).ListItem.Property(widgetType.4),year,Left)|
                    SubString(Container(300).ListItem.Property(widgetType.4),playlist,Left)|
                    SubString(Container(300).ListItem.Property(widgetType.4),plugin,Left)|
                    SubString(Container(300).ListItem.Property(widgetType.4),studio,Left)|
                    SubString(Container(300).ListItem.Property(widgetType.4),tag,Left)|
                    SubString(Container(300).ListItem.Property(widgetType.4),countr,Left)|
                    SubString(Container(300).ListItem.Property(widgetType.4),role,Left)|
                    SubString(Container(300).ListItem.Property(widgetType.4),image,Left)|
                    SubString(Container(300).ListItem.Property(widgetType.4),artist,Left)|
                    SubString(Container(300).ListItem.Property(widgetType.4),file,Left)|
                    SubString(Container(300).ListItem.Property(widgetType.4),picture,Left)|
                    SubString(Container(300).ListItem.Property(widgetType.4),addon,Left)|
                    SubString(Container(300).ListItem.Property(widgetType.4),program,Left)"/>
                <param name="labelTitle" value="$INFO[Container(700055).ListItem.Label]"/>
                <param name="labelLeft" value=""/>
                <param name="labelCenter" value=""/>
                <param name="labelRight" value=""/>
                <param name="visibilityLabelRight" value="false"/>
                <param name="target" value="$INFO[Container(300).ListItem.Property(widgetTarget.4)]"/>
            </include>
        </control>
    </include>
</includes>
