<?xml version="1.0" encoding="utf-8"?>
<includes>
    <include name="WeatherContent">
        <content>
            <!-- NO DATA-->
            <item>
                <visible>!Weather.IsFetched</visible>
                <label>$LOCALIZE[416]</label>
                <thumb>$VAR[WeatherFanartPath]na.jpg</thumb>
                <onclick>noop</onclick>
            </item>
            <!--7 DAYS-->
            <item>
                <visible>Skin.String(WeatherType,)|Skin.String(WeatherType,daily)</visible>
                <visible>Weather.IsFetched + !IsEmpty(Window.Property(Day0.Outlook)) + IsEmpty(Window.Property(Daily.IsFetched))</visible>
                <label>$LOCALIZE[33006]</label>
                <thumb>$VAR[WeatherFanartPath]$INFO[Window(Weather).Property(Current.FanartCode)].jpg</thumb>
                <property name="Icon">$VAR[WeatherIconPath]$INFO[Window(Weather).Property(Current.FanartCode)].png</property>
                <property name="Property1">$INFO[Window.Property(Day0.HighTemp)]$INFO[System.TemperatureUnits]</property>
                <property name="Property2">$INFO[Window.Property(Day0.LowTemp)]$INFO[System.TemperatureUnits]</property>
                <property name="Property3">$INFO[Window(Weather).Property(Current.Condition)]</property>
                <property name="Property4">$LOCALIZE[143] $INFO[Window.Property(Current.Temperature)]$INFO[System.TemperatureUnits]</property>
                <property name="Property5">$LOCALIZE[405]: $INFO[Window.Property(Current.DewPoint)]$INFO[System.TemperatureUnits]</property>
                <property name="Property6">$LOCALIZE[403]: $INFO[Window.Property(Current.UVIndex)]</property>
                <property name="Property7">$LOCALIZE[402]: $INFO[Window.Property(Current.FeelsLike)]$INFO[System.TemperatureUnits]</property>
                <property name="Property8">$LOCALIZE[406]: $INFO[Window.Property(Current.Humidity)]</property>
                <property name="Property9">$LOCALIZE[404]: $INFO[Window.Property(Current.Wind)]</property>
                <property name="Property10">$LOCALIZE[33027]: $INFO[Window.Property(Today.Sunrise)]</property>
                <property name="Property11">$LOCALIZE[33028]: $INFO[Window.Property(Today.Sunset)]</property>
                <onclick>noop</onclick>
            </item>
            <item>
                <visible>Skin.String(WeatherType,)|Skin.String(WeatherType,daily)</visible>
                <visible>Weather.IsFetched + !IsEmpty(Window.Property(Day1.Outlook)) + IsEmpty(Window.Property(Daily.IsFetched))</visible>
                <label>$LOCALIZE[33007]</label>
                <thumb>$VAR[WeatherFanartPath]$INFO[Window(Weather).Property(Day1.FanartCode)].jpg</thumb>
                <property name="Icon">$VAR[WeatherIconPath]$INFO[Window(Weather).Property(Day1.FanartCode)].png</property>
                <property name="Property1">$INFO[Window.Property(Day1.HighTemp)]$INFO[System.TemperatureUnits]</property>
                <property name="Property2">$INFO[Window.Property(Day1.LowTemp)]$INFO[System.TemperatureUnits]</property>
                <property name="Property3">$INFO[Window(Weather).Property(Day1.Outlook)]</property>
                <onclick>noop</onclick>
            </item>
            <item>
                <visible>Skin.String(WeatherType,)|Skin.String(WeatherType,daily)</visible>
                <visible>Weather.IsFetched + !IsEmpty(Window.Property(Day2.Outlook)) + IsEmpty(Window.Property(Daily.IsFetched))</visible>
                <label>$INFO[Window.Property(Day2.Title)]</label>
                <thumb>$VAR[WeatherFanartPath]$INFO[Window(Weather).Property(Day2.FanartCode)].jpg</thumb>
                <property name="Icon">$VAR[WeatherIconPath]$INFO[Window(Weather).Property(Day2.FanartCode)].png</property>
                <property name="Property1">$INFO[Window.Property(Day2.HighTemp)]$INFO[System.TemperatureUnits]</property>
                <property name="Property2">$INFO[Window.Property(Day2.LowTemp)]$INFO[System.TemperatureUnits]</property>
                <property name="Property3">$INFO[Window(Weather).Property(Day2.Outlook)]</property>
                <onclick>noop</onclick>
            </item>
            <item>
                <visible>Skin.String(WeatherType,)|Skin.String(WeatherType,daily)</visible>
                <visible>Weather.IsFetched + !IsEmpty(Window.Property(Day3.Outlook)) + IsEmpty(Window.Property(Daily.IsFetched))</visible>
                <label>$INFO[Window.Property(Day3.Title)]</label>
                <thumb>$VAR[WeatherFanartPath]$INFO[Window(Weather).Property(Day3.FanartCode)].jpg</thumb>
                <property name="Icon">$VAR[WeatherIconPath]$INFO[Window(Weather).Property(Day3.FanartCode)].png</property>
                <property name="Property1">$INFO[Window.Property(Day3.HighTemp)]$INFO[System.TemperatureUnits]</property>
                <property name="Property2">$INFO[Window.Property(Day3.LowTemp)]$INFO[System.TemperatureUnits]</property>
                <property name="Property3">$INFO[Window(Weather).Property(Day3.Outlook)]</property>
                <onclick>noop</onclick>
            </item>
            <item>
                <visible>Skin.String(WeatherType,)|Skin.String(WeatherType,daily)</visible>
                <visible>Weather.IsFetched + !IsEmpty(Window.Property(Day4.Outlook)) + IsEmpty(Window.Property(Daily.IsFetched))</visible>
                <label>$INFO[Window.Property(Day4.Title)]</label>
                <thumb>$VAR[WeatherFanartPath]$INFO[Window(Weather).Property(Day4.FanartCode)].jpg</thumb>
                <property name="Icon">$VAR[WeatherIconPath]$INFO[Window(Weather).Property(Day4.FanartCode)].png</property>
                <property name="Property1">$INFO[Window.Property(Day4.HighTemp)]$INFO[System.TemperatureUnits]</property>
                <property name="Property2">$INFO[Window.Property(Day4.LowTemp)]$INFO[System.TemperatureUnits]</property>
                <property name="Property3">$INFO[Window(Weather).Property(Day4.Outlook)]</property>
                <onclick>noop</onclick>
            </item>
            <item>
                <visible>Skin.String(WeatherType,)|Skin.String(WeatherType,daily)</visible>
                <visible>Weather.IsFetched + !IsEmpty(Window.Property(Day5.Outlook)) + IsEmpty(Window.Property(Daily.IsFetched))</visible>
                <label>$INFO[Window(Weather).Property(Day5.Title)]</label>
                <thumb>$VAR[WeatherFanartPath]$INFO[Window(Weather).Property(Day5.FanartCode)].jpg</thumb>
                <property name="Icon">$VAR[WeatherIconPath]$INFO[Window(Weather).Property(Day5.FanartCode)].png</property>
                <property name="Property1">$INFO[Window.Property(Day5.HighTemp)]$INFO[System.TemperatureUnits]</property>
                <property name="Property2">$INFO[Window.Property(Day5.LowTemp)]$INFO[System.TemperatureUnits]</property>
                <property name="Property3">$INFO[Window(Weather).Property(Day5.Outlook)]</property>
                <onclick>noop</onclick>
            </item>
            <item>
                <visible>Skin.String(WeatherType,)|Skin.String(WeatherType,daily)</visible>
                <visible>Weather.IsFetched + !IsEmpty(Window.Property(Day6.Outlook)) + IsEmpty(Window.Property(Daily.IsFetched))</visible>
                <label>$INFO[Window(Weather).Property(Day6.Title)]</label>
                <thumb>$VAR[WeatherFanartPath]$INFO[Window(Weather).Property(Day6.FanartCode)].jpg</thumb>
                <property name="Icon">$VAR[WeatherIconPath]$INFO[Window(Weather).Property(Day6.FanartCode)].png</property>
                <property name="Property1">$INFO[Window.Property(Day6.HighTemp)]$INFO[System.TemperatureUnits]</property>
                <property name="Property2">$INFO[Window.Property(Day6.LowTemp)]$INFO[System.TemperatureUnits]</property>
                <property name="Property3">$INFO[Window(Weather).Property(Day6.Outlook)]</property>
                <onclick>noop</onclick>
            </item>
            <!--14 DAYS-->
            <item>
                <visible>Skin.String(WeatherType,)|Skin.String(WeatherType,daily)</visible>
                <visible>Weather.IsFetched + !IsEmpty(Window.Property(Daily.1.Outlook)) + !IsEmpty(Window.Property(Daily.IsFetched))</visible>
                <label>$INFO[Window(Weather).Property(Daily.1.ShortDay)] $INFO[Window.Property(Daily.1.ShortDate)]</label>
                <thumb>$VAR[WeatherFanartPath]$INFO[Window(Weather).Property(Daily.1.FanartCode)].jpg</thumb>
                <property name="Icon">$VAR[WeatherIconPath]$INFO[Window(Weather).Property(Daily.1.FanartCode)].png</property>
                <property name="Property1">$INFO[Window.Property(Daily.1.HighTemperature)]</property>
                <property name="Property2">$INFO[Window.Property(Daily.1.LowTemperature)]</property>
                <property name="Property3">$INFO[Window(Weather).Property(Daily.1.Outlook)]</property>
                <property name="Property4">$LOCALIZE[33022]: $INFO[Window.Property(Daily.1.Precipitation)]</property>
                <property name="Property8">$LOCALIZE[387]: $INFO[Window.Property(Daily.1.Cloudiness)]</property>
                <property name="Property6">$LOCALIZE[403]: $INFO[Window.Property(Current.UVIndex)]</property>
                <property name="Property7">$LOCALIZE[402]: $INFO[Window.Property(Current.FeelsLike)]$INFO[System.TemperatureUnits]</property>
                <property name="Property5">$LOCALIZE[406]: $INFO[Window.Property(Daily.1.Humidity)]</property>
                <property name="Property9">$LOCALIZE[404]: $INFO[Window.Property(Daily.1.WindSpeed)] $INFO[Window.Property(Daily.1.WindDirection)]</property>
                <property name="Property10">$LOCALIZE[33027]: $INFO[Window.Property(Today.Sunrise)]</property>
                <property name="Property11">$LOCALIZE[33028]: $INFO[Window.Property(Today.Sunset)]</property>
                <onclick>noop</onclick>
            </item>
            <item>
                <visible>Skin.String(WeatherType,)|Skin.String(WeatherType,daily)</visible>
                <visible>Weather.IsFetched + !IsEmpty(Window.Property(Daily.2.Outlook)) + !IsEmpty(Window.Property(Daily.IsFetched))</visible>
                <label>$INFO[Window(Weather).Property(Daily.2.ShortDay)] $INFO[Window.Property(Daily.2.ShortDate)]</label>
                <thumb>$VAR[WeatherFanartPath]$INFO[Window(Weather).Property(Daily.2.FanartCode)].jpg</thumb>
                <property name="Icon">$VAR[WeatherIconPath]$INFO[Window(Weather).Property(Daily.2.FanartCode)].png</property>
                <property name="Property1">$INFO[Window.Property(Daily.2.HighTemperature)]</property>
                <property name="Property2">$INFO[Window.Property(Daily.2.LowTemperature)]</property>
                <property name="Property3">$INFO[Window(Weather).Property(Daily.2.Outlook)]</property>
                <property name="Property4">$LOCALIZE[33022]: $INFO[Window.Property(Daily.2.Precipitation)]</property>
                <property name="Property8">$LOCALIZE[387]: $INFO[Window.Property(Daily.2.Cloudiness)]</property>
                <property name="Property5">$LOCALIZE[406]: $INFO[Window.Property(Daily.2.Humidity)]</property>
                <property name="Property9">$LOCALIZE[404]: $INFO[Window.Property(Daily.2.WindSpeed)] $INFO[Window.Property(Daily.1.WindDirection)]</property>
                <onclick>noop</onclick>
            </item>
            <item>
                <visible>Skin.String(WeatherType,)|Skin.String(WeatherType,daily)</visible>
                <visible>Weather.IsFetched + !IsEmpty(Window.Property(Daily.3.Outlook)) + !IsEmpty(Window.Property(Daily.IsFetched))</visible>
                <label>$INFO[Window(Weather).Property(Daily.3.ShortDay)] $INFO[Window.Property(Daily.3.ShortDate)]</label>
                <thumb>$VAR[WeatherFanartPath]$INFO[Window(Weather).Property(Daily.3.FanartCode)].jpg</thumb>
                <property name="Icon">$VAR[WeatherIconPath]$INFO[Window(Weather).Property(Daily.3.FanartCode)].png</property>
                <property name="Property1">$INFO[Window.Property(Daily.3.HighTemperature)]</property>
                <property name="Property2">$INFO[Window.Property(Daily.3.LowTemperature)]</property>
                <property name="Property3">$INFO[Window(Weather).Property(Daily.3.Outlook)]</property>
                <property name="Property4">$LOCALIZE[33022]: $INFO[Window.Property(Daily.3.Precipitation)]</property>
                <property name="Property8">$LOCALIZE[387]: $INFO[Window.Property(Daily.3.Cloudiness)]</property>
                <property name="Property5">$LOCALIZE[406]: $INFO[Window.Property(Daily.3.Humidity)]</property>
                <property name="Property9">$LOCALIZE[404]: $INFO[Window.Property(Daily.3.WindSpeed)] $INFO[Window.Property(Daily.1.WindDirection)]</property>
                <onclick>noop</onclick>
            </item>
            <item>
                <visible>Skin.String(WeatherType,)|Skin.String(WeatherType,daily)</visible>
                <visible>Weather.IsFetched + !IsEmpty(Window.Property(Daily.4.Outlook)) + !IsEmpty(Window.Property(Daily.IsFetched))</visible>
                <label>$INFO[Window(Weather).Property(Daily.4.ShortDay)] $INFO[Window.Property(Daily.4.ShortDate)]</label>
                <thumb>$VAR[WeatherFanartPath]$INFO[Window(Weather).Property(Daily.4.FanartCode)].jpg</thumb>
                <property name="Icon">$VAR[WeatherIconPath]$INFO[Window(Weather).Property(Daily.4.FanartCode)].png</property>
                <property name="Property1">$INFO[Window.Property(Daily.4.HighTemperature)]</property>
                <property name="Property2">$INFO[Window.Property(Daily.4.LowTemperature)]</property>
                <property name="Property3">$INFO[Window(Weather).Property(Daily.4.Outlook)]</property>
                <property name="Property4">$LOCALIZE[33022]: $INFO[Window.Property(Daily.4.Precipitation)]</property>
                <property name="Property8">$LOCALIZE[387]: $INFO[Window.Property(Daily.4.Cloudiness)]</property>
                <property name="Property5">$LOCALIZE[406]: $INFO[Window.Property(Daily.4.Humidity)]</property>
                <property name="Property9">$LOCALIZE[404]: $INFO[Window.Property(Daily.4.WindSpeed)] $INFO[Window.Property(Daily.1.WindDirection)]</property>
                <onclick>noop</onclick>
            </item>
            <item>
                <visible>Skin.String(WeatherType,)|Skin.String(WeatherType,daily)</visible>
                <visible>Weather.IsFetched + !IsEmpty(Window.Property(Daily.5.Outlook)) + !IsEmpty(Window.Property(Daily.IsFetched))</visible>
                <label>$INFO[Window(Weather).Property(Daily.5.ShortDay)] $INFO[Window.Property(Daily.5.ShortDate)]</label>
                <thumb>$VAR[WeatherFanartPath]$INFO[Window(Weather).Property(Daily.5.FanartCode)].jpg</thumb>
                <property name="Icon">$VAR[WeatherIconPath]$INFO[Window(Weather).Property(Daily.5.FanartCode)].png</property>
                <property name="Property1">$INFO[Window.Property(Daily.5.HighTemperature)]</property>
                <property name="Property2">$INFO[Window.Property(Daily.5.LowTemperature)]</property>
                <property name="Property3">$INFO[Window(Weather).Property(Daily.5.Outlook)]</property>
                <property name="Property4">$LOCALIZE[33022]: $INFO[Window.Property(Daily.5.Precipitation)]</property>
                <property name="Property8">$LOCALIZE[387]: $INFO[Window.Property(Daily.5.Cloudiness)]</property>
                <property name="Property9">$LOCALIZE[404]: $INFO[Window.Property(Daily.5.WindSpeed)] $INFO[Window.Property(Daily.1.WindDirection)]</property>
                <onclick>noop</onclick>
            </item>
            <item>
                <visible>Skin.String(WeatherType,)|Skin.String(WeatherType,daily)</visible>
                <visible>Weather.IsFetched + !IsEmpty(Window.Property(Daily.6.Outlook)) + !IsEmpty(Window.Property(Daily.IsFetched))</visible>
                <label>$INFO[Window(Weather).Property(Daily.6.ShortDay)] $INFO[Window.Property(Daily.6.ShortDate)]</label>
                <thumb>$VAR[WeatherFanartPath]$INFO[Window(Weather).Property(Daily.6.FanartCode)].jpg</thumb>
                <property name="Icon">$VAR[WeatherIconPath]$INFO[Window(Weather).Property(Daily.6.FanartCode)].png</property>
                <property name="Property1">$INFO[Window.Property(Daily.6.HighTemperature)]</property>
                <property name="Property2">$INFO[Window.Property(Daily.6.LowTemperature)]</property>
                <property name="Property3">$INFO[Window(Weather).Property(Daily.6.Outlook)]</property>
                <property name="Property4">$LOCALIZE[33022]: $INFO[Window.Property(Daily.6.Precipitation)]</property>
                <property name="Property8">$LOCALIZE[387]: $INFO[Window.Property(Daily.6.Cloudiness)]</property>
                <property name="Property9">$LOCALIZE[404]: $INFO[Window.Property(Daily.6.WindSpeed)] $INFO[Window.Property(Daily.1.WindDirection)]</property>
                <onclick>noop</onclick>
            </item>
            <item>
                <visible>Skin.String(WeatherType,)|Skin.String(WeatherType,daily)</visible>
                <visible>Weather.IsFetched + !IsEmpty(Window.Property(Daily.7.Outlook)) + !IsEmpty(Window.Property(Daily.IsFetched))</visible>
                <label>$INFO[Window(Weather).Property(Daily.7.ShortDay)] $INFO[Window.Property(Daily.7.ShortDate)]</label>
                <thumb>$VAR[WeatherFanartPath]$INFO[Window(Weather).Property(Daily.7.FanartCode)].jpg</thumb>
                <property name="Icon">$VAR[WeatherIconPath]$INFO[Window(Weather).Property(Daily.7.FanartCode)].png</property>
                <property name="Property1">$INFO[Window.Property(Daily.7.HighTemperature)]</property>
                <property name="Property2">$INFO[Window.Property(Daily.7.LowTemperature)]</property>
                <property name="Property3">$INFO[Window(Weather).Property(Daily.7.Outlook)]</property>
                <property name="Property4">$LOCALIZE[33022]: $INFO[Window.Property(Daily.7.Precipitation)]</property>
                <property name="Property8">$LOCALIZE[387]: $INFO[Window.Property(Daily.7.Cloudiness)]</property>
                <property name="Property9">$LOCALIZE[404]: $INFO[Window.Property(Daily.7.WindSpeed)] $INFO[Window.Property(Daily.1.WindDirection)]</property>
                <onclick>noop</onclick>
            </item>
            <item>
                <visible>Skin.String(WeatherType,)|Skin.String(WeatherType,daily)</visible>
                <visible>Weather.IsFetched + !IsEmpty(Window.Property(Daily.8.Outlook)) + !IsEmpty(Window.Property(Daily.IsFetched))</visible>
                <label>$INFO[Window(Weather).Property(Daily.8.ShortDay)] $INFO[Window.Property(Daily.8.ShortDate)]</label>
                <thumb>$VAR[WeatherFanartPath]$INFO[Window(Weather).Property(Daily.8.FanartCode)].jpg</thumb>
                <property name="Icon">$VAR[WeatherIconPath]$INFO[Window(Weather).Property(Daily.8.FanartCode)].png</property>
                <property name="Property1">$INFO[Window.Property(Daily.8.HighTemperature)]</property>
                <property name="Property2">$INFO[Window.Property(Daily.8.LowTemperature)]</property>
                <property name="Property3">$INFO[Window(Weather).Property(Daily.8.Outlook)]</property>
                <property name="Property4">$LOCALIZE[33022]: $INFO[Window.Property(Daily.8.Precipitation)]</property>
                <property name="Property8">$LOCALIZE[387]: $INFO[Window.Property(Daily.8.Cloudiness)]</property>
                <property name="Property9">$LOCALIZE[404]: $INFO[Window.Property(Daily.8.WindSpeed)] $INFO[Window.Property(Daily.1.WindDirection)]</property>
                <onclick>noop</onclick>
            </item>
            <item>
                <visible>Skin.String(WeatherType,)|Skin.String(WeatherType,daily)</visible>
                <visible>Weather.IsFetched + !IsEmpty(Window.Property(Daily.9.Outlook)) + !IsEmpty(Window.Property(Daily.IsFetched))</visible>
                <label>$INFO[Window(Weather).Property(Daily.9.ShortDay)] $INFO[Window.Property(Daily.9.ShortDate)]</label>
                <thumb>$VAR[WeatherFanartPath]$INFO[Window(Weather).Property(Daily.9.FanartCode)].jpg</thumb>
                <property name="Icon">$VAR[WeatherIconPath]$INFO[Window(Weather).Property(Daily.9.FanartCode)].png</property>
                <property name="Property1">$INFO[Window.Property(Daily.9.HighTemperature)]</property>
                <property name="Property2">$INFO[Window.Property(Daily.9.LowTemperature)]</property>
                <property name="Property3">$INFO[Window(Weather).Property(Daily.9.Outlook)]</property>
                <property name="Property4">$LOCALIZE[33022]: $INFO[Window.Property(Daily.9.Precipitation)]</property>
                <property name="Property8">$LOCALIZE[387]: $INFO[Window.Property(Daily.9.Cloudiness)]</property>
                <property name="Property9">$LOCALIZE[404]: $INFO[Window.Property(Daily.9.WindSpeed)] $INFO[Window.Property(Daily.1.WindDirection)]</property>
                <onclick>noop</onclick>
            </item>
            <item>
                <visible>Skin.String(WeatherType,)|Skin.String(WeatherType,daily)</visible>
                <visible>Weather.IsFetched + !IsEmpty(Window.Property(Daily.10.Outlook)) + !IsEmpty(Window.Property(Daily.IsFetched))</visible>
                <label>$INFO[Window(Weather).Property(Daily.10.ShortDay)] $INFO[Window.Property(Daily.10.ShortDate)]</label>
                <thumb>$VAR[WeatherFanartPath]$INFO[Window(Weather).Property(Daily.10.FanartCode)].jpg</thumb>
                <property name="Icon">$VAR[WeatherIconPath]$INFO[Window(Weather).Property(Daily.10.FanartCode)].png</property>
                <property name="Property1">$INFO[Window.Property(Daily.10.HighTemperature)]</property>
                <property name="Property2">$INFO[Window.Property(Daily.10.LowTemperature)]</property>
                <property name="Property3">$INFO[Window(Weather).Property(Daily.10.Outlook)]</property>
                <property name="Property4">$LOCALIZE[33022]: $INFO[Window.Property(Daily.10.Precipitation)]</property>
                <property name="Property8">$LOCALIZE[387]: $INFO[Window.Property(Daily.10.Cloudiness)]</property>
                <property name="Property9">$LOCALIZE[404]: $INFO[Window.Property(Daily.10.WindSpeed)] $INFO[Window.Property(Daily.1.WindDirection)]</property>
                <onclick>noop</onclick>
            </item>
            <item>
                <visible>Skin.String(WeatherType,)|Skin.String(WeatherType,daily)</visible>
                <visible>Weather.IsFetched + !IsEmpty(Window.Property(Daily.11.Outlook)) + !IsEmpty(Window.Property(Daily.IsFetched))</visible>
                <label>$INFO[Window(Weather).Property(Daily.11.ShortDay)] $INFO[Window.Property(Daily.11.ShortDate)]</label>
                <thumb>$VAR[WeatherFanartPath]$INFO[Window(Weather).Property(Daily.11.FanartCode)].jpg</thumb>
                <property name="Icon">$VAR[WeatherIconPath]$INFO[Window(Weather).Property(Daily.11.FanartCode)].png</property>
                <property name="Property1">$INFO[Window.Property(Daily.11.HighTemperature)]</property>
                <property name="Property2">$INFO[Window.Property(Daily.11.LowTemperature)]</property>
                <property name="Property3">$INFO[Window(Weather).Property(Daily.11.Outlook)]</property>
                <property name="Property4">$LOCALIZE[33022]: $INFO[Window.Property(Daily.11.Precipitation)]</property>
                <property name="Property8">$LOCALIZE[387]: $INFO[Window.Property(Daily.11.Cloudiness)]</property>
                <property name="Property9">$LOCALIZE[404]: $INFO[Window.Property(Daily.11.WindSpeed)] $INFO[Window.Property(Daily.1.WindDirection)]</property>
                <onclick>noop</onclick>
            </item>
            <item>
                <visible>Skin.String(WeatherType,)|Skin.String(WeatherType,daily)</visible>
                <visible>Weather.IsFetched + !IsEmpty(Window.Property(Daily.12.Outlook)) + !IsEmpty(Window.Property(Daily.IsFetched))</visible>
                <label>$INFO[Window(Weather).Property(Daily.12.ShortDay)] $INFO[Window.Property(Daily.12.ShortDate)]</label>
                <thumb>$VAR[WeatherFanartPath]$INFO[Window(Weather).Property(Daily.12.FanartCode)].jpg</thumb>
                <property name="Icon">$VAR[WeatherIconPath]$INFO[Window(Weather).Property(Daily.12.FanartCode)].png</property>
                <property name="Property1">$INFO[Window.Property(Daily.12.HighTemperature)]</property>
                <property name="Property2">$INFO[Window.Property(Daily.12.LowTemperature)]</property>
                <property name="Property3">$INFO[Window(Weather).Property(Daily.12.Outlook)]</property>
                <property name="Property4">$LOCALIZE[33022]: $INFO[Window.Property(Daily.12.Precipitation)]</property>
                <property name="Property8">$LOCALIZE[387]: $INFO[Window.Property(Daily.12.Cloudiness)]</property>
                <property name="Property9">$LOCALIZE[404]: $INFO[Window.Property(Daily.12.WindSpeed)] $INFO[Window.Property(Daily.1.WindDirection)]</property>
                <onclick>noop</onclick>
            </item>
            <item>
                <visible>Skin.String(WeatherType,)|Skin.String(WeatherType,daily)</visible>
                <visible>Weather.IsFetched + !IsEmpty(Window.Property(Daily.13.Outlook)) + !IsEmpty(Window.Property(Daily.IsFetched))</visible>
                <label>$INFO[Window(Weather).Property(Daily.13.ShortDay)] $INFO[Window.Property(Daily.13.ShortDate)]</label>
                <thumb>$VAR[WeatherFanartPath]$INFO[Window(Weather).Property(Daily.13.FanartCode)].jpg</thumb>
                <property name="Icon">$VAR[WeatherIconPath]$INFO[Window(Weather).Property(Daily.13.FanartCode)].png</property>
                <property name="Property1">$INFO[Window.Property(Daily.13.HighTemperature)]</property>
                <property name="Property2">$INFO[Window.Property(Daily.13.LowTemperature)]</property>
                <property name="Property3">$INFO[Window(Weather).Property(Daily.13.Outlook)]</property>
                <property name="Property4">$LOCALIZE[33022]: $INFO[Window.Property(Daily.13.Precipitation)]</property>
                <property name="Property8">$LOCALIZE[387]: $INFO[Window.Property(Daily.13.Cloudiness)]</property>
                <property name="Property9">$LOCALIZE[404]: $INFO[Window.Property(Daily.13.WindSpeed)] $INFO[Window.Property(Daily.1.WindDirection)]</property>
                <onclick>noop</onclick>
            </item>
            <item>
                <visible>Skin.String(WeatherType,)|Skin.String(WeatherType,daily)</visible>
                <visible>Weather.IsFetched + !IsEmpty(Window.Property(Daily.14.Outlook)) + !IsEmpty(Window.Property(Daily.IsFetched))</visible>
                <label>$INFO[Window(Weather).Property(Daily.14.ShortDay)] $INFO[Window.Property(Daily.14.ShortDate)]</label>
                <thumb>$VAR[WeatherFanartPath]$INFO[Window(Weather).Property(Daily.14.FanartCode)].jpg</thumb>
                <property name="Icon">$VAR[WeatherIconPath]$INFO[Window(Weather).Property(Daily.14.FanartCode)].png</property>
                <property name="Property1">$INFO[Window.Property(Daily.14.HighTemperature)]</property>
                <property name="Property2">$INFO[Window.Property(Daily.14.LowTemperature)]</property>
                <property name="Property3">$INFO[Window(Weather).Property(Daily.14.Outlook)]</property>
                <property name="Property4">$LOCALIZE[33022]: $INFO[Window.Property(Daily.14.Precipitation)]</property>
                <property name="Property8">$LOCALIZE[387]: $INFO[Window.Property(Daily.14.Cloudiness)]</property>
                <property name="Property9">$LOCALIZE[404]: $INFO[Window.Property(Daily.14.WindSpeed)] $INFO[Window.Property(Daily.1.WindDirection)]</property>
                <onclick>noop</onclick>
            </item>
            <!--36 HOURS-->
            <item>
                <visible>Skin.String(WeatherType,36Hour)</visible>
                <visible>Weather.IsFetched + !IsEmpty(Window.Property(36Hour.1.Outlook)) + !IsEmpty(Window.Property(36Hour.IsFetched))</visible>
                <label>$INFO[Window.Property(36Hour.1.Heading)]</label>
                <thumb>$VAR[WeatherFanartPath]$INFO[Window(Weather).Property(36Hour.1.FanartCode)].jpg</thumb>
                <property name="Icon">$VAR[WeatherIconPath]$INFO[Window(Weather).Property(36Hour.1.FanartCode)].png</property>
                <property name="Property1">$INFO[Window.Property(36Hour.1.TemperatureHeading)]: $INFO[Window.Property(36Hour.1.Temperature)]</property>
                <property name="Property7">$LOCALIZE[402]: $INFO[Window.Property(36Hour.1.FeelsLike)]</property>
                <property name="Property3">$INFO[Window(Weather).Property(36Hour.1.Outlook)]</property>
                <property name="Property4">$LOCALIZE[33022]: $INFO[Window.Property(36Hour.1.Precipitation)]</property>
                <property name="Property8">$LOCALIZE[387]: $INFO[Window.Property(36Hour.1.Cloudiness)]</property>
                <property name="Property5">$LOCALIZE[406]: $INFO[Window.Property(36Hour.1.Humidity)]</property>
                <property name="Property9">$LOCALIZE[404]: $INFO[Window.Property(36Hour.1.WindSpeed)] $INFO[Window.Property(Daily.1.WindDirection)]</property>
                <onclick>noop</onclick>
            </item>
            <item>
                <visible>Skin.String(WeatherType,36Hour)</visible>
                <visible>Weather.IsFetched + !IsEmpty(Window.Property(36Hour.2.Outlook)) + !IsEmpty(Window.Property(36Hour.IsFetched))</visible>
                <label>$INFO[Window.Property(36Hour.2.Heading)]</label>
                <thumb>$VAR[WeatherFanartPath]$INFO[Window(Weather).Property(36Hour.2.FanartCode)].jpg</thumb>
                <property name="Icon">$VAR[WeatherIconPath]$INFO[Window(Weather).Property(36Hour.2.FanartCode)].png</property>
                <property name="Property1">$INFO[Window.Property(36Hour.2.TemperatureHeading)]: $INFO[Window.Property(36Hour.2.Temperature)]</property>
                <property name="Property7">$LOCALIZE[402]: $INFO[Window.Property(36Hour.2.FeelsLike)]</property>
                <property name="Property3">$INFO[Window(Weather).Property(36Hour.2.Outlook)]</property>
                <property name="Property4">$LOCALIZE[33022]: $INFO[Window.Property(36Hour.2.Precipitation)]</property>
                <property name="Property8">$LOCALIZE[387]: $INFO[Window.Property(36Hour.2.Cloudiness)]</property>
                <property name="Property5">$LOCALIZE[406]: $INFO[Window.Property(36Hour.2.Humidity)]</property>
                <property name="Property9">$LOCALIZE[404]: $INFO[Window.Property(36Hour.2.WindSpeed)] $INFO[Window.Property(Daily.2.WindDirection)]</property>
                <onclick>noop</onclick>
            </item>
            <item>
                <visible>Skin.String(WeatherType,36Hour)</visible>
                <visible>Weather.IsFetched + !IsEmpty(Window.Property(36Hour.3.Outlook)) + !IsEmpty(Window.Property(36Hour.IsFetched))</visible>
                <label>$INFO[Window.Property(36Hour.3.Heading)]</label>
                <thumb>$VAR[WeatherFanartPath]$INFO[Window(Weather).Property(36Hour.3.FanartCode)].jpg</thumb>
                <property name="Icon">$VAR[WeatherIconPath]$INFO[Window(Weather).Property(36Hour.3.FanartCode)].png</property>
                <property name="Property1">$INFO[Window.Property(36Hour.3.TemperatureHeading)]: $INFO[Window.Property(36Hour.3.Temperature)]</property>
                <property name="Property7">$LOCALIZE[402]: $INFO[Window.Property(36Hour.3.FeelsLike)]</property>
                <property name="Property3">$INFO[Window(Weather).Property(36Hour.3.Outlook)]</property>
                <property name="Property4">$LOCALIZE[33022]: $INFO[Window.Property(36Hour.3.Precipitation)]</property>
                <property name="Property8">$LOCALIZE[387]: $INFO[Window.Property(36Hour.3.Cloudiness)]</property>
                <property name="Property5">$LOCALIZE[406]: $INFO[Window.Property(36Hour.3.Humidity)]</property>
                <property name="Property9">$LOCALIZE[404]: $INFO[Window.Property(36Hour.3.WindSpeed)] $INFO[Window.Property(Daily.3.WindDirection)]</property>
                <onclick>noop</onclick>
            </item>
            <!--WEEKEND-->
            <item>
                <visible>Skin.String(WeatherType,Weekend)</visible>
                <visible>Weather.IsFetched + !IsEmpty(Window.Property(Weekend.1.Outlook)) + !IsEmpty(Window.Property(Weekend.IsFetched))</visible>
                <label>$INFO[Window(Weather).Property(Weekend.1.ShortDay)] $INFO[Window.Property(Weekend.1.ShortDate)]</label>
                <thumb>$VAR[WeatherFanartPath]$INFO[Window(Weather).Property(Weekend.1.FanartCode)].jpg</thumb>
                <property name="Icon">$VAR[WeatherIconPath]$INFO[Window(Weather).Property(Weekend.1.FanartCode)].png</property>
                <property name="Property1">$INFO[Window.Property(Weekend.1.HighTemperature)]</property>
                <property name="Property2">$INFO[Window.Property(Weekend.1.LowTemperature)]</property>
                <property name="Property3">$INFO[Window(Weather).Property(Weekend.1.Outlook)]</property>
                <property name="Property4">$LOCALIZE[33022]: $INFO[Window.Property(Weekend.1.Precipitation)]</property>
                <property name="Property8">$LOCALIZE[387]: $INFO[Window.Property(Weekend.1.Cloudiness)]</property>
                <property name="Property5">$LOCALIZE[406]: $INFO[Window.Property(Weekend.1.Humidity)]</property>
                <property name="Property9">$LOCALIZE[404]: $INFO[Window.Property(Weekend.1.WindSpeed)] $INFO[Window.Property(Weekend.1.WindDirection)]</property>
                <onclick>noop</onclick>
            </item>
            <item>
                <visible>Skin.String(WeatherType,Weekend)</visible>
                <visible>Weather.IsFetched + !IsEmpty(Window.Property(Weekend.2.Outlook)) + !IsEmpty(Window.Property(Weekend.IsFetched))</visible>
                <label>$INFO[Window(Weather).Property(Weekend.2.ShortDay)] $INFO[Window.Property(Weekend.2.ShortDate)]</label>
                <thumb>$VAR[WeatherFanartPath]$INFO[Window(Weather).Property(Weekend.2.FanartCode)].jpg</thumb>
                <property name="Icon">$VAR[WeatherIconPath]$INFO[Window(Weather).Property(Weekend.2.FanartCode)].png</property>
                <property name="Property1">$INFO[Window.Property(Weekend.2.HighTemperature)]</property>
                <property name="Property2">$INFO[Window.Property(Weekend.2.LowTemperature)]</property>
                <property name="Property3">$INFO[Window(Weather).Property(Weekend.2.Outlook)]</property>
                <property name="Property4">$LOCALIZE[33022]: $INFO[Window.Property(Weekend.2.Precipitation)]</property>
                <property name="Property8">$LOCALIZE[387]: $INFO[Window.Property(Weekend.2.Cloudiness)]</property>
                <property name="Property5">$LOCALIZE[406]: $INFO[Window.Property(Weekend.2.Humidity)]</property>
                <property name="Property9">$LOCALIZE[404]: $INFO[Window.Property(Weekend.2.WindSpeed)] $INFO[Window.Property(Weekend.2.WindDirection)]</property>
                <onclick>noop</onclick>
            </item>
            <!--24 HOURS-->
            <item>
                <visible>Skin.String(WeatherType,Hourly)</visible>
                <visible>Weather.IsFetched + !IsEmpty(Window.Property(Hourly.1.Outlook)) + !IsEmpty(Window.Property(Hourly.IsFetched))</visible>
                <label>$INFO[Window.Property(Hourly.1.Time)] - $INFO[Window.Property(Hourly.1.ShortDate)]</label>
                <thumb>$VAR[WeatherFanartPath]$INFO[Window(Weather).Property(Hourly.1.FanartCode)].jpg</thumb>
                <property name="Icon">$VAR[WeatherIconPath]$INFO[Window(Weather).Property(Hourly.1.FanartCode)].png</property>
                <property name="Property1">$INFO[Window.Property(Hourly.1.Temperature)]</property>
                <property name="Property7">$LOCALIZE[402]: $INFO[Window.Property(Hourly.1.FeelsLike)]</property>
                <property name="Property3">$INFO[Window(Weather).Property(Hourly.1.Outlook)]</property>
                <property name="Property4">$LOCALIZE[33022]: $INFO[Window.Property(Hourly.1.Precipitation)]</property>
                <property name="Property8">$LOCALIZE[387]: $INFO[Window.Property(Hourly.1.Cloudiness)]</property>
                <property name="Property5">$LOCALIZE[406]: $INFO[Window.Property(Hourly.1.Humidity)]</property>
                <property name="Property9">$LOCALIZE[404]: $INFO[Window.Property(Hourly.1.WindSpeed)] $INFO[Window.Property(Hourly.1.WindDirection)]</property>
                <onclick>noop</onclick>
            </item>
            <item>
                <visible>Skin.String(WeatherType,Hourly)</visible>
                <visible>Weather.IsFetched + !IsEmpty(Window.Property(Hourly.2.Outlook)) + !IsEmpty(Window.Property(Hourly.IsFetched))</visible>
                <label>$INFO[Window.Property(Hourly.2.Time)] - $INFO[Window.Property(Hourly.2.ShortDate)]</label>
                <thumb>$VAR[WeatherFanartPath]$INFO[Window(Weather).Property(Hourly.2.FanartCode)].jpg</thumb>
                <property name="Icon">$VAR[WeatherIconPath]$INFO[Window(Weather).Property(Hourly.2.FanartCode)].png</property>
                <property name="Property1">$INFO[Window.Property(Hourly.2.Temperature)]</property>
                <property name="Property7">$LOCALIZE[402]: $INFO[Window.Property(Hourly.2.FeelsLike)]</property>
                <property name="Property3">$INFO[Window(Weather).Property(Hourly.2.Outlook)]</property>
                <property name="Property4">$LOCALIZE[33022]: $INFO[Window.Property(Hourly.2.Precipitation)]</property>
                <property name="Property8">$LOCALIZE[387]: $INFO[Window.Property(Hourly.2.Cloudiness)]</property>
                <property name="Property5">$LOCALIZE[406]: $INFO[Window.Property(Hourly.2.Humidity)]</property>
                <property name="Property9">$LOCALIZE[404]: $INFO[Window.Property(Hourly.2.WindSpeed)] $INFO[Window.Property(Hourly.2.WindDirection)]</property>
                <onclick>noop</onclick>
            </item>
            <item>
                <visible>Skin.String(WeatherType,Hourly)</visible>
                <visible>Weather.IsFetched + !IsEmpty(Window.Property(Hourly.3.Outlook)) + !IsEmpty(Window.Property(Hourly.IsFetched))</visible>
                <label>$INFO[Window.Property(Hourly.3.Time)] - $INFO[Window.Property(Hourly.3.ShortDate)]</label>
                <thumb>$VAR[WeatherFanartPath]$INFO[Window(Weather).Property(Hourly.3.FanartCode)].jpg</thumb>
                <property name="Icon">$VAR[WeatherIconPath]$INFO[Window(Weather).Property(Hourly.3.FanartCode)].png</property>
                <property name="Property1">$INFO[Window.Property(Hourly.3.Temperature)]</property>
                <property name="Property7">$LOCALIZE[402]: $INFO[Window.Property(Hourly.3.FeelsLike)]</property>
                <property name="Property3">$INFO[Window(Weather).Property(Hourly.3.Outlook)]</property>
                <property name="Property4">$LOCALIZE[33022]: $INFO[Window.Property(Hourly.3.Precipitation)]</property>
                <property name="Property8">$LOCALIZE[387]: $INFO[Window.Property(Hourly.3.Cloudiness)]</property>
                <property name="Property5">$LOCALIZE[406]: $INFO[Window.Property(Hourly.3.Humidity)]</property>
                <property name="Property9">$LOCALIZE[404]: $INFO[Window.Property(Hourly.3.WindSpeed)] $INFO[Window.Property(Hourly.3.WindDirection)]</property>
                <onclick>noop</onclick>
            </item>
            <item>
                <visible>Skin.String(WeatherType,Hourly)</visible>
                <visible>Weather.IsFetched + !IsEmpty(Window.Property(Hourly.4.Outlook)) + !IsEmpty(Window.Property(Hourly.IsFetched))</visible>
                <label>$INFO[Window.Property(Hourly.4.Time)] - $INFO[Window.Property(Hourly.4.ShortDate)]</label>
                <thumb>$VAR[WeatherFanartPath]$INFO[Window(Weather).Property(Hourly.4.FanartCode)].jpg</thumb>
                <property name="Icon">$VAR[WeatherIconPath]$INFO[Window(Weather).Property(Hourly.4.FanartCode)].png</property>
                <property name="Property1">$INFO[Window.Property(Hourly.4.Temperature)]</property>
                <property name="Property7">$LOCALIZE[402]: $INFO[Window.Property(Hourly.4.FeelsLike)]</property>
                <property name="Property3">$INFO[Window(Weather).Property(Hourly.4.Outlook)]</property>
                <property name="Property4">$LOCALIZE[33022]: $INFO[Window.Property(Hourly.4.Precipitation)]</property>
                <property name="Property8">$LOCALIZE[387]: $INFO[Window.Property(Hourly.4.Cloudiness)]</property>
                <property name="Property5">$LOCALIZE[406]: $INFO[Window.Property(Hourly.4.Humidity)]</property>
                <property name="Property9">$LOCALIZE[404]: $INFO[Window.Property(Hourly.4.WindSpeed)] $INFO[Window.Property(Hourly.4.WindDirection)]</property>
                <onclick>noop</onclick>
            </item>
            <item>
                <visible>Skin.String(WeatherType,Hourly)</visible>
                <visible>Weather.IsFetched + !IsEmpty(Window.Property(Hourly.5.Outlook)) + !IsEmpty(Window.Property(Hourly.IsFetched))</visible>
                <label>$INFO[Window.Property(Hourly.5.Time)] - $INFO[Window.Property(Hourly.5.ShortDate)]</label>
                <thumb>$VAR[WeatherFanartPath]$INFO[Window(Weather).Property(Hourly.5.FanartCode)].jpg</thumb>
                <property name="Icon">$VAR[WeatherIconPath]$INFO[Window(Weather).Property(Hourly.5.FanartCode)].png</property>
                <property name="Property1">$INFO[Window.Property(Hourly.5.Temperature)]</property>
                <property name="Property7">$LOCALIZE[402]: $INFO[Window.Property(Hourly.5.FeelsLike)]</property>
                <property name="Property3">$INFO[Window(Weather).Property(Hourly.5.Outlook)]</property>
                <property name="Property4">$LOCALIZE[33022]: $INFO[Window.Property(Hourly.5.Precipitation)]</property>
                <property name="Property8">$LOCALIZE[387]: $INFO[Window.Property(Hourly.5.Cloudiness)]</property>
                <property name="Property5">$LOCALIZE[406]: $INFO[Window.Property(Hourly.5.Humidity)]</property>
                <property name="Property9">$LOCALIZE[404]: $INFO[Window.Property(Hourly.5.WindSpeed)] $INFO[Window.Property(Hourly.5.WindDirection)]</property>
                <onclick>noop</onclick>
            </item>
            <item>
                <visible>Skin.String(WeatherType,Hourly)</visible>
                <visible>Weather.IsFetched + !IsEmpty(Window.Property(Hourly.6.Outlook)) + !IsEmpty(Window.Property(Hourly.IsFetched))</visible>
                <label>$INFO[Window.Property(Hourly.6.Time)] - $INFO[Window.Property(Hourly.6.ShortDate)]</label>
                <thumb>$VAR[WeatherFanartPath]$INFO[Window(Weather).Property(Hourly.6.FanartCode)].jpg</thumb>
                <property name="Icon">$VAR[WeatherIconPath]$INFO[Window(Weather).Property(Hourly.6.FanartCode)].png</property>
                <property name="Property1">$INFO[Window.Property(Hourly.6.Temperature)]</property>
                <property name="Property7">$LOCALIZE[402]: $INFO[Window.Property(Hourly.6.FeelsLike)]</property>
                <property name="Property3">$INFO[Window(Weather).Property(Hourly.6.Outlook)]</property>
                <property name="Property4">$LOCALIZE[33022]: $INFO[Window.Property(Hourly.6.Precipitation)]</property>
                <property name="Property8">$LOCALIZE[387]: $INFO[Window.Property(Hourly.6.Cloudiness)]</property>
                <property name="Property5">$LOCALIZE[406]: $INFO[Window.Property(Hourly.6.Humidity)]</property>
                <property name="Property9">$LOCALIZE[404]: $INFO[Window.Property(Hourly.6.WindSpeed)] $INFO[Window.Property(Hourly.6.WindDirection)]</property>
                <onclick>noop</onclick>
            </item>
            <item>
                <visible>Skin.String(WeatherType,Hourly)</visible>
                <visible>Weather.IsFetched + !IsEmpty(Window.Property(Hourly.7.Outlook)) + !IsEmpty(Window.Property(Hourly.IsFetched))</visible>
                <label>$INFO[Window.Property(Hourly.7.Time)] - $INFO[Window.Property(Hourly.7.ShortDate)]</label>
                <thumb>$VAR[WeatherFanartPath]$INFO[Window(Weather).Property(Hourly.7.FanartCode)].jpg</thumb>
                <property name="Icon">$VAR[WeatherIconPath]$INFO[Window(Weather).Property(Hourly.7.FanartCode)].png</property>
                <property name="Property1">$INFO[Window.Property(Hourly.7.Temperature)]</property>
                <property name="Property7">$LOCALIZE[402]: $INFO[Window.Property(Hourly.7.FeelsLike)]</property>
                <property name="Property3">$INFO[Window(Weather).Property(Hourly.7.Outlook)]</property>
                <property name="Property4">$LOCALIZE[33022]: $INFO[Window.Property(Hourly.7.Precipitation)]</property>
                <property name="Property8">$LOCALIZE[387]: $INFO[Window.Property(Hourly.7.Cloudiness)]</property>
                <property name="Property5">$LOCALIZE[406]: $INFO[Window.Property(Hourly.7.Humidity)]</property>
                <property name="Property9">$LOCALIZE[404]: $INFO[Window.Property(Hourly.7.WindSpeed)] $INFO[Window.Property(Hourly.7.WindDirection)]</property>
                <onclick>noop</onclick>
            </item>
            <item>
                <visible>Skin.String(WeatherType,Hourly)</visible>
                <visible>Weather.IsFetched + !IsEmpty(Window.Property(Hourly.8.Outlook)) + !IsEmpty(Window.Property(Hourly.IsFetched))</visible>
                <label>$INFO[Window.Property(Hourly.8.Time)] - $INFO[Window.Property(Hourly.8.ShortDate)]</label>
                <thumb>$VAR[WeatherFanartPath]$INFO[Window(Weather).Property(Hourly.8.FanartCode)].jpg</thumb>
                <property name="Icon">$VAR[WeatherIconPath]$INFO[Window(Weather).Property(Hourly.8.FanartCode)].png</property>
                <property name="Property1">$INFO[Window.Property(Hourly.8.Temperature)]</property>
                <property name="Property7">$LOCALIZE[402]: $INFO[Window.Property(Hourly.8.FeelsLike)]</property>
                <property name="Property3">$INFO[Window(Weather).Property(Hourly.8.Outlook)]</property>
                <property name="Property4">$LOCALIZE[33022]: $INFO[Window.Property(Hourly.8.Precipitation)]</property>
                <property name="Property8">$LOCALIZE[387]: $INFO[Window.Property(Hourly.8.Cloudiness)]</property>
                <property name="Property5">$LOCALIZE[406]: $INFO[Window.Property(Hourly.8.Humidity)]</property>
                <property name="Property9">$LOCALIZE[404]: $INFO[Window.Property(Hourly.8.WindSpeed)] $INFO[Window.Property(Hourly.8.WindDirection)]</property>
                <onclick>noop</onclick>
            </item>
            <item>
                <visible>Skin.String(WeatherType,Hourly)</visible>
                <visible>Weather.IsFetched + !IsEmpty(Window.Property(Hourly.9.Outlook)) + !IsEmpty(Window.Property(Hourly.IsFetched))</visible>
                <label>$INFO[Window.Property(Hourly.9.Time)] - $INFO[Window.Property(Hourly.9.ShortDate)]</label>
                <thumb>$VAR[WeatherFanartPath]$INFO[Window(Weather).Property(Hourly.9.FanartCode)].jpg</thumb>
                <property name="Icon">$VAR[WeatherIconPath]$INFO[Window(Weather).Property(Hourly.9.FanartCode)].png</property>
                <property name="Property1">$INFO[Window.Property(Hourly.9.Temperature)]</property>
                <property name="Property7">$LOCALIZE[402]: $INFO[Window.Property(Hourly.9.FeelsLike)]</property>
                <property name="Property3">$INFO[Window(Weather).Property(Hourly.9.Outlook)]</property>
                <property name="Property4">$LOCALIZE[33022]: $INFO[Window.Property(Hourly.9.Precipitation)]</property>
                <property name="Property8">$LOCALIZE[387]: $INFO[Window.Property(Hourly.9.Cloudiness)]</property>
                <property name="Property5">$LOCALIZE[406]: $INFO[Window.Property(Hourly.9.Humidity)]</property>
                <property name="Property9">$LOCALIZE[404]: $INFO[Window.Property(Hourly.9.WindSpeed)] $INFO[Window.Property(Hourly.9.WindDirection)]</property>
                <onclick>noop</onclick>
            </item>
            <item>
                <visible>Skin.String(WeatherType,Hourly)</visible>
                <visible>Weather.IsFetched + !IsEmpty(Window.Property(Hourly.10.Outlook)) + !IsEmpty(Window.Property(Hourly.IsFetched))</visible>
                <label>$INFO[Window.Property(Hourly.10.Time)] - $INFO[Window.Property(Hourly.10.ShortDate)]</label>
                <thumb>$VAR[WeatherFanartPath]$INFO[Window(Weather).Property(Hourly.10.FanartCode)].jpg</thumb>
                <property name="Icon">$VAR[WeatherIconPath]$INFO[Window(Weather).Property(Hourly.10.FanartCode)].png</property>
                <property name="Property1">$INFO[Window.Property(Hourly.10.Temperature)]</property>
                <property name="Property7">$LOCALIZE[402]: $INFO[Window.Property(Hourly.10.FeelsLike)]</property>
                <property name="Property3">$INFO[Window(Weather).Property(Hourly.10.Outlook)]</property>
                <property name="Property4">$LOCALIZE[33022]: $INFO[Window.Property(Hourly.10.Precipitation)]</property>
                <property name="Property8">$LOCALIZE[387]: $INFO[Window.Property(Hourly.10.Cloudiness)]</property>
                <property name="Property5">$LOCALIZE[406]: $INFO[Window.Property(Hourly.10.Humidity)]</property>
                <property name="Property9">$LOCALIZE[404]: $INFO[Window.Property(Hourly.10.WindSpeed)] $INFO[Window.Property(Hourly.10.WindDirection)]</property>
                <onclick>noop</onclick>
            </item>
            <item>
                <visible>Skin.String(WeatherType,Hourly)</visible>
                <visible>Weather.IsFetched + !IsEmpty(Window.Property(Hourly.11.Outlook)) + !IsEmpty(Window.Property(Hourly.IsFetched))</visible>
                <label>$INFO[Window.Property(Hourly.11.Time)] - $INFO[Window.Property(Hourly.11.ShortDate)]</label>
                <thumb>$VAR[WeatherFanartPath]$INFO[Window(Weather).Property(Hourly.11.FanartCode)].jpg</thumb>
                <property name="Icon">$VAR[WeatherIconPath]$INFO[Window(Weather).Property(Hourly.11.FanartCode)].png</property>
                <property name="Property1">$INFO[Window.Property(Hourly.11.Temperature)]</property>
                <property name="Property7">$LOCALIZE[402]: $INFO[Window.Property(Hourly.11.FeelsLike)]</property>
                <property name="Property3">$INFO[Window(Weather).Property(Hourly.11.Outlook)]</property>
                <property name="Property4">$LOCALIZE[33022]: $INFO[Window.Property(Hourly.11.Precipitation)]</property>
                <property name="Property8">$LOCALIZE[387]: $INFO[Window.Property(Hourly.11.Cloudiness)]</property>
                <property name="Property5">$LOCALIZE[406]: $INFO[Window.Property(Hourly.11.Humidity)]</property>
                <property name="Property9">$LOCALIZE[404]: $INFO[Window.Property(Hourly.11.WindSpeed)] $INFO[Window.Property(Hourly.11.WindDirection)]</property>
                <onclick>noop</onclick>
            </item>
            <item>
                <visible>Skin.String(WeatherType,Hourly)</visible>
                <visible>Weather.IsFetched + !IsEmpty(Window.Property(Hourly.12.Outlook)) + !IsEmpty(Window.Property(Hourly.IsFetched))</visible>
                <label>$INFO[Window.Property(Hourly.12.Time)] - $INFO[Window.Property(Hourly.12.ShortDate)]</label>
                <thumb>$VAR[WeatherFanartPath]$INFO[Window(Weather).Property(Hourly.12.FanartCode)].jpg</thumb>
                <property name="Icon">$VAR[WeatherIconPath]$INFO[Window(Weather).Property(Hourly.12.FanartCode)].png</property>
                <property name="Property1">$INFO[Window.Property(Hourly.12.Temperature)]</property>
                <property name="Property7">$LOCALIZE[402]: $INFO[Window.Property(Hourly.12.FeelsLike)]</property>
                <property name="Property3">$INFO[Window(Weather).Property(Hourly.12.Outlook)]</property>
                <property name="Property4">$LOCALIZE[33022]: $INFO[Window.Property(Hourly.12.Precipitation)]</property>
                <property name="Property8">$LOCALIZE[387]: $INFO[Window.Property(Hourly.12.Cloudiness)]</property>
                <property name="Property5">$LOCALIZE[406]: $INFO[Window.Property(Hourly.12.Humidity)]</property>
                <property name="Property9">$LOCALIZE[404]: $INFO[Window.Property(Hourly.12.WindSpeed)] $INFO[Window.Property(Hourly.12.WindDirection)]</property>
                <onclick>noop</onclick>
            </item>
            <item>
                <visible>Skin.String(WeatherType,Hourly)</visible>
                <visible>Weather.IsFetched + !IsEmpty(Window.Property(Hourly.13.Outlook)) + !IsEmpty(Window.Property(Hourly.IsFetched))</visible>
                <label>$INFO[Window.Property(Hourly.13.Time)] - $INFO[Window.Property(Hourly.13.ShortDate)]</label>
                <thumb>$VAR[WeatherFanartPath]$INFO[Window(Weather).Property(Hourly.13.FanartCode)].jpg</thumb>
                <property name="Icon">$VAR[WeatherIconPath]$INFO[Window(Weather).Property(Hourly.13.FanartCode)].png</property>
                <property name="Property1">$INFO[Window.Property(Hourly.13.Temperature)]</property>
                <property name="Property7">$LOCALIZE[402]: $INFO[Window.Property(Hourly.13.FeelsLike)]</property>
                <property name="Property3">$INFO[Window(Weather).Property(Hourly.13.Outlook)]</property>
                <property name="Property4">$LOCALIZE[33022]: $INFO[Window.Property(Hourly.13.Precipitation)]</property>
                <property name="Property8">$LOCALIZE[387]: $INFO[Window.Property(Hourly.13.Cloudiness)]</property>
                <property name="Property5">$LOCALIZE[406]: $INFO[Window.Property(Hourly.13.Humidity)]</property>
                <property name="Property9">$LOCALIZE[404]: $INFO[Window.Property(Hourly.13.WindSpeed)] $INFO[Window.Property(Hourly.13.WindDirection)]</property>
                <onclick>noop</onclick>
            </item>
            <item>
                <visible>Skin.String(WeatherType,Hourly)</visible>
                <visible>Weather.IsFetched + !IsEmpty(Window.Property(Hourly.14.Outlook)) + !IsEmpty(Window.Property(Hourly.IsFetched))</visible>
                <label>$INFO[Window.Property(Hourly.14.Time)] - $INFO[Window.Property(Hourly.14.ShortDate)]</label>
                <thumb>$VAR[WeatherFanartPath]$INFO[Window(Weather).Property(Hourly.14.FanartCode)].jpg</thumb>
                <property name="Icon">$VAR[WeatherIconPath]$INFO[Window(Weather).Property(Hourly.14.FanartCode)].png</property>
                <property name="Property1">$INFO[Window.Property(Hourly.14.Temperature)]</property>
                <property name="Property7">$LOCALIZE[402]: $INFO[Window.Property(Hourly.14.FeelsLike)]</property>
                <property name="Property3">$INFO[Window(Weather).Property(Hourly.14.Outlook)]</property>
                <property name="Property4">$LOCALIZE[33022]: $INFO[Window.Property(Hourly.14.Precipitation)]</property>
                <property name="Property8">$LOCALIZE[387]: $INFO[Window.Property(Hourly.14.Cloudiness)]</property>
                <property name="Property5">$LOCALIZE[406]: $INFO[Window.Property(Hourly.14.Humidity)]</property>
                <property name="Property9">$LOCALIZE[404]: $INFO[Window.Property(Hourly.14.WindSpeed)] $INFO[Window.Property(Hourly.14.WindDirection)]</property>
                <onclick>noop</onclick>
            </item>
            <item>
                <visible>Skin.String(WeatherType,Hourly)</visible>
                <visible>Weather.IsFetched + !IsEmpty(Window.Property(Hourly.15.Outlook)) + !IsEmpty(Window.Property(Hourly.IsFetched))</visible>
                <label>$INFO[Window.Property(Hourly.15.Time)] - $INFO[Window.Property(Hourly.15.ShortDate)]</label>
                <thumb>$VAR[WeatherFanartPath]$INFO[Window(Weather).Property(Hourly.15.FanartCode)].jpg</thumb>
                <property name="Icon">$VAR[WeatherIconPath]$INFO[Window(Weather).Property(Hourly.15.FanartCode)].png</property>
                <property name="Property1">$INFO[Window.Property(Hourly.15.Temperature)]</property>
                <property name="Property7">$LOCALIZE[402]: $INFO[Window.Property(Hourly.15.FeelsLike)]</property>
                <property name="Property3">$INFO[Window(Weather).Property(Hourly.15.Outlook)]</property>
                <property name="Property4">$LOCALIZE[33022]: $INFO[Window.Property(Hourly.15.Precipitation)]</property>
                <property name="Property8">$LOCALIZE[387]: $INFO[Window.Property(Hourly.15.Cloudiness)]</property>
                <property name="Property5">$LOCALIZE[406]: $INFO[Window.Property(Hourly.15.Humidity)]</property>
                <property name="Property9">$LOCALIZE[404]: $INFO[Window.Property(Hourly.15.WindSpeed)] $INFO[Window.Property(Hourly.15.WindDirection)]</property>
                <onclick>noop</onclick>
            </item>
            <item>
                <visible>Skin.String(WeatherType,Hourly)</visible>
                <visible>Weather.IsFetched + !IsEmpty(Window.Property(Hourly.16.Outlook)) + !IsEmpty(Window.Property(Hourly.IsFetched))</visible>
                <label>$INFO[Window.Property(Hourly.16.Time)] - $INFO[Window.Property(Hourly.16.ShortDate)]</label>
                <thumb>$VAR[WeatherFanartPath]$INFO[Window(Weather).Property(Hourly.16.FanartCode)].jpg</thumb>
                <property name="Icon">$VAR[WeatherIconPath]$INFO[Window(Weather).Property(Hourly.16.FanartCode)].png</property>
                <property name="Property1">$INFO[Window.Property(Hourly.16.Temperature)]</property>
                <property name="Property7">$LOCALIZE[402]: $INFO[Window.Property(Hourly.16.FeelsLike)]</property>
                <property name="Property3">$INFO[Window(Weather).Property(Hourly.16.Outlook)]</property>
                <property name="Property4">$LOCALIZE[33022]: $INFO[Window.Property(Hourly.16.Precipitation)]</property>
                <property name="Property8">$LOCALIZE[387]: $INFO[Window.Property(Hourly.16.Cloudiness)]</property>
                <property name="Property5">$LOCALIZE[406]: $INFO[Window.Property(Hourly.16.Humidity)]</property>
                <property name="Property9">$LOCALIZE[404]: $INFO[Window.Property(Hourly.16.WindSpeed)] $INFO[Window.Property(Hourly.16.WindDirection)]</property>
                <onclick>noop</onclick>
            </item>
            <item>
                <visible>Skin.String(WeatherType,Hourly)</visible>
                <visible>Weather.IsFetched + !IsEmpty(Window.Property(Hourly.17.Outlook)) + !IsEmpty(Window.Property(Hourly.IsFetched))</visible>
                <label>$INFO[Window.Property(Hourly.17.Time)] - $INFO[Window.Property(Hourly.17.ShortDate)]</label>
                <thumb>$VAR[WeatherFanartPath]$INFO[Window(Weather).Property(Hourly.17.FanartCode)].jpg</thumb>
                <property name="Icon">$VAR[WeatherIconPath]$INFO[Window(Weather).Property(Hourly.17.FanartCode)].png</property>
                <property name="Property1">$INFO[Window.Property(Hourly.17.Temperature)]</property>
                <property name="Property7">$LOCALIZE[402]: $INFO[Window.Property(Hourly.17.FeelsLike)]</property>
                <property name="Property3">$INFO[Window(Weather).Property(Hourly.17.Outlook)]</property>
                <property name="Property4">$LOCALIZE[33022]: $INFO[Window.Property(Hourly.17.Precipitation)]</property>
                <property name="Property8">$LOCALIZE[387]: $INFO[Window.Property(Hourly.17.Cloudiness)]</property>
                <property name="Property5">$LOCALIZE[406]: $INFO[Window.Property(Hourly.17.Humidity)]</property>
                <property name="Property9">$LOCALIZE[404]: $INFO[Window.Property(Hourly.17.WindSpeed)] $INFO[Window.Property(Hourly.17.WindDirection)]</property>
                <onclick>noop</onclick>
            </item>
            <item>
                <visible>Skin.String(WeatherType,Hourly)</visible>
                <visible>Weather.IsFetched + !IsEmpty(Window.Property(Hourly.18.Outlook)) + !IsEmpty(Window.Property(Hourly.IsFetched))</visible>
                <label>$INFO[Window.Property(Hourly.18.Time)] - $INFO[Window.Property(Hourly.18.ShortDate)]</label>
                <thumb>$VAR[WeatherFanartPath]$INFO[Window(Weather).Property(Hourly.18.FanartCode)].jpg</thumb>
                <property name="Icon">$VAR[WeatherIconPath]$INFO[Window(Weather).Property(Hourly.18.FanartCode)].png</property>
                <property name="Property1">$INFO[Window.Property(Hourly.18.Temperature)]</property>
                <property name="Property7">$LOCALIZE[402]: $INFO[Window.Property(Hourly.18.FeelsLike)]</property>
                <property name="Property3">$INFO[Window(Weather).Property(Hourly.18.Outlook)]</property>
                <property name="Property4">$LOCALIZE[33022]: $INFO[Window.Property(Hourly.18.Precipitation)]</property>
                <property name="Property8">$LOCALIZE[387]: $INFO[Window.Property(Hourly.18.Cloudiness)]</property>
                <property name="Property5">$LOCALIZE[406]: $INFO[Window.Property(Hourly.18.Humidity)]</property>
                <property name="Property9">$LOCALIZE[404]: $INFO[Window.Property(Hourly.18.WindSpeed)] $INFO[Window.Property(Hourly.18.WindDirection)]</property>
                <onclick>noop</onclick>
            </item>
            <item>
                <visible>Skin.String(WeatherType,Hourly)</visible>
                <visible>Weather.IsFetched + !IsEmpty(Window.Property(Hourly.19.Outlook)) + !IsEmpty(Window.Property(Hourly.IsFetched))</visible>
                <label>$INFO[Window.Property(Hourly.19.Time)] - $INFO[Window.Property(Hourly.19.ShortDate)]</label>
                <thumb>$VAR[WeatherFanartPath]$INFO[Window(Weather).Property(Hourly.19.FanartCode)].jpg</thumb>
                <property name="Icon">$VAR[WeatherIconPath]$INFO[Window(Weather).Property(Hourly.19.FanartCode)].png</property>
                <property name="Property1">$INFO[Window.Property(Hourly.19.Temperature)]</property>
                <property name="Property7">$LOCALIZE[402]: $INFO[Window.Property(Hourly.19.FeelsLike)]</property>
                <property name="Property3">$INFO[Window(Weather).Property(Hourly.19.Outlook)]</property>
                <property name="Property4">$LOCALIZE[33022]: $INFO[Window.Property(Hourly.19.Precipitation)]</property>
                <property name="Property8">$LOCALIZE[387]: $INFO[Window.Property(Hourly.19.Cloudiness)]</property>
                <property name="Property5">$LOCALIZE[406]: $INFO[Window.Property(Hourly.19.Humidity)]</property>
                <property name="Property9">$LOCALIZE[404]: $INFO[Window.Property(Hourly.19.WindSpeed)] $INFO[Window.Property(Hourly.19.WindDirection)]</property>
                <onclick>noop</onclick>
            </item>
            <item>
                <visible>Skin.String(WeatherType,Hourly)</visible>
                <visible>Weather.IsFetched + !IsEmpty(Window.Property(Hourly.20.Outlook)) + !IsEmpty(Window.Property(Hourly.IsFetched))</visible>
                <label>$INFO[Window.Property(Hourly.20.Time)] - $INFO[Window.Property(Hourly.20.ShortDate)]</label>
                <thumb>$VAR[WeatherFanartPath]$INFO[Window(Weather).Property(Hourly.20.FanartCode)].jpg</thumb>
                <property name="Icon">$VAR[WeatherIconPath]$INFO[Window(Weather).Property(Hourly.20.FanartCode)].png</property>
                <property name="Property1">$INFO[Window.Property(Hourly.20.Temperature)]</property>
                <property name="Property7">$LOCALIZE[402]: $INFO[Window.Property(Hourly.20.FeelsLike)]</property>
                <property name="Property3">$INFO[Window(Weather).Property(Hourly.20.Outlook)]</property>
                <property name="Property4">$LOCALIZE[33022]: $INFO[Window.Property(Hourly.20.Precipitation)]</property>
                <property name="Property8">$LOCALIZE[387]: $INFO[Window.Property(Hourly.20.Cloudiness)]</property>
                <property name="Property5">$LOCALIZE[406]: $INFO[Window.Property(Hourly.20.Humidity)]</property>
                <property name="Property9">$LOCALIZE[404]: $INFO[Window.Property(Hourly.20.WindSpeed)] $INFO[Window.Property(Hourly.20.WindDirection)]</property>
                <onclick>noop</onclick>
            </item>
            <item>
                <visible>Skin.String(WeatherType,Hourly)</visible>
                <visible>Weather.IsFetched + !IsEmpty(Window.Property(Hourly.21.Outlook)) + !IsEmpty(Window.Property(Hourly.IsFetched))</visible>
                <label>$INFO[Window.Property(Hourly.21.Time)] - $INFO[Window.Property(Hourly.21.ShortDate)]</label>
                <thumb>$VAR[WeatherFanartPath]$INFO[Window(Weather).Property(Hourly.21.FanartCode)].jpg</thumb>
                <property name="Icon">$VAR[WeatherIconPath]$INFO[Window(Weather).Property(Hourly.21.FanartCode)].png</property>
                <property name="Property1">$INFO[Window.Property(Hourly.21.Temperature)]</property>
                <property name="Property7">$LOCALIZE[402]: $INFO[Window.Property(Hourly.21.FeelsLike)]</property>
                <property name="Property3">$INFO[Window(Weather).Property(Hourly.21.Outlook)]</property>
                <property name="Property4">$LOCALIZE[33022]: $INFO[Window.Property(Hourly.21.Precipitation)]</property>
                <property name="Property8">$LOCALIZE[387]: $INFO[Window.Property(Hourly.21.Cloudiness)]</property>
                <property name="Property5">$LOCALIZE[406]: $INFO[Window.Property(Hourly.21.Humidity)]</property>
                <property name="Property9">$LOCALIZE[404]: $INFO[Window.Property(Hourly.21.WindSpeed)] $INFO[Window.Property(Hourly.21.WindDirection)]</property>
                <onclick>noop</onclick>
            </item>
            <item>
                <visible>Skin.String(WeatherType,Hourly)</visible>
                <visible>Weather.IsFetched + !IsEmpty(Window.Property(Hourly.22.Outlook)) + !IsEmpty(Window.Property(Hourly.IsFetched))</visible>
                <label>$INFO[Window.Property(Hourly.22.Time)] - $INFO[Window.Property(Hourly.22.ShortDate)]</label>
                <thumb>$VAR[WeatherFanartPath]$INFO[Window(Weather).Property(Hourly.22.FanartCode)].jpg</thumb>
                <property name="Icon">$VAR[WeatherIconPath]$INFO[Window(Weather).Property(Hourly.22.FanartCode)].png</property>
                <property name="Property1">$INFO[Window.Property(Hourly.22.Temperature)]</property>
                <property name="Property7">$LOCALIZE[402]: $INFO[Window.Property(Hourly.22.FeelsLike)]</property>
                <property name="Property3">$INFO[Window(Weather).Property(Hourly.22.Outlook)]</property>
                <property name="Property4">$LOCALIZE[33022]: $INFO[Window.Property(Hourly.22.Precipitation)]</property>
                <property name="Property8">$LOCALIZE[387]: $INFO[Window.Property(Hourly.22.Cloudiness)]</property>
                <property name="Property5">$LOCALIZE[406]: $INFO[Window.Property(Hourly.22.Humidity)]</property>
                <property name="Property9">$LOCALIZE[404]: $INFO[Window.Property(Hourly.22.WindSpeed)] $INFO[Window.Property(Hourly.22.WindDirection)]</property>
                <onclick>noop</onclick>
            </item>
            <item>
                <visible>Skin.String(WeatherType,Hourly)</visible>
                <visible>Weather.IsFetched + !IsEmpty(Window.Property(Hourly.23.Outlook)) + !IsEmpty(Window.Property(Hourly.IsFetched))</visible>
                <label>$INFO[Window.Property(Hourly.23.Time)] - $INFO[Window.Property(Hourly.23.ShortDate)]</label>
                <thumb>$VAR[WeatherFanartPath]$INFO[Window(Weather).Property(Hourly.23.FanartCode)].jpg</thumb>
                <property name="Icon">$VAR[WeatherIconPath]$INFO[Window(Weather).Property(Hourly.23.FanartCode)].png</property>
                <property name="Property1">$INFO[Window.Property(Hourly.23.Temperature)]</property>
                <property name="Property7">$LOCALIZE[402]: $INFO[Window.Property(Hourly.23.FeelsLike)]</property>
                <property name="Property3">$INFO[Window(Weather).Property(Hourly.23.Outlook)]</property>
                <property name="Property4">$LOCALIZE[33022]: $INFO[Window.Property(Hourly.23.Precipitation)]</property>
                <property name="Property8">$LOCALIZE[387]: $INFO[Window.Property(Hourly.23.Cloudiness)]</property>
                <property name="Property5">$LOCALIZE[406]: $INFO[Window.Property(Hourly.23.Humidity)]</property>
                <property name="Property9">$LOCALIZE[404]: $INFO[Window.Property(Hourly.23.WindSpeed)] $INFO[Window.Property(Hourly.23.WindDirection)]</property>
                <onclick>noop</onclick>
            </item>
            <item>
                <visible>Skin.String(WeatherType,Hourly)</visible>
                <visible>Weather.IsFetched + !IsEmpty(Window.Property(Hourly.24.Outlook)) + !IsEmpty(Window.Property(Hourly.IsFetched))</visible>
                <label>$INFO[Window.Property(Hourly.24.Time)] - $INFO[Window.Property(Hourly.24.ShortDate)]</label>
                <thumb>$VAR[WeatherFanartPath]$INFO[Window(Weather).Property(Hourly.24.FanartCode)].jpg</thumb>
                <property name="Icon">$VAR[WeatherIconPath]$INFO[Window(Weather).Property(Hourly.24.FanartCode)].png</property>
                <property name="Property1">$INFO[Window.Property(Hourly.24.Temperature)]</property>
                <property name="Property7">$LOCALIZE[402]: $INFO[Window.Property(Hourly.24.FeelsLike)]</property>
                <property name="Property3">$INFO[Window(Weather).Property(Hourly.24.Outlook)]</property>
                <property name="Property4">$LOCALIZE[33022]: $INFO[Window.Property(Hourly.24.Precipitation)]</property>
                <property name="Property8">$LOCALIZE[387]: $INFO[Window.Property(Hourly.24.Cloudiness)]</property>
                <property name="Property5">$LOCALIZE[406]: $INFO[Window.Property(Hourly.24.Humidity)]</property>
                <property name="Property9">$LOCALIZE[404]: $INFO[Window.Property(Hourly.24.WindSpeed)] $INFO[Window.Property(Hourly.24.WindDirection)]</property>
                <onclick>noop</onclick>
            </item>
            <!--MAPS-->
            <item>
                <visible>Skin.String(WeatherType,Map)</visible>
                <visible>Weather.IsFetched + !IsEmpty(Window.Property(Map.1.Area)) + !IsEmpty(Window.Property(Map.IsFetched))</visible>
                <label>$INFO[Window.Property(Map.1.Heading)]</label>
                <thumb>$INFO[Window.Property(Map.1.Area)]</thumb>
                <property name="Layer">$INFO[Window.Property(Map.1.Layer)]</property>
                <property name="Legend">$INFO[Window.Property(Map.1.Legend)]</property>
                <onclick>noop</onclick>
            </item>
            <item>
                <visible>Skin.String(WeatherType,Map)</visible>
                <visible>Weather.IsFetched + !IsEmpty(Window.Property(Map.2.Area)) + !IsEmpty(Window.Property(Map.IsFetched))</visible>
                <label>$INFO[Window.Property(Map.2.Heading)]</label>
                <thumb>$INFO[Window.Property(Map.2.Area)]</thumb>
                <property name="Layer">$INFO[Window.Property(Map.2.Layer)]</property>
                <property name="Legend">$INFO[Window.Property(Map.2.Legend)]</property>
                <onclick>noop</onclick>
            </item>
            <item>
                <visible>Skin.String(WeatherType,Map)</visible>
                <visible>Weather.IsFetched + !IsEmpty(Window.Property(Map.3.Area)) + !IsEmpty(Window.Property(Map.IsFetched))</visible>
                <label>$INFO[Window.Property(Map.3.Heading)]</label>
                <thumb>$INFO[Window.Property(Map.3.Area)]</thumb>
                <property name="Layer">$INFO[Window.Property(Map.3.Layer)]</property>
                <property name="Legend">$INFO[Window.Property(Map.3.Legend)]</property>
                <onclick>noop</onclick>
            </item>
            <item>
                <visible>Skin.String(WeatherType,Map)</visible>
                <visible>Weather.IsFetched + !IsEmpty(Window.Property(Map.4.Area)) + !IsEmpty(Window.Property(Map.IsFetched))</visible>
                <label>$INFO[Window.Property(Map.4.Heading)]</label>
                <thumb>$INFO[Window.Property(Map.4.Area)]</thumb>
                <property name="Layer">$INFO[Window.Property(Map.4.Layer)]</property>
                <property name="Legend">$INFO[Window.Property(Map.4.Legend)]</property>
                <onclick>noop</onclick>
            </item>
            <item>
                <visible>Skin.String(WeatherType,Map)</visible>
                <visible>Weather.IsFetched + !IsEmpty(Window.Property(Map.5.Area)) + !IsEmpty(Window.Property(Map.IsFetched))</visible>
                <label>$INFO[Window.Property(Map.5.Heading)]</label>
                <thumb>$INFO[Window.Property(Map.5.Area)]</thumb>
                <property name="Layer">$INFO[Window.Property(Map.5.Layer)]</property>
                <property name="Legend">$INFO[Window.Property(Map.5.Legend)]</property>
                <onclick>noop</onclick>
            </item>
        </content>
    </include>
</includes>
