<?xml version="1.0" encoding="utf-8"?>
<window>
    <defaultcontrol always="true">50</defaultcontrol>
    <include condition="!Skin.HasSetting(BlackGlassMode)|Skin.HasSetting(DisableSlidingAnimations)">OpenClose</include>
    <controls>
        <include>Fanart_Art</include>
        <include>Player_Show</include>
        <include>Time</include>
        <control type="label">
            <include condition="Skin.HasSetting(BlackGlassMode)+!Skin.HasSetting(DisableSlidingAnimations)">OpenCloseSlideRight</include>
            <include>WindowTitle</include>
            <label>$LOCALIZE[2]</label>
        </control>
        <control type="label">
            <include condition="Skin.HasSetting(BlackGlassMode)+!Skin.HasSetting(DisableSlidingAnimations)">OpenCloseSlideRight</include>
            <include>WindowTitleSub</include>
            <label>$LOCALIZE[10503]</label>
        </control>
        <control type="group">
            <include condition="Skin.HasSetting(BlackGlassMode)+!Skin.HasSetting(DisableSlidingAnimations)">OpenCloseSlideRight</include>
            <posy>-10</posy>
            <control type="image">
                <posx>3</posx>
                <posy>84</posy>
                <width>1914</width>
                <height>1020</height>
                <texture border="90">common/bg_dialog.png</texture>
            </control>
            <control type="image">
                <posx>48</posx>
                <posy>159</posy>
                <width>1824</width>
                <height>79</height>
                <texture>list/bg_facade_nofocus_top.png</texture>
            </control>
            <control type="label">
                <posx>93</posx>
                <posy>121</posy>
                <height>100</height>
                <width>1734</width>
                <align>center</align>
                <font>InfoTitleFont</font>
                <textcolor>MainColor</textcolor>
                <label>$LOCALIZE[10503]</label>
            </control>
            <control type="group">
                <posx>48</posx>
                <posy>238</posy>
                <control type="label">
                    <posx>0</posx>
                    <posy>-43</posy>
                    <height>40</height>
                    <width>695</width>
                    <align>center</align>
                    <font>InfoTitleSubFont</font>
                    <textcolor>AlternateColor</textcolor>
                    <wrapmultiline>false</wrapmultiline>
                    <label>$LOCALIZE[1033]</label>
                </control>
                <control type="panel" id="50">
                    <posx>0</posx>
                    <posy>0</posy>
                    <width>695</width>
                    <height>781</height>
                    <onleft>60</onleft>
                    <onright>100</onright>
                    <onup>50</onup>
                    <ondown>50</ondown>
                    <scrolltime>200</scrolltime>
                    <pagecontrol>60</pagecontrol>
                    <itemlayout width="695" height="71">
                        <control type="image">
                            <posx>0</posx>
                            <posy>0</posy>
                            <height>71</height>
                            <width>695</width>
                            <texture border="3">list/bg_facade_nofocus.png</texture>
                        </control>
                        <control type="label">
                            <visible>IsEmpty(ListItem.Label2)</visible>
                            <posx>TextMargin</posx>
                            <height>69</height>
                            <width>605</width>
                            <font>FacadeListMainFont</font>
                            <textcolor>ListNoFocusColor</textcolor>
                            <label>$INFO[ListItem.Label]</label>
                            <scroll>false</scroll>
                        </control>
                        <control type="label">
                            <visible>!IsEmpty(ListItem.Label2)</visible>
                            <posx>TextMargin</posx>
                            <height>40</height>
                            <width>605</width>
                            <font>FacadeListMainFont</font>
                            <textcolor>ListNoFocusColor</textcolor>
                            <label>$INFO[ListItem.Label]</label>
                            <scroll>false</scroll>
                        </control>
                        <control type="label">
                            <visible>!IsEmpty(ListItem.Label2)</visible>
                            <posx>TextMargin</posx>
                            <posy>37</posy>
                            <height>28</height>
                            <width>605</width>
                            <font>FacadeListSubFont</font>
                            <textcolor>SublistNoFocusColor</textcolor>
                            <label>$INFO[ListItem.Label2]</label>
                            <scroll>false</scroll>
                        </control>
                    </itemlayout>
                    <focusedlayout width="695" height="71">
                        <control type="image">
                            <posx>0</posx>
                            <posy>0</posy>
                            <height>71</height>
                            <width>695</width>
                            <include>FacadeFocus</include>
                        </control>
                        <control type="label">
                            <visible>IsEmpty(ListItem.Label2)</visible>
                            <posx>TextMargin</posx>
                            <height>69</height>
                            <width>605</width>
                            <font>FacadeListMainFont</font>
                            <textcolor>ListFocusColor</textcolor>
                            <label>$INFO[ListItem.Label]</label>
                        </control>
                        <control type="label">
                            <visible>!IsEmpty(ListItem.Label2)</visible>
                            <posx>TextMargin</posx>
                            <height>40</height>
                            <width>605</width>
                            <font>FacadeListMainFont</font>
                            <textcolor>ListFocusColor</textcolor>
                            <label>$INFO[ListItem.Label]</label>
                        </control>
                        <control type="label">
                            <visible>!IsEmpty(ListItem.Label2)</visible>
                            <posx>TextMargin</posx>
                            <posy>37</posy>
                            <height>28</height>
                            <width>605</width>
                            <font>FacadeListSubFont</font>
                            <textcolor>SublistFocusColor</textcolor>
                            <label>$INFO[ListItem.Label2]</label>
                        </control>
                    </focusedlayout>
                </control>
                <control type="scrollbar" id="60">
                    <posx>664</posx>
                    <posy>0</posy>
                    <height>781</height>
                    <include>VerticalScroller</include>
                    <onleft>50</onleft>
                    <onright>50</onright>
                </control>
            </control>
            <control type="group">
                <posx>744</posx>
                <posy>238</posy>
                <control type="label">
                    <posx>0</posx>
                    <posy>-43</posy>
                    <height>40</height>
                    <width>695</width>
                    <align>center</align>
                    <font>InfoTitleSubFont</font>
                    <textcolor>AlternateColor</textcolor>
                    <label>$LOCALIZE[559]</label>
                </control>
                <control type="image">
                    <posx>0</posx>
                    <posy>0</posy>
                    <width>2</width>
                    <height>815</height>
                    <texture>list/bg_facade_vertical.png</texture>
                </control>
                <control type="image">
                    <posx>0</posx>
                    <posy>0</posy>
                    <height>815</height>
                    <width>375</width>
                    <texture flipx="true">list/bg_strip_horizontal_left.png</texture>
                    <colordiffuse>90ffffff</colordiffuse>
                </control>
                <control type="panel" id="100">
                    <posx>0</posx>
                    <posy>0</posy>
                    <width>695</width>
                    <height>781</height>
                    <onleft>50</onleft>
                    <onright>9001</onright>
                    <onup>100</onup>
                    <ondown>100</ondown>
                    <scrolltime>200</scrolltime>
                    <pagecontrol>61</pagecontrol>
                    <itemlayout width="695" height="71">
                        <control type="image">
                            <posx>0</posx>
                            <posy>0</posy>
                            <height>71</height>
                            <width>695</width>
                            <texture border="3">list/bg_facade_nofocus.png</texture>
                        </control>
                        <control type="label">
                            <visible>IsEmpty(ListItem.Label2)</visible>
                            <posx>TextMargin</posx>
                            <height>69</height>
                            <width>605</width>
                            <font>FacadeListMainFont</font>
                            <textcolor>ListNoFocusColor</textcolor>
                            <label>$INFO[ListItem.Label]</label>
                            <scroll>false</scroll>
                        </control>
                        <control type="label">
                            <visible>!IsEmpty(ListItem.Label2)</visible>
                            <posx>TextMargin</posx>
                            <height>40</height>
                            <width>605</width>
                            <font>FacadeListMainFont</font>
                            <textcolor>ListNoFocusColor</textcolor>
                            <label>$INFO[ListItem.Label]</label>
                            <scroll>false</scroll>
                        </control>
                        <control type="label">
                            <visible>!IsEmpty(ListItem.Label2)</visible>
                            <posx>TextMargin</posx>
                            <posy>37</posy>
                            <height>28</height>
                            <width>605</width>
                            <font>FacadeListSubFont</font>
                            <textcolor>SublistNoFocusColor</textcolor>
                            <label>$INFO[ListItem.Label2]</label>
                            <scroll>false</scroll>
                        </control>
                    </itemlayout>
                    <focusedlayout width="695" height="71">
                        <control type="image">
                            <posx>0</posx>
                            <posy>0</posy>
                            <height>71</height>
                            <width>695</width>
                            <include>FacadeFocus</include>
                        </control>
                        <control type="label">
                            <visible>IsEmpty(ListItem.Label2)</visible>
                            <posx>TextMargin</posx>
                            <height>69</height>
                            <width>605</width>
                            <font>FacadeListMainFont</font>
                            <textcolor>ListFocusColor</textcolor>
                            <label>$INFO[ListItem.Label]</label>
                        </control>
                        <control type="label">
                            <visible>!IsEmpty(ListItem.Label2)</visible>
                            <posx>TextMargin</posx>
                            <height>40</height>
                            <width>605</width>
                            <font>FacadeListMainFont</font>
                            <textcolor>ListFocusColor</textcolor>
                            <label>$INFO[ListItem.Label]</label>
                        </control>
                        <control type="label">
                            <visible>!IsEmpty(ListItem.Label2)</visible>
                            <posx>TextMargin</posx>
                            <posy>37</posy>
                            <height>28</height>
                            <width>605</width>
                            <font>FacadeListSubFont</font>
                            <textcolor>SublistFocusColor</textcolor>
                            <label>$INFO[ListItem.Label2]</label>
                        </control>
                    </focusedlayout>
                </control>
                <control type="scrollbar" id="61">
                    <posx>664</posx>
                    <posy>0</posy>
                    <height>781</height>
                    <include>VerticalScroller</include>
                    <onleft>100</onleft>
                    <onright>100</onright>
                </control>
                <control type="label" id="101">
                    <posx>1338</posx>
                    <posy>50</posy>
                    <width>600</width>
                    <align>right</align>
                    <textcolor>MainColor</textcolor>
                </control>
            </control>
            <control type="group">
                <posx>1439</posx>
                <posy>238</posy>
                <control type="image">
                    <posx>0</posx>
                    <posy>0</posy>
                    <width>2</width>
                    <height>815</height>
                    <texture>list/bg_facade_vertical.png</texture>
                </control>
                <control type="image">
                    <posx>0</posx>
                    <posy>0</posy>
                    <height>815</height>
                    <width>375</width>
                    <texture flipx="true">list/bg_strip_horizontal_left.png</texture>
                    <colordiffuse>90ffffff</colordiffuse>
                </control>
                <control type="grouplist" id="9001">
                    <posx>0</posx>
                    <width>433</width>
                    <height>729</height>
                    <itemgap>0</itemgap>
                    <onleft>100</onleft>
                    <onright>61</onright>
                    <onup>9001</onup>
                    <ondown>9001</ondown>
                    <control type="button" id="6">
                        <width>433</width>
                        <include>LeftMenuButton</include>
                        <label>$LOCALIZE[21385]</label>
                    </control>
                    <control type="button" id="7">
                        <width>433</width>
                        <include>LeftMenuButton</include>
                        <label>$LOCALIZE[190]</label>
                    </control>
                    <control type="button" id="8">
                        <width>433</width>
                        <include>LeftMenuButton</include>
                        <label>$LOCALIZE[117]</label>
                    </control>
                </control>
                <control type="image" id="10">
                    <visible>Control.hasfocus(50)</visible>
                    <posx>30</posx>
                    <posy>420</posy>
                    <width>373</width>
                    <height>373</height>
                    <aspectratio aligny="top" align="left">keep</aspectratio>
                    <include>ThumbBorder</include>
                    <texture background="true">$INFO[Container(50).ListItem.Icon]</texture>
                </control>
                <control type="image">
                    <visible>Control.hasfocus(100)</visible>
                    <posx>30</posx>
                    <posy>420</posy>
                    <width>373</width>
                    <height>373</height>
                    <aspectratio aligny="top" align="left">keep</aspectratio>
                    <include>ThumbBorder</include>
                    <texture background="true">$INFO[Container(100).ListItem.Icon]</texture>
                </control>
            </control>
        </control>
    </controls>
</window>
