<?xml version="1.0" encoding="utf-8"?>
<window type="dialog">
    <defaultcontrol always="true">5</defaultcontrol>
    <include>DialogOpenClose</include>
    <controls>
        <include>DimBG</include>
        <control type="group">
            <include condition="Skin.HasSetting(BlackGlassMode)+!Skin.HasSetting(DisableSlidingAnimations)">OpenCloseSlideRight</include>
            <posx>0</posx>
            <posy>8</posy>
            <include name="WindowClosingButton">
                <param name="id" value="0"/>
                <param name="x" value="1387"/>
                <param name="y" value="230"/>
            </include>
            <control type="image">
                <posx>483</posx>
                <posy>234</posy>
                <width>954</width>
                <height>595</height>
                <texture border="94">common/bg_dialog.png</texture>
            </control>
            <control type="group">
                <posx>528</posx>
                <posy>271</posy>
                <control type="label" id="102">
                    <posx>45</posx>
                    <posy>5</posy>
                    <width>774</width>
                    <height>100</height>
                    <font>InfoTitleFont</font>
                    <textcolor>MainColor</textcolor>
                    <align>center</align>
                </control>
                <control type="label" id="103">
                    <posx>45</posx>
                    <posy>65</posy>
                    <width>774</width>
                    <align>center</align>
                    <font>InfoTitleSubFont</font>
                    <textcolor>AlternateColor</textcolor>
                </control>
                <control type="image">
                    <posx>0</posx>
                    <posy>38</posy>
                    <width>864</width>
                    <height>79</height>
                    <texture>list/bg_facade_nofocus_top.png</texture>
                </control>
                <control type="image">
                    <posx>600</posx>
                    <posy>117</posy>
                    <height>284</height>
                    <width>250</width>
                    <texture flipx="true">list/bg_strip_horizontal_left.png</texture>
                    <colordiffuse>90ffffff</colordiffuse>
                </control>
                <control type="image">
                    <posx>599</posx>
                    <posy>117</posy>
                    <width>2</width>
                    <height>284</height>
                    <texture>list/bg_facade_vertical.png</texture>
                </control>
                <control type="image" id="101">
                    <posx>600</posx>
                    <posy>117</posy>
                    <width>264</width>
                    <height>284</height>
                    <texture>unknown-user.png</texture>
                    <aspectratio>keep</aspectratio>
                    <include>ThumbBorder</include>
                </control>
                <control type="grouplist" id="5">
                    <description>Control Area</description>
                    <posx>0</posx>
                    <posy>117</posy>
                    <width>600</width>
                    <height>284</height>
                    <itemgap>0</itemgap>
                    <orientation>vertical</orientation>
                    <onleft>noop</onleft>
                    <onright>9001</onright>
                    <onup>5</onup>
                    <ondown>28</ondown>
                </control>
                <control type="button" id="7">
                    <width>600</width>
                    <include>LeftMenuButton</include>
                </control>
                <control type="radiobutton" id="8">
                    <width>600</width>
                    <textwidth>450</textwidth>
                    <include>LeftMenuButton</include>
                </control>
                <control type="spincontrolex" id="9">
                    <width>600</width>
                    <include>LeftMenuButton</include>
                </control>
                <control type="label" id="14">
                    <description>Default Label</description>
                    <label>-</label>
                    <font>LeftMenuTitleFont</font>
                    <textcolor>AlternateColor</textcolor>
                    <include>LeftMenuButton</include>
                </control>
                <control type="image">
                    <posx>0</posx>
                    <posy>322</posy>
                    <width>864</width>
                    <height>79</height>
                    <texture>list/bg_facade_nofocus_top.png</texture>
                </control>
                <control type="grouplist" id="9001">
                    <posx>0</posx>
                    <posy>408</posy>
                    <width>864</width>
                    <height>90</height>
                    <itemgap>30</itemgap>
                    <aligny>bottom</aligny>
                    <align>center</align>
                    <orientation>horizontal</orientation>
                    <control type="button" id="28">
                        <onup>5</onup>
                        <label>$LOCALIZE[186]</label>
                    </control>
                    <control type="button" id="29">
                        <onup>5</onup>
                        <label>$LOCALIZE[222]</label>
                    </control>
                </control>
            </control>
        </control>
        <control type="label" id="2">
            <description>header label</description>
            <left>4000</left>
            <top>20</top>
            <width>620</width>
            <height>30</height>
            <label>-</label>
        </control>
    </controls>
</window>
