<?xml version="1.0" encoding="utf-8"?>
<window>
    <defaultcontrol always="true">500</defaultcontrol>
    <menucontrol>9000</menucontrol>
    <views>500</views>
    <include condition="!Skin.HasSetting(BlackGlassMode)|Skin.HasSetting(DisableSlidingAnimations)">OpenClose</include>
    <controls>
        <control type="image">
            <posx>0</posx>
            <posy>0</posy>
            <width>1920</width>
            <height>1080</height>
            <texture>common/BlackDot.png</texture>
        </control>
        <include>Fanart_Art</include>
        <include>Player_Show</include>
        <include>Time</include>
        <include>InfoBackground</include>
        <control type="label">
            <include condition="Skin.HasSetting(BlackGlassMode)+!Skin.HasSetting(DisableSlidingAnimations)">OpenCloseSlideRight</include>
            <include>WindowTitle</include>
            <label>Extended Info</label>
        </control>
        <control type="label">
            <include condition="Skin.HasSetting(BlackGlassMode)+!Skin.HasSetting(DisableSlidingAnimations)">OpenCloseSlideRight</include>
            <include>WindowTitleSub</include>
            <label>$INFO[Window.Property(Filter_Label)]</label>
        </control>
        <!-- BGN -->
        <control type="group">
            <visible>!Skin.HasSetting(BlackGlassMode)</visible>
            <animation effect="slide" tween="circle" easing="out" time="250" start="0,0" end="-2690,0" condition="Control.HasFocus(505050)">conditional</animation>
            <include condition="!Skin.HasSetting(BlackGlassMode)">View_50_ExtendedInfo</include>
            <include condition="!Skin.HasSetting(BlackGlassMode)">Info_50_ExtendedInfo</include>
            <!-- COMMON -->
            <control type="group">
                <visible>StringCompare(Container(500).ListItem.Label,..)|
                    IsEmpty(Container(500).ListItem.Plot)|
                    control.hasfocus(60)</visible>
                <include>Icon_Fade</include>
                <control type="image">
                    <posx>18</posx>
                    <posy>411</posy>
                    <width>440</width>
                    <height>654</height>
                    <include>DetatchedThumb</include>
                </control>
            </control>
        </control>
        <!-- BG -->
        <control type="group">
            <visible>Skin.HasSetting(BlackGlassMode)</visible>
            <include condition="!Skin.HasSetting(DisableSlidingAnimations)">OpenCloseSlideRight</include>
            <control type="group">
                <animation effect="slide" tween="circle" easing="out" time="250" start="0,0" end="580,0" condition="[ControlGroup(9000).HasFocus()|Control.HasFocus(8999)]+!Skin.HasSetting(DisableSlidingAnimations)">conditional</animation>
                <animation effect="slide" tween="circle" easing="out" time="250" start="0,0" end="-2090,0" condition="Control.HasFocus(505050)">conditional</animation>
                <include condition="Skin.HasSetting(BlackGlassMode)">View_50_BG_ExtendedInfo</include>
                <include condition="Skin.HasSetting(BlackGlassMode)">Info_50_BG_ExtendedInfo</include>
                <!-- COMMON -->
                <control type="group">
                    <visible>StringCompare(Container(500).ListItem.Label,..)|IsEmpty(Container(500).ListItem.Plot)</visible>
                    <include>Icon_Fade</include>
                    <control type="image">
                        <posx>18</posx>
                        <posy>110</posy>
                        <width>704</width>
                        <height>518</height>
                        <include>DetatchedThumb</include>
                    </control>
                </control>
            </control>
        </control>
        <include>FooterInfo_ExtendedInfo</include>
        <!-- SIDE MENU -->
        <control type="group">
            <visible>!Skin.HasSetting(EnableKioskMode)</visible>
            <include>LeftMenu</include>
            <control type="group">
                <visible>!Window.IsVisible(script-script.module.t9.search-Main.xml)</visible>
                <include>VisibleFadeEffect</include>
                <control type="label">
                    <include>LeftMenuTitleLabel</include>
                    <label>$LOCALIZE[33061]</label>
                </control>
                <control type="grouplist" id="9000">
                    <include>LeftMenuButtonGroup</include>
                    <onright>500</onright>
                    <ondown>9000</ondown>
                    <onback>500</onback>
                    <control type="button" id="6000">
                        <include>LeftMenuButton</include>
                        <description>Search</description>
                        <label>$LOCALIZE[19140]</label>
                    </control>
                    <control type="button" id="7000">
                        <include>LeftMenuButton</include>
                        <description>My Account</description>
                        <label>$ADDON[script.extendedinfo 32024]</label>
                    </control>
                    <control type="button" id="5007">
                        <include>LeftMenuButton</include>
                        <description>Type</description>
                        <label>$LOCALIZE[467]:</label> <!--564-->
                        <label2>$INFO[Window.Property(Type)]</label2>
                    </control>
                    <control type="button" id="5001">
                        <include>LeftMenuButton</include>
                        <description>Sort By</description>
                        <label>$ADDON[script.extendedinfo 32104]</label>
                        <label2>$INFO[Window.Property(Sort_Label)]</label2>
                    </control>
                    <control type="button" id="5004">
                        <include>LeftMenuButton</include>
                        <description>Order By</description>
                        <label>$ADDON[script.extendedinfo 32128]</label>
                        <label2>$INFO[Window.Property(Order_Label)]</label2>
                    </control>
                    <control type="label" id="9181">
                        <textoffsety>35</textoffsety>
                        <height>69</height>
                        <include>LeftMenuTitleLabel</include>
                        <include>LeftMenuButton</include>
                        <label>$ADDON[script.extendedinfo 32023]</label>
                    </control>
                    <control type="image" id="9182">
                        <width>577</width>
                        <height>2</height>
                        <texture border="0,0,0,2">list/bg_facade_nofocus_top.png</texture>
                    </control>
                    <control type="button" id="5002">
                        <include>LeftMenuButton</include>
                        <description>Genre</description>
                        <label>$LOCALIZE[515]</label>
                    </control>
                    <control type="button" id="5003">
                        <include>LeftMenuButton</include>
                        <description>Release Date</description>
                        <label>$LOCALIZE[172]</label>
                    </control>
                    <control type="button" id="5006">
                        <include>LeftMenuButton</include>
                        <description>Certification</description>
                        <label>$ADDON[script.extendedinfo 32127]</label>
                    </control>
                    <control type="button" id="5008">
                        <include>LeftMenuButton</include>
                        <description>Actor Crew Member</description>
                        <label>$ADDON[script.extendedinfo 32126]</label>
                    </control>
                    <control type="button" id="5009">
                        <include>LeftMenuButton</include>
                        <description>Keyword</description>
                        <label>$ADDON[script.extendedinfo 32114]</label>
                    </control>
                    <control type="button" id="5010">
                        <include>LeftMenuButton</include>
                        <description>Studio</description>
                        <label>$LOCALIZE[572]</label>
                    </control>
                    <control type="button" id="5012">
                        <include>LeftMenuButton</include>
                        <description>Vote Count</description>
                        <label>$ADDON[script.extendedinfo 32111]</label>
                    </control>
                    <control type="button" id="5005">
                        <include>LeftMenuButton</include>
                        <description>Reset Filters</description>
                        <label>$ADDON[script.extendedinfo 32022]</label>
                    </control>
                </control>
            </control>
        </control>
    </controls>
</window>
