<?xml version="1.0" encoding="utf-8"?>
<window type="dialog">
    <defaultcontrol always="true">9001</defaultcontrol>
    <!-- <zorder>1</zorder> -->
    <include>DialogOpenClose</include>
    <controls>
        <include>DimBG</include>
        <control type="group">
            <include condition="Skin.HasSetting(BlackGlassMode)+!Skin.HasSetting(DisableSlidingAnimations)">OpenCloseSlideRight</include>
            <control type="group">
                <!-- default group -->
                <visible>![Window.IsVisible(FileBrowser) | Window.IsVisible(DialogSelect.xml)]</visible>
                <posy>-4</posy>
                <include name="WindowClosingButton">
                    <param name="id" value="0"/>
                    <param name="x" value="1737"/>
                    <param name="y" value="21"/>
                </include>
                <control type="image">
                    <posx>133</posx>
                    <posy>25</posy>
                    <width>1654</width>
                    <height>1036</height>
                    <texture border="84">common/bg_dialog.png</texture>
                </control>
                <control type="label">
                    <posx>223</posx>
                    <posy>104</posy>
                    <width>1474</width>
                    <height>36</height>
                    <font>InfoTitleFont</font>
                    <textcolor>MainColor</textcolor>
                    <align>center</align>
                    <label>$INFO[Window.Property(title)]</label>
                </control>
                <control type="image">
                    <posx>178</posx>
                    <posy>73</posy>
                    <width>1564</width>
                    <height>90</height>
                    <texture border="3">list/bg_facade_nofocus_top.png</texture>
                </control>
                <control type="image">
                    <posx>1309</posx>
                    <posy>163</posy>
                    <width>2</width>
                    <height>848</height>
                    <texture>list/bg_facade_vertical.png</texture>
                </control>
                <control type="image">
                    <posx>1309</posx>
                    <posy>163</posy>
                    <height>848</height>
                    <width>375</width>
                    <texture flipx="true">list/bg_strip_horizontal_left.png</texture>
                    <colordiffuse>90ffffff</colordiffuse>
                </control>
                <!--BIOGRAPHY-->
                <control type="group" id="490">
                    <visible>![control.hasfocus(105)|control.hasfocus(205)|control.hasfocus(305)|control.hasfocus(405)|control.hasfocus(505)|
                        control.hasfocus(605)|control.hasfocus(705)|ControlGroup(1500).HasFocus|ControlGroup(2500).HasFocus|
                        ControlGroup(3500).HasFocus|ControlGroup(4500).HasFocus|ControlGroup(5500).HasFocus|ControlGroup(6500).HasFocus|
                        ControlGroup(7500).HasFocus]</visible>
                    <include>VisibleFadeEffectDelay</include>
                    <posx>178</posx>
                    <posy>163</posy>
                    <control type="image">
                        <posx>1142</posx>
                        <posy>365</posy>
                        <width>410</width>
                        <height>483</height>
                        <texture background="true" fallback="defaultArtistBig.png">$INFO[Window.Property(Poster)]</texture>
                        <include>ThumbBorder</include>
                        <aspectratio>keep</aspectratio>
                    </control>
                    <control type="panel" id="49">
                        <onleft>9001</onleft>
                        <onright>649</onright>
                        <onup>9001</onup>
                        <ondown>6649</ondown>
                        <height>438</height>
                        <pagecontrol>649</pagecontrol>
                        <include>List_9009_Commons</include>
                        <content>
                            <item>
                                <label>$ADDON[script.extendedinfo 32011]:</label>
                                <label2>$INFO[Window.Property(TotalMovies)]</label2>
                                <onclick>noop</onclick>
                                <visible>!IsEmpty(Window.Property(TotalMovies))</visible>
                            </item>
                            <item>
                                <label>$ADDON[script.extendedinfo 32021]:</label>
                                <label2>$INFO[Window.Property(DBMovies)]</label2>
                                <onclick>noop</onclick>
                                <visible>!IsEmpty(Window.Property(DBMovies))</visible>
                            </item>
                            <item>
                                <label>$ADDON[script.extendedinfo 32012]:</label>
                                <label2>$INFO[Window.Property(Birthday)]</label2>
                                <onclick>noop</onclick>
                                <visible>!IsEmpty(Window.Property(Birthday))</visible>
                            </item>
                            <item>
                                <label>$ADDON[script.extendedinfo 32020]:</label>
                                <label2>$INFO[Window.Property(Age)]</label2>
                                <onclick>noop</onclick>
                                <visible>!IsEmpty(Window.Property(Age))</visible>
                            </item>
                            <item>
                                <label>$ADDON[script.extendedinfo 32013]:</label>
                                <label2>$INFO[Window.Property(Deathday)]$INFO[Window.Property(DeathageLong), (,)]</label2>
                                <onclick>noop</onclick>
                                <visible>!IsEmpty(Window.Property(Deathday))</visible>
                            </item>
                            <item>
                                <label>$ADDON[script.extendedinfo 32014]:</label>
                                <label2>$INFO[Window.Property(PlaceOfBirth)]</label2>
                                <onclick>noop</onclick>
                                <visible>!IsEmpty(Window.Property(PlaceOfBirth))</visible>
                            </item>
                            <!--<item>-->
                            <!--<label>$ADDON[script.extendedinfo 32015]:</label>-->
                            <!--<label2>$INFO[Window.Property(Adult)]</label2>-->
                            <!--<onclick>noop</onclick>-->
                            <!--<visible>Window.Property(Adult)</visible>-->
                            <!--</item>-->
                            <item>
                                <label>$ADDON[script.extendedinfo 32016]:</label>
                                <label2>$INFO[Window.Property(AlsoKnownAs)]</label2>
                                <onclick>noop</onclick>
                                <visible>!IsEmpty(Window.Property(AlsoKnownAs))</visible>
                            </item>
                            <item>
                                <label>$ADDON[script.extendedinfo 32017]:</label>
                                <label2>$INFO[Window.Property(Homepage)]</label2>
                                <onclick>RunScript(script.extendedinfo,homepage=$INFO[Window.Property(Homepage)])</onclick>
                                <visible>!IsEmpty(Window.Property(Homepage))</visible>
                            </item>
                        </content>
                    </control>
                    <control type="scrollbar" id="649">
                        <posx>1100</posx>
                        <posy>0</posy>
                        <height>438</height>
                        <include>VerticalScroller</include>
                        <onleft>49</onleft>
                        <onright>9001</onright>
                    </control>
                    <control type="image">
                        <posx>0</posx>
                        <posy>438</posy>
                        <width>1131</width>
                        <height>8</height>
                        <texture>list/bg_facade_separator.png</texture>
                    </control>
                    <control type="textbox" id="400">
                        <posx>TextMargin</posx>
                        <posy>465</posy>
                        <width>1041</width>
                        <height>360</height>
                        <align>justify</align>
                        <font>InfoDetailsFont</font>
                        <label>$INFO[Window.Property(Biography)]</label>
                        <pagecontrol>6649</pagecontrol>
                    </control>
                    <control type="scrollbar" id="6649">
                        <visible>Skin.HasSetting(ManualScroll)</visible>
                        <include>VisibleFadeEffectDelay</include>
                        <posx>1100</posx>
                        <posy>465</posy>
                        <height>360</height>
                        <include>VerticalScroller</include>
                        <onleft>49</onleft>
                        <onright>9001</onright>
                    </control>
                </control>
                <!--Movie actor roles-->
                <control type="group" id="1500">
                    <visible>control.hasfocus(105)|ControlGroup(1500).HasFocus</visible>
                    <visible>IntegerGreaterThan(Container(150).NumItems,0)</visible>
                    <include>VisibleFadeEffectDelay</include>
                    <posx>178</posx>
                    <posy>163</posy>
                    <control type="image">
                        <description>movie image</description>
                        <posx>1142</posx>
                        <posy>365</posy>
                        <width>410</width>
                        <height>483</height>
                        <texture background="true" fallback="DefaultVideoBig.png">$INFO[Container(150).Listitem.Thumb]</texture>
                        <include>ThumbBorder</include>
                        <aspectratio>keep</aspectratio>
                    </control>
                    <control type="panel" id="150">
                        <description>movies list</description>
                        <posx>0</posx>
                        <posy>0</posy>
                        <width>1131</width>
                        <height>803</height>
                        <onleft>9001</onleft>
                        <onright>6150</onright>
                        <onup>150</onup>
                        <ondown>150</ondown>
                        <pagecontrol>6150</pagecontrol>
                        <itemlayout height="73" width="1131">
                            <control type="image">
                                <posx>0</posx>
                                <posy>0</posy>
                                <height>73</height>
                                <width>1131</width>
                                <texture border="3">list/bg_facade_nofocus.png</texture>
                            </control>
                            <control type="image">
                                <visible>!IsEmpty(ListItem.Property(DBID))</visible>
                                <visible>StringCompare(ListItem.Property(Character),)</visible>
                                <posx>10</posx>
                                <posy>0</posy>
                                <width>26</width>
                                <height>71</height>
                                <colordiffuse>aaffffff</colordiffuse>
                                <aspectratio aligny="center">keep</aspectratio>
                                <texture>OverlayUnwatched.png</texture>
                            </control>
                            <control type="image">
                                <visible>!IsEmpty(ListItem.Property(DBID))</visible>
                                <visible>!StringCompare(ListItem.Property(Character),)</visible>
                                <posx>10</posx>
                                <posy>0</posy>
                                <width>26</width>
                                <height>42</height>
                                <colordiffuse>aaffffff</colordiffuse>
                                <aspectratio aligny="center">keep</aspectratio>
                                <texture>OverlayUnwatched.png</texture>
                            </control>
                            <control type="label">
                                <visible>StringCompare(ListItem.Property(Character),)</visible>
                                <posx>TextMargin</posx>
                                <posy>0</posy>
                                <height>71</height>
                                <width>1041</width>
                                <font>FacadeListMainFont</font>
                                <textcolor>ListNoFocusColor</textcolor>
                                <label>$INFO[ListItem.Label]$INFO[ListItem.Year, (,)]</label>
                                <scroll>false</scroll>
                            </control>
                            <control type="label">
                                <visible>!StringCompare(ListItem.Property(Character),)</visible>
                                <posx>TextMargin</posx>
                                <posy>0</posy>
                                <height>42</height>
                                <width>1041</width>
                                <font>FacadeListMainFont</font>
                                <textcolor>ListNoFocusColor</textcolor>
                                <label>$INFO[ListItem.Label]$INFO[ListItem.Year, (,)]</label>
                                <scroll>false</scroll>
                            </control>
                            <control type="label">
                                <posx>TextMargin</posx>
                                <posy>39</posy>
                                <height>28</height>
                                <width>1041</width>
                                <font>FacadeListSubFont</font>
                                <textcolor>SublistNoFocusColor</textcolor>
                                <label>$INFO[ListItem.Property(Character),$LOCALIZE[20347] ]</label>
                                <scroll>false</scroll>
                            </control>
                        </itemlayout>
                        <focusedlayout height="73" width="1131">
                            <control type="image">
                                <posx>0</posx>
                                <posy>0</posy>
                                <height>73</height>
                                <width>1131</width>
                                <include>FacadeFocus</include>
                            </control>
                            <control type="image">
                                <visible>!IsEmpty(ListItem.Property(DBID))</visible>
                                <visible>StringCompare(ListItem.Property(Character),)</visible>
                                <posx>10</posx>
                                <posy>0</posy>
                                <width>26</width>
                                <height>71</height>
                                <aspectratio aligny="center">keep</aspectratio>
                                <texture>OverlayUnwatched.png</texture>
                            </control>
                            <control type="image">
                                <visible>!IsEmpty(ListItem.Property(DBID))</visible>
                                <visible>!StringCompare(ListItem.Property(Character),)</visible>
                                <posx>10</posx>
                                <posy>0</posy>
                                <width>26</width>
                                <height>42</height>
                                <aspectratio aligny="center">keep</aspectratio>
                                <texture>OverlayUnwatched.png</texture>
                            </control>
                            <control type="label">
                                <visible>StringCompare(ListItem.Property(Character),)</visible>
                                <posx>TextMargin</posx>
                                <posy>0</posy>
                                <height>71</height>
                                <width>1041</width>
                                <font>FacadeListMainFont</font>
                                <textcolor>ListFocusColor</textcolor>
                                <label>$INFO[ListItem.Label]$INFO[ListItem.Year, (,)]</label>
                            </control>
                            <control type="label">
                                <visible>!StringCompare(ListItem.Property(Character),)</visible>
                                <posx>TextMargin</posx>
                                <posy>0</posy>
                                <height>42</height>
                                <width>1041</width>
                                <font>FacadeListMainFont</font>
                                <textcolor>ListFocusColor</textcolor>
                                <label>$INFO[ListItem.Label]$INFO[ListItem.Year, (,)]</label>
                            </control>
                            <control type="label">
                                <posx>TextMargin</posx>
                                <posy>39</posy>
                                <height>28</height>
                                <width>1041</width>
                                <font>FacadeListSubFont</font>
                                <textcolor>SublistFocusColor</textcolor>
                                <label>$INFO[ListItem.Property(Character),$LOCALIZE[20347] ]</label>
                            </control>
                        </focusedlayout>
                    </control>
                    <control type="scrollbar" id="6150">
                        <posx>1100</posx>
                        <posy>0</posy>
                        <height>803</height>
                        <include>VerticalScroller</include>
                        <onleft>150</onleft>
                        <onright>9001</onright>
                    </control>
                    <control type="label">
                        <posx>1086</posx>
                        <posy>803</posy>
                        <height>44</height>
                        <width>876</width>
                        <align>right</align>
                        <font>LeftMenuSubButtonFont</font>
                        <textcolor>SublistNoFocusColor</textcolor>
                        <label>$INFO[Container(150).NumItems,,  $LOCALIZE[31025]]</label>
                    </control>
                </control>
                <!--TV Show actor roles-->
                <control type="group" id="2500">
                    <visible>control.hasfocus(205)|ControlGroup(2500).HasFocus</visible>
                    <visible>IntegerGreaterThan(Container(250).NumItems,0)</visible>
                    <include>VisibleFadeEffectDelay</include>
                    <posx>178</posx>
                    <posy>163</posy>
                    <control type="image">
                        <description>movie image</description>
                        <posx>1142</posx>
                        <posy>365</posy>
                        <width>410</width>
                        <height>483</height>
                        <texture background="true" fallback="DefaultVideoBig.png">$INFO[Container(250).Listitem.Thumb]</texture>
                        <include>ThumbBorder</include>
                        <aspectratio>keep</aspectratio>
                    </control>
                    <control type="panel" id="250">
                        <description>movies list</description>
                        <posx>0</posx>
                        <posy>0</posy>
                        <width>1131</width>
                        <height>803</height>
                        <onleft>9001</onleft>
                        <onright>6250</onright>
                        <onup>250</onup>
                        <ondown>250</ondown>
                        <pagecontrol>6250</pagecontrol>
                        <itemlayout height="73" width="1131">
                            <control type="image">
                                <posx>0</posx>
                                <posy>0</posy>
                                <height>73</height>
                                <width>1131</width>
                                <texture border="3">list/bg_facade_nofocus.png</texture>
                            </control>
                            <control type="image">
                                <visible>!IsEmpty(ListItem.Property(DBID))</visible>
                                <visible>StringCompare(ListItem.Property(Character),)</visible>
                                <posx>10</posx>
                                <posy>0</posy>
                                <width>26</width>
                                <height>71</height>
                                <colordiffuse>aaffffff</colordiffuse>
                                <aspectratio aligny="center">keep</aspectratio>
                                <texture>OverlayUnwatched.png</texture>
                            </control>
                            <control type="image">
                                <visible>!IsEmpty(ListItem.Property(DBID))</visible>
                                <visible>!StringCompare(ListItem.Property(Character),)</visible>
                                <posx>10</posx>
                                <posy>0</posy>
                                <width>26</width>
                                <height>42</height>
                                <colordiffuse>aaffffff</colordiffuse>
                                <aspectratio aligny="center">keep</aspectratio>
                                <texture>OverlayUnwatched.png</texture>
                            </control>
                            <control type="label">
                                <visible>StringCompare(ListItem.Property(Character),)</visible>
                                <posx>TextMargin</posx>
                                <posy>0</posy>
                                <height>71</height>
                                <width>1041</width>
                                <font>FacadeListMainFont</font>
                                <textcolor>ListNoFocusColor</textcolor>
                                <label>$INFO[ListItem.Label]$INFO[ListItem.Year, (,)]</label>
                                <scroll>false</scroll>
                            </control>
                            <control type="label">
                                <visible>!StringCompare(ListItem.Property(Character),)</visible>
                                <posx>TextMargin</posx>
                                <posy>0</posy>
                                <height>42</height>
                                <width>1041</width>
                                <font>FacadeListMainFont</font>
                                <textcolor>ListNoFocusColor</textcolor>
                                <label>$INFO[ListItem.Label]$INFO[ListItem.Year, (,)]</label>
                                <scroll>false</scroll>
                            </control>
                            <control type="label">
                                <posx>TextMargin</posx>
                                <posy>39</posy>
                                <height>28</height>
                                <width>1041</width>
                                <font>FacadeListSubFont</font>
                                <textcolor>SublistNoFocusColor</textcolor>
                                <label>$INFO[ListItem.Property(Character),$LOCALIZE[20347] ]</label>
                                <scroll>false</scroll>
                            </control>
                        </itemlayout>
                        <focusedlayout height="73" width="1131">
                            <control type="image">
                                <posx>0</posx>
                                <posy>0</posy>
                                <height>73</height>
                                <width>1131</width>
                                <include>FacadeFocus</include>
                            </control>
                            <control type="image">
                                <visible>!IsEmpty(ListItem.Property(DBID))</visible>
                                <visible>StringCompare(ListItem.Property(Character),)</visible>
                                <posx>10</posx>
                                <posy>0</posy>
                                <width>26</width>
                                <height>71</height>
                                <aspectratio aligny="center">keep</aspectratio>
                                <texture>OverlayUnwatched.png</texture>
                            </control>
                            <control type="image">
                                <visible>!IsEmpty(ListItem.Property(DBID))</visible>
                                <visible>!StringCompare(ListItem.Property(Character),)</visible>
                                <posx>10</posx>
                                <posy>0</posy>
                                <width>26</width>
                                <height>42</height>
                                <aspectratio aligny="center">keep</aspectratio>
                                <texture>OverlayUnwatched.png</texture>
                            </control>
                            <control type="label">
                                <visible>StringCompare(ListItem.Property(Character),)</visible>
                                <posx>TextMargin</posx>
                                <posy>0</posy>
                                <height>71</height>
                                <width>1041</width>
                                <font>FacadeListMainFont</font>
                                <textcolor>ListFocusColor</textcolor>
                                <label>$INFO[ListItem.Label]$INFO[ListItem.Year, (,)]</label>
                            </control>
                            <control type="label">
                                <visible>!StringCompare(ListItem.Property(Character),)</visible>
                                <posx>TextMargin</posx>
                                <posy>0</posy>
                                <height>42</height>
                                <width>1041</width>
                                <font>FacadeListMainFont</font>
                                <textcolor>ListFocusColor</textcolor>
                                <label>$INFO[ListItem.Label]$INFO[ListItem.Year, (,)]</label>
                            </control>
                            <control type="label">
                                <posx>TextMargin</posx>
                                <posy>39</posy>
                                <height>28</height>
                                <width>1041</width>
                                <font>FacadeListSubFont</font>
                                <textcolor>SublistFocusColor</textcolor>
                                <label>$INFO[ListItem.Property(Character),$LOCALIZE[20347] ]</label>
                            </control>
                        </focusedlayout>
                    </control>
                    <control type="scrollbar" id="6250">
                        <posx>1100</posx>
                        <posy>0</posy>
                        <height>803</height>
                        <include>VerticalScroller</include>
                        <onleft>250</onleft>
                        <onright>9001</onright>
                    </control>
                    <control type="label">
                        <posx>1086</posx>
                        <posy>803</posy>
                        <height>44</height>
                        <width>876</width>
                        <align>right</align>
                        <font>LeftMenuSubButtonFont</font>
                        <textcolor>SublistNoFocusColor</textcolor>
                        <label>$INFO[Container(250).NumItems,,  $LOCALIZE[31025]]</label>
                    </control>
                </control>
                <!--Movie crew member-->
                <control type="group" id="5500">
                    <visible>control.hasfocus(505)|ControlGroup(5500).HasFocus</visible>
                    <visible>IntegerGreaterThan(Container(550).NumItems,0)</visible>
                    <include>VisibleFadeEffectDelay</include>
                    <posx>178</posx>
                    <posy>163</posy>
                    <control type="image">
                        <description>movie image</description>
                        <posx>1142</posx>
                        <posy>365</posy>
                        <width>410</width>
                        <height>483</height>
                        <texture background="true" fallback="DefaultVideoBig.png">$INFO[Container(550).Listitem.Thumb]</texture>
                        <include>ThumbBorder</include>
                        <aspectratio>keep</aspectratio>
                    </control>
                    <control type="panel" id="550">
                        <description>movies list</description>
                        <posx>0</posx>
                        <posy>0</posy>
                        <width>1131</width>
                        <height>803</height>
                        <onleft>9001</onleft>
                        <onright>6550</onright>
                        <onup>550</onup>
                        <ondown>550</ondown>
                        <pagecontrol>6550</pagecontrol>
                        <itemlayout height="73" width="1131">
                            <control type="image">
                                <posx>0</posx>
                                <posy>0</posy>
                                <height>73</height>
                                <width>1131</width>
                                <texture border="3">list/bg_facade_nofocus.png</texture>
                            </control>
                            <control type="image">
                                <visible>!IsEmpty(ListItem.Property(DBID))</visible>
                                <visible>StringCompare(ListItem.Property(Job),)</visible>
                                <posx>10</posx>
                                <posy>0</posy>
                                <width>26</width>
                                <height>71</height>
                                <colordiffuse>aaffffff</colordiffuse>
                                <aspectratio aligny="center">keep</aspectratio>
                                <texture>OverlayUnwatched.png</texture>
                            </control>
                            <control type="image">
                                <visible>!IsEmpty(ListItem.Property(DBID))</visible>
                                <visible>!StringCompare(ListItem.Property(Job),)</visible>
                                <posx>10</posx>
                                <posy>0</posy>
                                <width>26</width>
                                <height>42</height>
                                <colordiffuse>aaffffff</colordiffuse>
                                <aspectratio aligny="center">keep</aspectratio>
                                <texture>OverlayUnwatched.png</texture>
                            </control>
                            <control type="label">
                                <visible>StringCompare(ListItem.Property(Job),)</visible>
                                <posx>TextMargin</posx>
                                <posy>0</posy>
                                <height>71</height>
                                <width>1041</width>
                                <font>FacadeListMainFont</font>
                                <textcolor>ListNoFocusColor</textcolor>
                                <label>$INFO[ListItem.Label]$INFO[ListItem.Year, (,)]</label>
                                <scroll>false</scroll>
                            </control>
                            <control type="label">
                                <visible>!StringCompare(ListItem.Property(Job),)</visible>
                                <posx>TextMargin</posx>
                                <posy>0</posy>
                                <height>42</height>
                                <width>1041</width>
                                <font>FacadeListMainFont</font>
                                <textcolor>ListNoFocusColor</textcolor>
                                <label>$INFO[ListItem.Label]$INFO[ListItem.Year, (,)]</label>
                                <scroll>false</scroll>
                            </control>
                            <control type="label">
                                <posx>TextMargin</posx>
                                <posy>39</posy>
                                <height>28</height>
                                <width>1041</width>
                                <font>FacadeListSubFont</font>
                                <textcolor>SublistNoFocusColor</textcolor>
                                <label>$INFO[ListItem.Property(Job)]</label>
                                <scroll>false</scroll>
                            </control>
                        </itemlayout>
                        <focusedlayout height="73" width="1131">
                            <control type="image">
                                <posx>0</posx>
                                <posy>0</posy>
                                <height>73</height>
                                <width>1131</width>
                                <include>FacadeFocus</include>
                            </control>
                            <control type="image">
                                <visible>!IsEmpty(ListItem.Property(DBID))</visible>
                                <visible>StringCompare(ListItem.Property(Job),)</visible>
                                <posx>10</posx>
                                <posy>0</posy>
                                <width>26</width>
                                <height>71</height>
                                <aspectratio aligny="center">keep</aspectratio>
                                <texture>OverlayUnwatched.png</texture>
                            </control>
                            <control type="image">
                                <visible>!IsEmpty(ListItem.Property(DBID))</visible>
                                <visible>!StringCompare(ListItem.Property(Job),)</visible>
                                <posx>10</posx>
                                <posy>0</posy>
                                <width>26</width>
                                <height>42</height>
                                <aspectratio aligny="center">keep</aspectratio>
                                <texture>OverlayUnwatched.png</texture>
                            </control>
                            <control type="label">
                                <visible>StringCompare(ListItem.Property(Job),)</visible>
                                <posx>TextMargin</posx>
                                <posy>0</posy>
                                <height>71</height>
                                <width>1041</width>
                                <font>FacadeListMainFont</font>
                                <textcolor>ListFocusColor</textcolor>
                                <label>$INFO[ListItem.Label]$INFO[ListItem.Year, (,)]</label>
                            </control>
                            <control type="label">
                                <visible>!StringCompare(ListItem.Property(Job),)</visible>
                                <posx>TextMargin</posx>
                                <posy>0</posy>
                                <height>42</height>
                                <width>1041</width>
                                <font>FacadeListMainFont</font>
                                <textcolor>ListFocusColor</textcolor>
                                <label>$INFO[ListItem.Label]$INFO[ListItem.Year, (,)]</label>
                            </control>
                            <control type="label">
                                <posx>TextMargin</posx>
                                <posy>39</posy>
                                <height>28</height>
                                <width>1041</width>
                                <font>FacadeListSubFont</font>
                                <textcolor>SublistFocusColor</textcolor>
                                <label>$INFO[ListItem.Property(Job)]</label>
                            </control>
                        </focusedlayout>
                    </control>
                    <control type="scrollbar" id="6550">
                        <posx>1100</posx>
                        <posy>0</posy>
                        <height>803</height>
                        <include>VerticalScroller</include>
                        <onleft>550</onleft>
                        <onright>9001</onright>
                    </control>
                    <control type="label">
                        <posx>1086</posx>
                        <posy>803</posy>
                        <height>44</height>
                        <width>876</width>
                        <align>right</align>
                        <font>LeftMenuSubButtonFont</font>
                        <textcolor>SublistNoFocusColor</textcolor>
                        <label>$INFO[Container(550).NumItems,,  $LOCALIZE[31025]]</label>
                    </control>
                </control>
                <!--TVShow crew member-->
                <control type="group" id="6500">
                    <visible>control.hasfocus(605)|ControlGroup(6500).HasFocus</visible>
                    <visible>IntegerGreaterThan(Container(650).NumItems,0)</visible>
                    <include>VisibleFadeEffectDelay</include>
                    <posx>178</posx>
                    <posy>163</posy>
                    <control type="image">
                        <description>movie image</description>
                        <posx>1142</posx>
                        <posy>365</posy>
                        <width>410</width>
                        <height>483</height>
                        <texture background="true" fallback="DefaultVideoBig.png">$INFO[Container(650).Listitem.Thumb]</texture>
                        <include>ThumbBorder</include>
                        <aspectratio>keep</aspectratio>
                    </control>
                    <control type="panel" id="650">
                        <description>movies list</description>
                        <posx>0</posx>
                        <posy>0</posy>
                        <width>1131</width>
                        <height>803</height>
                        <onleft>9001</onleft>
                        <onright>6650</onright>
                        <onup>650</onup>
                        <ondown>650</ondown>
                        <pagecontrol>6650</pagecontrol>
                        <itemlayout height="73" width="1131">
                            <control type="image">
                                <posx>0</posx>
                                <posy>0</posy>
                                <height>73</height>
                                <width>1131</width>
                                <texture border="3">list/bg_facade_nofocus.png</texture>
                            </control>
                            <control type="image">
                                <visible>!IsEmpty(ListItem.Property(DBID))</visible>
                                <visible>StringCompare(ListItem.Property(Job),)</visible>
                                <posx>10</posx>
                                <posy>0</posy>
                                <width>26</width>
                                <height>71</height>
                                <colordiffuse>aaffffff</colordiffuse>
                                <aspectratio aligny="center">keep</aspectratio>
                                <texture>OverlayUnwatched.png</texture>
                            </control>
                            <control type="image">
                                <visible>!IsEmpty(ListItem.Property(DBID))</visible>
                                <visible>!StringCompare(ListItem.Property(Job),)</visible>
                                <posx>10</posx>
                                <posy>0</posy>
                                <width>26</width>
                                <height>42</height>
                                <colordiffuse>aaffffff</colordiffuse>
                                <aspectratio aligny="center">keep</aspectratio>
                                <texture>OverlayUnwatched.png</texture>
                            </control>
                            <control type="label">
                                <visible>StringCompare(ListItem.Property(Job),)</visible>
                                <posx>TextMargin</posx>
                                <posy>0</posy>
                                <height>71</height>
                                <width>1041</width>
                                <font>FacadeListMainFont</font>
                                <textcolor>ListNoFocusColor</textcolor>
                                <label>$INFO[ListItem.Label]$INFO[ListItem.Year, (,)]</label>
                                <scroll>false</scroll>
                            </control>
                            <control type="label">
                                <visible>!StringCompare(ListItem.Property(Job),)</visible>
                                <posx>TextMargin</posx>
                                <posy>0</posy>
                                <height>42</height>
                                <width>1041</width>
                                <font>FacadeListMainFont</font>
                                <textcolor>ListNoFocusColor</textcolor>
                                <label>$INFO[ListItem.Label]$INFO[ListItem.Year, (,)]</label>
                                <scroll>false</scroll>
                            </control>
                            <control type="label">
                                <posx>TextMargin</posx>
                                <posy>39</posy>
                                <height>28</height>
                                <width>1041</width>
                                <font>FacadeListSubFont</font>
                                <textcolor>SublistNoFocusColor</textcolor>
                                <label>$INFO[ListItem.Property(Job)]</label>
                                <scroll>false</scroll>
                            </control>
                        </itemlayout>
                        <focusedlayout height="73" width="1131">
                            <control type="image">
                                <posx>0</posx>
                                <posy>0</posy>
                                <height>73</height>
                                <width>1131</width>
                                <include>FacadeFocus</include>
                            </control>
                            <control type="image">
                                <visible>!IsEmpty(ListItem.Property(DBID))</visible>
                                <visible>StringCompare(ListItem.Property(Job),)</visible>
                                <posx>10</posx>
                                <posy>0</posy>
                                <width>26</width>
                                <height>71</height>
                                <aspectratio aligny="center">keep</aspectratio>
                                <texture>OverlayUnwatched.png</texture>
                            </control>
                            <control type="image">
                                <visible>!IsEmpty(ListItem.Property(DBID))</visible>
                                <visible>!StringCompare(ListItem.Property(Job),)</visible>
                                <posx>10</posx>
                                <posy>0</posy>
                                <width>26</width>
                                <height>42</height>
                                <aspectratio aligny="center">keep</aspectratio>
                                <texture>OverlayUnwatched.png</texture>
                            </control>
                            <control type="label">
                                <visible>StringCompare(ListItem.Property(Job),)</visible>
                                <posx>TextMargin</posx>
                                <posy>0</posy>
                                <height>71</height>
                                <width>1041</width>
                                <font>FacadeListMainFont</font>
                                <textcolor>ListFocusColor</textcolor>
                                <label>$INFO[ListItem.Label]$INFO[ListItem.Year, (,)]</label>
                            </control>
                            <control type="label">
                                <visible>!StringCompare(ListItem.Property(Job),)</visible>
                                <posx>TextMargin</posx>
                                <posy>0</posy>
                                <height>42</height>
                                <width>1041</width>
                                <font>FacadeListMainFont</font>
                                <textcolor>ListFocusColor</textcolor>
                                <label>$INFO[ListItem.Label]$INFO[ListItem.Year, (,)]</label>
                            </control>
                            <control type="label">
                                <posx>TextMargin</posx>
                                <posy>39</posy>
                                <height>28</height>
                                <width>1041</width>
                                <font>FacadeListSubFont</font>
                                <textcolor>SublistFocusColor</textcolor>
                                <label>$INFO[ListItem.Property(Job)]</label>
                            </control>
                        </focusedlayout>
                    </control>
                    <control type="scrollbar" id="6650">
                        <posx>1100</posx>
                        <posy>0</posy>
                        <height>803</height>
                        <include>VerticalScroller</include>
                        <onleft>650</onleft>
                        <onright>9001</onright>
                    </control>
                    <control type="label">
                        <posx>1086</posx>
                        <posy>803</posy>
                        <height>44</height>
                        <width>876</width>
                        <align>right</align>
                        <font>LeftMenuSubButtonFont</font>
                        <textcolor>SublistNoFocusColor</textcolor>
                        <label>$INFO[Container(650).NumItems,,  $LOCALIZE[31025]]</label>
                    </control>
                </control>
                <!--Youtube-->
                <control type="group" id="3500">
                    <visible>control.hasfocus(305)|ControlGroup(3500).HasFocus</visible>
                    <visible>IntegerGreaterThan(Container(350).NumItems,0)</visible>
                    <include>VisibleFadeEffectDelay</include>
                    <posx>178</posx>
                    <posy>163</posy>
                    <control type="image">
                        <description>movie image</description>
                        <posx>1142</posx>
                        <posy>365</posy>
                        <width>410</width>
                        <height>483</height>
                        <texture background="true" fallback="DefaultVideoBig.png">$INFO[Container(350).Listitem.Thumb]</texture>
                        <include>ThumbBorder</include>
                        <aspectratio>keep</aspectratio>
                    </control>
                    <control type="panel" id="350">
                        <description>movies list</description>
                        <posx>0</posx>
                        <posy>0</posy>
                        <width>1131</width>
                        <height>803</height>
                        <onleft>9001</onleft>
                        <onright>6350</onright>
                        <onup>350</onup>
                        <ondown>350</ondown>
                        <pagecontrol>6350</pagecontrol>
                        <itemlayout height="73" width="1131">
                            <control type="image">
                                <posx>0</posx>
                                <posy>0</posy>
                                <height>73</height>
                                <width>1131</width>
                                <texture border="3">list/bg_facade_nofocus.png</texture>
                            </control>
                            <control type="label">
                                <posx>TextMargin</posx>
                                <posy>0</posy>
                                <height>71</height>
                                <width>1041</width>
                                <font>FacadeListMainFont</font>
                                <textcolor>ListNoFocusColor</textcolor>
                                <label>$INFO[ListItem.Label]</label>
                                <scroll>false</scroll>
                            </control>
                        </itemlayout>
                        <focusedlayout height="73" width="1131">
                            <control type="image">
                                <posx>0</posx>
                                <posy>0</posy>
                                <height>73</height>
                                <width>1131</width>
                                <include>FacadeFocus</include>
                            </control>
                            <control type="label">
                                <posx>TextMargin</posx>
                                <posy>0</posy>
                                <height>71</height>
                                <width>1041</width>
                                <font>FacadeListMainFont</font>
                                <textcolor>ListFocusColor</textcolor>
                                <label>$INFO[ListItem.Label]</label>
                            </control>
                        </focusedlayout>
                    </control>
                    <control type="scrollbar" id="6350">
                        <posx>1100</posx>
                        <posy>0</posy>
                        <height>803</height>
                        <include>VerticalScroller</include>
                        <onleft>350</onleft>
                        <onright>9001</onright>
                    </control>
                    <control type="label">
                        <posx>1086</posx>
                        <posy>803</posy>
                        <height>44</height>
                        <width>876</width>
                        <align>right</align>
                        <font>LeftMenuSubButtonFont</font>
                        <textcolor>SublistNoFocusColor</textcolor>
                        <label>$INFO[Container(350).NumItems,,  $LOCALIZE[31025]]</label>
                    </control>
                </control>
                <!--PICTURES-->
                <control type="group" id="4500">
                    <visible>control.hasfocus(405)|ControlGroup(4500).HasFocus</visible>
                    <visible>IntegerGreaterThan(Container(450).NumItems,0)</visible>
                    <include>VisibleFadeEffectDelay</include>
                    <posx>178</posx>
                    <posy>163</posy>
                    <control type="image">
                        <description>movie image</description>
                        <posx>1142</posx>
                        <posy>365</posy>
                        <width>410</width>
                        <height>483</height>
                        <texture background="true" fallback="DefaultArtistBig.png">$INFO[Container(450).Listitem.Thumb]</texture>
                        <include>ThumbBorder</include>
                        <aspectratio>keep</aspectratio>
                    </control>
                    <control type="panel" id="450">
                        <posx>0</posx>
                        <posy>13</posy>
                        <width>1131</width>
                        <height>833</height>
                        <onleft>9001</onleft>
                        <onright>6450</onright>
                        <onup>450</onup>
                        <ondown>450</ondown>
                        <pagecontrol>6450</pagecontrol>
                        <scrolltime>300</scrolltime>
                        <preloaditems>5</preloaditems>
                        <itemlayout height="276" width="183">
                            <control type="image">
                                <posx>0</posx>
                                <posy>-3</posy>
                                <width>197</width>
                                <height>273</height>
                                <texture fallback="defaultArtistBig.png">$INFO[ListItem.Thumb]</texture>
                                <aspectratio aligny="top" scalediffuse="false">scale</aspectratio>
                                <include>ThumbBorder</include>
                            </control>
                        </itemlayout>
                        <focusedlayout height="276" width="183">
                            <control type="image">
                                <posx>0</posx>
                                <posy>-3</posy>
                                <width>197</width>
                                <height>273</height>
                                <texture fallback="defaultArtistBig.png">$INFO[ListItem.Thumb]</texture>
                                <aspectratio aligny="top" scalediffuse="false">scale</aspectratio>
                                <include>ThumbBorderOverlay</include>
                            </control>
                        </focusedlayout>
                    </control>
                    <control type="scrollbar" id="6450">
                        <posx>1100</posx>
                        <posy>0</posy>
                        <height>730</height>
                        <include>VerticalScroller</include>
                        <onleft>450</onleft>
                        <onright>9001</onright>
                    </control>
                </control>
                <!--FANART-->
                <control type="group" id="7500">
                    <visible>control.hasfocus(705)|ControlGroup(7500).HasFocus</visible>
                    <visible>IntegerGreaterThan(Container(750).NumItems,0)</visible>
                    <include>VisibleFadeEffectDelay</include>
                    <posx>178</posx>
                    <posy>163</posy>
                    <control type="image">
                        <description>movie image</description>
                        <posx>1142</posx>
                        <posy>365</posy>
                        <width>410</width>
                        <height>483</height>
                        <texture background="true" fallback="defaultArtistBig.png">$INFO[Window.Property(Poster)]</texture>
                        <include>ThumbBorder</include>
                        <aspectratio>keep</aspectratio>
                    </control>
                    <control type="panel" id="750">
                        <posx>10</posx>
                        <posy>5</posy>
                        <width>1131</width>
                        <height>833</height>
                        <onright>6750</onright>
                        <preloaditems>4</preloaditems>
                        <pagecontrol>6750</pagecontrol>
                        <itemlayout height="416" width="550">
                            <control type="image">
                                <posx>0</posx>
                                <posy>41</posy>
                                <width>550</width>
                                <height>333</height>
                                <texture fallback="defaultPictureBig.png">$INFO[ListItem.Thumb]</texture>
                                <aspectratio aligny="top" scalediffuse="false">scale</aspectratio>
                                <include>ThumbBorder</include>
                            </control>
                        </itemlayout>
                        <focusedlayout height="416" width="550">
                            <control type="image">
                                <posx>0</posx>
                                <posy>41</posy>
                                <width>550</width>
                                <height>333</height>
                                <texture fallback="defaultPictureBig.png">$INFO[ListItem.Thumb]</texture>
                                <aspectratio aligny="top" scalediffuse="false">scale</aspectratio>
                                <include>ThumbBorderOverlay</include>
                            </control>
                        </focusedlayout>
                    </control>
                    <control type="scrollbar" id="6750">
                        <posx>1100</posx>
                        <posy>0</posy>
                        <height>730</height>
                        <include>VerticalScroller</include>
                        <onleft>750</onleft>
                        <onright>9001</onright>
                    </control>
                </control>
                <control type="grouplist" id="9001">
                    <posx>1309</posx>
                    <posy>163</posy>
                    <width>433</width>
                    <height>365</height>
                    <onleft>9001</onleft>
                    <onright>9001</onright>
                    <onup>9001</onup>
                    <ondown>9001</ondown>
                    <itemgap>0</itemgap>
                    <pagecontrol>62</pagecontrol>
                    <control type="button" id="20">
                        <description>Biography</description>
                        <include>RightDialogButton</include>
                        <label>21887</label>
                        <onleft>49</onleft>
                    </control>
                    <control type="button" id="105">
                        <visible>IntegerGreaterThan(Container(150).NumItems,0)</visible>
                        <description>Movie actor roles</description>
                        <include>RightDialogButton</include>
                        <label>342</label>
                        <onleft>150</onleft>
                    </control>
                    <control type="button" id="205">
                        <visible>IntegerGreaterThan(Container(250).NumItems,0)</visible>
                        <description>TV Show actor roles</description>
                        <include>RightDialogButton</include>
                        <label>20343</label>
                        <onleft>250</onleft>
                    </control>
                    <control type="button" id="505">
                        <visible>IntegerGreaterThan(Container(550).NumItems,0)</visible>
                        <description>Movie crew member</description>
                        <include>RightDialogButton</include>
                        <label>$ADDON[script.extendedinfo 32122]</label>
                        <onleft>550</onleft>
                    </control>
                    <control type="button" id="605">
                        <visible>IntegerGreaterThan(Container(650).NumItems,0)</visible>
                        <description>TVShow crew member</description>
                        <include>RightDialogButton</include>
                        <label>$ADDON[script.extendedinfo 32123]</label>
                        <onleft>650</onleft>
                    </control>
                    <control type="button" id="305">
                        <visible>IntegerGreaterThan(Container(350).NumItems,0)</visible>
                        <description>Youtube</description>
                        <include>RightDialogButton</include>
                        <label>$ADDON[script.extendedinfo 32118]</label>
                        <onleft>350</onleft>
                    </control>
                    <control type="button" id="405">
                        <visible>IntegerGreaterThan(Container(450).NumItems,0)</visible>
                        <description>Artwork</description>
                        <include>RightDialogButton</include>
                        <label>$ADDON[script.extendedinfo 32119]</label>
                        <onleft>450</onleft>
                    </control>
                    <control type="button" id="705">
                        <visible>IntegerGreaterThan(Container(750).NumItems,0)</visible>
                        <description>Fanart</description>
                        <include>RightDialogButton</include>
                        <label>20445</label>
                        <onleft>750</onleft>
                    </control>
                </control>
                <control type="scrollbar" id="62">
                    <posx>1711</posx>
                    <posy>163</posy>
                    <height>365</height>
                    <include>VerticalScroller</include>
                    <onleft>9001</onleft>
                    <onright>9001</onright>
                </control>
            </control>
        </control>
    </controls>
</window>
