<?xml version="1.0" encoding="utf-8"?>
<window type="buttonMenu">
    <defaultcontrol>9001</defaultcontrol>
    <include>DialogOpenClose</include>
    <coordinates>
        <system>1</system>
        <posx>0</posx>
        <posy>0</posy>
    </coordinates>
    <controls>
        <include>DimBG</include>
        <control type="group">
            <include condition="Skin.HasSetting(BlackGlassMode)+!Skin.HasSetting(DisableSlidingAnimations)">OpenCloseSlideRight</include>
            <include name="WindowClosingButton">
                <param name="id" value="0"/>
                <param name="x" value="1087"/>
                <param name="y" value="376"/>
            </include>
            <control type="image">
                <posx>470</posx>
                <posy>380</posy>
                <width>667</width>
                <height>545</height>
                <texture border="90">common/bg_dialog.png</texture>
            </control>
            <control type="image">
                <posx>515</posx>
                <posy>398</posy>
                <width>577</width>
                <height>79</height>
                <texture>list/bg_facade_nofocus_top.png</texture>
            </control>
            <control type="grouplist" id="9001">
                <posx>515</posx>
                <posy>477</posy>
                <width>577</width>
                <height>355</height>
                <onleft>9001</onleft>
                <onright>9001</onright>
                <onup>9001</onup>
                <ondown>9001</ondown>
                <itemgap>0</itemgap>
                <control type="button" id="2">
                    <description>Resume button</description>
                    <align>center</align>
                    <textoffsetx>0</textoffsetx>
                    <include>LeftMenuButton</include>
                    <label>$ADDON[script.videoextras 32104]</label>
                </control>
                <control type="button" id="40">
                    <description>Start from beginning button</description>
                    <align>center</align>
                    <textoffsetx>0</textoffsetx>
                    <include>LeftMenuButton</include>
                    <label>$ADDON[script.videoextras 32105]</label>
                </control>
                <control type="button" id="41">
                    <description>Mark as watched</description>
                    <align>center</align>
                    <textoffsetx>0</textoffsetx>
                    <include>LeftMenuButton</include>
                    <label>$ADDON[script.videoextras 32106]</label>
                </control>
                <control type="button" id="42">
                    <description>Mark as unwatched</description>
                    <align>center</align>
                    <textoffsetx>0</textoffsetx>
                    <include>LeftMenuButton</include>
                    <label>$ADDON[script.videoextras 32107]</label>
                </control>
                <control type="button" id="43">
                    <description>Edit title</description>
                    <align>center</align>
                    <textoffsetx>0</textoffsetx>
                    <include>LeftMenuButton</include>
                    <label>$ADDON[script.videoextras 32108]</label>
                </control>
            </control>
        </control>
    </controls>
</window>
