<?xml version="1.0" encoding="utf-8"?>
<!--based on PMIII DialogMediaSource.xml by Jezz_X & chokemaniac-->
<window id="129">
    <defaultcontrol always="true">10</defaultcontrol>
    <coordinates>
        <system>1</system>
        <posx>0</posx>
        <posy>-69</posy>
    </coordinates>
    <include>DialogOpenClose</include>
    <controls>
        <!-- <include>DimBG</include> -->
        <control type="group">
            <include condition="Skin.HasSetting(BlackGlassMode)+!Skin.HasSetting(DisableSlidingAnimations)">OpenCloseSlideRight</include>
            <include name="WindowClosingButton">
                <param name="id" value="0"/>
                <param name="x" value="1637"/>
                <param name="y" value="240"/>
            </include>
            <control type="image">
                <posx>233</posx>
                <posy>244</posy>
                <width>1454</width>
                <height>730</height>
                <texture border="90">common/bg_dialog.png</texture>
            </control>
            <control type="image">
                <posx>278</posx>
                <posy>292</posy>
                <width>1364</width>
                <height>90</height>
                <texture border="3">list/bg_facade_nofocus_top.png</texture>
            </control>
            <control type="label" id="2">
                <posx>323</posx>
                <posy>323</posy>
                <height>36</height>
                <width>1274</width>
                <align>center</align>
                <font>InfoTitleFont</font>
                <textcolor>MainColor</textcolor>
            </control>
            <control type="image">
                <posx>1209</posx>
                <posy>382</posy>
                <width>2</width>
                <height>437</height>
                <texture>list/bg_facade_vertical.png</texture>
            </control>
            <control type="image">
                <posx>1209</posx>
                <posy>382</posy>
                <height>437</height>
                <width>375</width>
                <texture flipx="true">list/bg_strip_horizontal_left.png</texture>
                <colordiffuse>90ffffff</colordiffuse>
            </control>
            <control type="grouplist" id="9000">
                <posx>1209</posx>
                <posy>382</posy>
                <width>433</width>
                <height>219</height>
                <itemgap>0</itemgap>
                <aligny>top</aligny>
                <align>center</align>
                <orientation>vertical</orientation>
                <control type="button" id="11">
                    <description>Change Set Button</description>
                    <width>433</width>
                    <height>73</height>
                    <include>LeftMenuButton</include>
                    <onup>14</onup>
                    <onleft>10</onleft>
                    <onright>10</onright>
                    <ondown>9001</ondown>
                </control>
                <control type="button" id="13">
                    <description>Add Button</description>
                    <width>433</width>
                    <height>73</height>
                    <include>LeftMenuButton</include>
                    <label>15019</label>
                    <onup>9001</onup>
                    <onleft>10</onleft>
                    <onright>10</onright>
                    <ondown>14</ondown>
                </control>
                <control type="button" id="14">
                    <description>Remove Button</description>
                    <width>433</width>
                    <height>73</height>
                    <include>LeftMenuButton</include>
                    <label>1210</label>
                    <onup>13</onup>
                    <onleft>10</onleft>
                    <onright>10</onright>
                    <ondown>11</ondown>
                </control>
            </control>
            <control type="label" id="3">
                <description>List Label</description>
                <posx>3010</posx>
                <posy>35</posy>
                <width>500</width>
                <align>left</align>
            </control>
            <control type="panel" id="10">
                <posx>278</posx>
                <posy>382</posy>
                <width>931</width>
                <height>438</height>
                <onup>9001</onup>
                <onleft>13</onleft>
                <onright>60</onright>
                <ondown>9001</ondown>
                <pagecontrol>60</pagecontrol>
                <scrolltime>200</scrolltime>
                <itemlayout height="73" width="931">
                    <control type="image">
                        <posx>0</posx>
                        <posy>0</posy>
                        <height>73</height>
                        <width>931</width>
                        <texture border="3">list/bg_facade_nofocus.png</texture>
                    </control>
                    <control type="label">
                        <posx>45</posx>
                        <height>71</height>
                        <width>841</width>
                        <font>FacadeListMainFont</font>
                        <textcolor>ListNoFocusColor</textcolor>
                        <label>$INFO[ListItem.Label]</label>
                        <scroll>false</scroll>
                    </control>
                </itemlayout>
                <focusedlayout height="73" width="931">
                    <control type="image">
                        <posx>0</posx>
                        <posy>0</posy>
                        <height>73</height>
                        <width>931</width>
                        <include>FacadeFocus</include>
                    </control>
                    <control type="label">
                        <posx>45</posx>
                        <height>71</height>
                        <width>841</width>
                        <font>FacadeListMainFont</font>
                        <textcolor>ListFocusColor</textcolor>
                        <label>$INFO[ListItem.Label]</label>
                    </control>
                </focusedlayout>
            </control>
            <control type="scrollbar" id="60">
                <posx>1178</posx>
                <posy>382</posy>
                <height>438</height>
                <include>VerticalScroller</include>
                <onleft>10</onleft>
                <onright>9000</onright>
            </control>
            <control type="image">
                <posx>278</posx>
                <posy>741</posy>
                <width>1364</width>
                <height>79</height>
                <texture>list/bg_facade_nofocus_top.png</texture>
            </control>
            <control type="grouplist" id="9001">
                <posx>278</posx>
                <posy>827</posy>
                <width>1364</width>
                <height>90</height>
                <itemgap>30</itemgap>
                <aligny>bottom</aligny>
                <align>center</align>
                <onup>10</onup>
                <ondown>9001</ondown>
                <orientation>horizontal</orientation>
                <control type="button" id="19">
                    <label>$LOCALIZE[222]</label>
                    <width>395</width>
                </control>
                <control type="button" id="18">
                    <label>$LOCALIZE[186]</label>
                    <width>395</width>
                </control>
            </control>
        </control>
    </controls>
</window>
