<?xml version="1.0" encoding="utf-8"?>
<window type="buttonMenu">
    <defaultcontrol>9000</defaultcontrol>
    <include>DialogOpenClose</include>
    <coordinates>
        <system>1</system>
        <posx>0</posx>
        <posy>0</posy>
    </coordinates>
    <controls>
        <include>DimBG</include>
        <control type="group">
            <include condition="Skin.HasSetting(BlackGlassMode)+!Skin.HasSetting(DisableSlidingAnimations)">OpenCloseSlideRight</include>
            <include name="WindowClosingButton">
                <param name="id" value="0"/>
                <param name="x" value="1087"/>
                <param name="y" value="376"/>
            </include>
            <control type="image">
                <posx>470</posx>
                <posy>380</posy>
                <width>667</width>
                <height>332</height>
                <texture border="90">common/bg_dialog.png</texture>
            </control>
            <control type="image">
                <posx>515</posx>
                <posy>398</posy>
                <width>577</width>
                <height>79</height>
                <texture>list/bg_facade_nofocus_top.png</texture>
            </control>
            <control type="grouplist" id="9000">
                <posx>515</posx>
                <posy>477</posy>
                <width>577</width>
                <height>142</height>
                <onleft>9000</onleft>
                <onright>9000</onright>
                <onup>9000</onup>
                <ondown>9000</ondown>
                <itemgap>0</itemgap>
                <control type="button" id="2">
                    <description>Resume button</description>
                    <align>center</align>
                    <textoffsetx>0</textoffsetx>
                    <include>LeftMenuButton</include>
                    <label>$ADDON[script.videoextras 32104]</label>
                </control>
                <control type="button" id="40">
                    <description>Start from beginning button</description>
                    <align>center</align>
                    <textoffsetx>0</textoffsetx>
                    <include>LeftMenuButton</include>
                    <label>$ADDON[script.videoextras 32105]</label>
                </control>
            </control>
        </control>
    </controls>
</window>
