<?xml version="1.0" encoding="utf-8"?>
<window>
    <defaultcontrol always="true">9001</defaultcontrol>
    <backgroundcolor>0</backgroundcolor>
    <include condition="!Skin.HasSetting(BlackGlassMode)|Skin.HasSetting(DisableSlidingAnimations)">OpenClose</include>
    <controls>
        <include>Fanart_Art</include>
        <include>Player_Show</include>
        <include>Time</include>
        <control type="label">
            <include condition="Skin.HasSetting(BlackGlassMode)+!Skin.HasSetting(DisableSlidingAnimations)">OpenCloseSlideRight</include>
            <include>WindowTitle</include>
            <label>$LOCALIZE[130]</label>
        </control>
        <control type="label">
            <include condition="Skin.HasSetting(BlackGlassMode)+!Skin.HasSetting(DisableSlidingAnimations)">OpenCloseSlideRight</include>
            <include>WindowTitleSub</include>
            <label>$LOCALIZE[5]</label>
        </control>
        <control type="group">
            <include condition="Skin.HasSetting(BlackGlassMode)+!Skin.HasSetting(DisableSlidingAnimations)">OpenCloseSlideRight</include>
            <posy>-269</posy>
            <include name="WindowClosingButton">
                <param name="id" value="0"/>
                <param name="x" value="1787"/>
                <param name="y" value="290"/>
            </include>
            <control type="image">
                <posx>83</posx>
                <posy>294</posy>
                <width>1754</width>
                <height>1029</height>
                <texture border="90">common/bg_dialog.png</texture>
            </control>
            <control type="label">
                <posx>173</posx>
                <posy>373</posy>
                <height>36</height>
                <width>1574</width>
                <align>center</align>
                <font>InfoTitleFont</font>
                <textcolor>MainColor</textcolor>
                <label>$LOCALIZE[130]</label>
            </control>
            <control type="image">
                <posx>128</posx>
                <posy>342</posy>
                <width>1664</width>
                <height>90</height>
                <texture border="3">list/bg_facade_nofocus_top.png</texture>
            </control>
            <control type="image">
                <posx>1359</posx>
                <posy>432</posy>
                <width>2</width>
                <height>841</height>
                <texture>list/bg_facade_vertical.png</texture>
            </control>
            <control type="image">
                <posx>1359</posx>
                <posy>432</posy>
                <height>841</height>
                <width>375</width>
                <texture flipx="true">list/bg_strip_horizontal_left.png</texture>
                <colordiffuse>90ffffff</colordiffuse>
            </control>
            <control type="grouplist" id="9001">
                <posx>1359</posx>
                <posy>432</posy>
                <width>433</width>
                <height>684</height>
                <itemgap>0</itemgap>
                <onleft>noop</onleft>
                <onright>noop</onright>
                <onup>9001</onup>
                <ondown>9001</ondown>
                <control type="button" id="95">
                    <width>433</width>
                    <include>LeftMenuButton</include>
                    <label>$LOCALIZE[20037]</label>
                </control>
                <control type="button" id="94">
                    <width>433</width>
                    <include>LeftMenuButton</include>
                    <label>$LOCALIZE[13277]</label>
                </control>
                <control type="button" id="96">
                    <width>433</width>
                    <include>LeftMenuButton</include>
                    <label>$LOCALIZE[13279]</label>
                </control>
                <control type="button" id="97">
                    <width>433</width>
                    <include>LeftMenuButton</include>
                    <label>$LOCALIZE[13280]</label>
                </control>
                <control type="button" id="98">
                    <width>433</width>
                    <include>LeftMenuButton</include>
                    <label>$LOCALIZE[13281]</label>
                </control>
                <control type="button" id="99">
                    <visible>Skin.HasSetting(PVR_Enabled)</visible>
                    <width>433</width>
                    <include>LeftMenuButton</include>
                    <label>$LOCALIZE[19191]</label>
                </control>
            </control>
            <control type="grouplist">
                <posx>128</posx>
                <posy>432</posy>
                <width>1231</width>
                <height>803</height>
                <itemgap>0</itemgap>
                <control type="image">
                    <height>71</height>
                    <width>1231</width>
                    <texture border="3">list/bg_facade_nofocus_top.png</texture>
                </control>
                <control type="image">
                    <height>71</height>
                    <width>1231</width>
                    <texture border="3">list/bg_facade_nofocus_top.png</texture>
                </control>
                <control type="image">
                    <height>71</height>
                    <width>1231</width>
                    <texture border="3">list/bg_facade_nofocus_top.png</texture>
                </control>
                <control type="image">
                    <height>71</height>
                    <width>1231</width>
                    <texture border="3">list/bg_facade_nofocus_top.png</texture>
                </control>
                <control type="image">
                    <height>71</height>
                    <width>1231</width>
                    <texture border="3">list/bg_facade_nofocus_top.png</texture>
                </control>
                <control type="image">
                    <height>71</height>
                    <width>1231</width>
                    <texture border="3">list/bg_facade_nofocus_top.png</texture>
                </control>
                <control type="image">
                    <height>71</height>
                    <width>1231</width>
                    <texture border="3">list/bg_facade_nofocus_top.png</texture>
                </control>
                <control type="image">
                    <height>71</height>
                    <width>1231</width>
                    <texture border="3">list/bg_facade_nofocus_top.png</texture>
                </control>
                <control type="image">
                    <height>71</height>
                    <width>1231</width>
                    <texture border="3">list/bg_facade_nofocus_top.png</texture>
                </control>
                <control type="image">
                    <height>71</height>
                    <width>1231</width>
                    <texture border="3">list/bg_facade_nofocus_top.png</texture>
                </control>
                <control type="image">
                    <height>71</height>
                    <width>1231</width>
                    <texture border="3">list/bg_facade_nofocus_top.png</texture>
                </control>
            </control>
            <control type="grouplist">
                <posx>128</posx>
                <posy>432</posy>
                <width>1231</width>
                <height>803</height>
                <itemgap>0</itemgap>
                <control type="label" id="52">
                    <description>XBMC XBE BUILD Version</description>
                    <width>1231</width>
                    <textcolor>MainColor</textcolor>
                    <include>LeftMenuButton</include>
                </control>
                <control type="label" id="21">
                    <description>CPU Text</description>
                    <width>1231</width>
                    <textcolor>AlternateColor</textcolor>
                    <include>LeftMenuButton</include>
                    <label>$LOCALIZE[13271] $INFO[System.CPUUsage]</label>
                </control>
                <control type="label" id="23">
                    <description>Memory Text</description>
                    <width>1231</width>
                    <textcolor>MainColor</textcolor>
                    <include>LeftMenuButton</include>
                    <label>$LOCALIZE[31309] $INFO[system.memory(used.percent)]</label>
                </control>
                <control type="label" id="2">
                    <description>Label 2</description>
                    <width>1231</width>
                    <textcolor>AlternateColor</textcolor>
                    <include>LeftMenuButton</include>
                </control>
                <control type="label" id="3">
                    <description>Label 3</description>
                    <width>1231</width>
                    <textcolor>MainColor</textcolor>
                    <include>LeftMenuButton</include>
                </control>
                <control type="label" id="4">
                    <description>Label 4</description>
                    <width>1231</width>
                    <textcolor>AlternateColor</textcolor>
                    <include>LeftMenuButton</include>
                </control>
                <control type="label" id="5">
                    <description>Label 5</description>
                    <width>1231</width>
                    <textcolor>MainColor</textcolor>
                    <include>LeftMenuButton</include>
                </control>
                <control type="label" id="6">
                    <description>Label 6</description>
                    <width>1231</width>
                    <textcolor>AlternateColor</textcolor>
                    <include>LeftMenuButton</include>
                </control>
                <control type="label" id="7">
                    <description>Label 7</description>
                    <width>1231</width>
                    <textcolor>MainColor</textcolor>
                    <include>LeftMenuButton</include>
                </control>
                <control type="label" id="8">
                    <description>Label 8</description>
                    <width>1231</width>
                    <textcolor>AlternateColor</textcolor>
                    <include>LeftMenuButton</include>
                </control>
                <control type="label" id="9">
                    <description>Label 9</description>
                    <width>1231</width>
                    <textcolor>MainColor</textcolor>
                    <include>LeftMenuButton</include>
                </control>
                <control type="label" id="10">
                    <description>Label 10</description>
                    <width>1231</width>
                    <textcolor>AlternateColor</textcolor>
                    <include>LeftMenuButton</include>
                </control>
                <control type="label" id="11">
                    <description>Label 11</description>
                    <width>1231</width>
                    <textcolor>MainColor</textcolor>
                    <include>LeftMenuButton</include>
                </control>
            </control>
        </control>
    </controls>
</window>
