<?xml version="1.0" encoding="utf-8"?>
<includes>
    <include name="ConditionSingleLine_BG">
        <visible>![
            [!Container.Content(Addons) + Window.IsActive(MyPics.xml) + !Skin.HasSetting(plexbmc) + !IsEmpty(ListItem.Size)]|
            [Container.Content(Albums) + !IsEmpty(ListItem.Artist)]|
            [Container.Content(Episodes) + !IsEmpty(ListItem.Duration)]|
            [Container.Content(Episodes) + Skin.HasSetting(plexbmc) + !StringCompare(ListItem.Label,..) ]|
            [Container.Content(Addons) + !IsEmpty(ListItem.Property(Addon.Creator))]|
            [Container.Content(Songs) + !IsEmpty(ListItem.Album)]|
            [Container.Content(Artists) + [!IsEmpty(ListItem.Property(artist_genre)) | !IsEmpty(ListItem.Property(artist_style))]]|
            [Container.Content(MusicVideos) + !IsEmpty(ListItem.Duration)]|
            [Container.Content(Sets) + !IsEmpty(ListItem.Year)]|
            [Window.IsVisible(script-ExtendedInfo Script-VideoList.xml)]|
            [Container.Content(Movies) + !IsEmpty(ListItem.Duration)]|
            [[Container.Content(Seasons) | Container.Content(TVShows)] + !IsEmpty(ListItem.Year)]|
            [[Container.Content(Seasons) | Container.Content(TVShows)] + !IsEmpty(ListItem.MPAA)]|
            [!IsEmpty(ListItem.Label2)]
            ]
        </visible>
    </include>
    <include name="ConditionDoubleLine_BG">
        <visible>[
            [!Container.Content(Addons) + Window.IsActive(MyPics.xml) + !Skin.HasSetting(plexbmc) + !IsEmpty(ListItem.Size)]|
            [Container.Content(Albums) + !IsEmpty(ListItem.Artist)]|
            [Container.Content(Episodes) + !IsEmpty(ListItem.Duration)]|
            [Container.Content(Episodes) + Skin.HasSetting(plexbmc) + !StringCompare(ListItem.Label,..) ]|
            [Container.Content(Addons) + !IsEmpty(ListItem.Property(Addon.Creator))]|
            [Container.Content(Songs) + !IsEmpty(ListItem.Album)]|
            [Container.Content(Artists) + [!IsEmpty(ListItem.Property(artist_genre)) | !IsEmpty(ListItem.Property(artist_style))]]|
            [Container.Content(MusicVideos) + !IsEmpty(ListItem.Duration)]|
            [Container.Content(Sets) + !IsEmpty(ListItem.Year)]|
            [Window.IsVisible(script-ExtendedInfo Script-VideoList.xml)]|
            [Container.Content(Movies) + !IsEmpty(ListItem.Duration)]|
            [[Container.Content(Seasons) | Container.Content(TVShows)] + !IsEmpty(ListItem.Year)]|
            [[Container.Content(Seasons) | Container.Content(TVShows)] + !IsEmpty(ListItem.MPAA)]|
            [!IsEmpty(ListItem.Label2)]
            ]
        </visible>
    </include>
    <include name="ListWatchedOverlay_BG">
        <posx>1176r</posx>
        <posy>0</posy>
        <width>26</width>
        <texture>$VAR[Overlay]</texture>
        <aspectratio aligny="center">keep</aspectratio>
        <fadetime>0</fadetime>
    </include>
    <include name="ListWatchedOverlayFocus_BG">
        <control type="image">
            <include>ConditionDoubleLine_BG</include>
            <height>42</height>
            <include>ListWatchedOverlay_BG</include>
        </control>
        <control type="image">
            <include>ConditionSingleLine_BG</include>
            <height>71</height>
            <include>ListWatchedOverlay_BG</include>
        </control>
    </include>
    <include name="ListWatchedOverlayNoFocus_BG">
        <control type="image">
            <include>ConditionDoubleLine_BG</include>
            <height>42</height>
            <colordiffuse>aaffffff</colordiffuse>
            <include>ListWatchedOverlay_BG</include>
        </control>
        <control type="image">
            <include>ConditionSingleLine_BG</include>
            <height>71</height>
            <colordiffuse>aaffffff</colordiffuse>
            <include>ListWatchedOverlay_BG</include>
        </control>
    </include>
    <include name="ScrollOffsetLabel_50_BG">
        <control type="group">
            <left>755</left>
            <top>55</top>
            <include>ScrollOffsetLabel</include>
        </control>
    </include>
    <include name="Info_50_List_BG">
        <control type="group">
            <visible>Control.IsVisible(50)+
                [
                !IsEmpty(ListItem.Property(Artist_Description))|
                !IsEmpty(ListItem.Property(Addon.Description))|
                !IsEmpty(ListItem.Property(Album_Description))|
                !IsEmpty(ListItem.Plot)
                ]
                +!Container.Content(songs)</visible>
            <include>Icon_Fade</include>
            <posy>37</posy>
            <!-- CDART MUSIC -->
            <include name="DiscArt">
                <param name="visible" value="!IsEmpty(ListItem.Thumb)+[Container.content(albums)|Container.content(songs)]"/>
                <param name="x" value="320"/>
                <param name="y" value="187"/>
                <param name="width" value="364"/>
                <param name="height" value="364"/>
                <param name="texture" value="$VAR[MusicCdArt]"/>
            </include>
            <!-- CDART VIDEO -->
            <include name="DiscArt">
                <param name="visible" value="!IsEmpty(ListItem.Thumb)+[Container.content(movies)|Container.content(MusicVideos)|Window.IsVisible(MyVideoPlaylist.xml)]"/>
                <param name="x" value="138"/>
                <param name="y" value="137"/>
                <param name="width" value="464"/>
                <param name="height" value="464"/>
                <param name="texture" value="$VAR[VideoCdArt]"/>
            </include>
            <control type="image">
                <posx>18</posx>
                <posy>110</posy>
                <width>704</width>
                <height>518</height>
                <aspectratio align="left" aligny="top" scalediffuse="false">keep</aspectratio>
                <include>PosterThumb</include>
                <include>ThumbBorder</include>
            </control>
            <control type="group">
                <posx>0</posx>
                <posy>116</posy>
                <control type="group">
                    <visible>![Skin.HasSetting(plexbmc)+window.isvisible(MyMusicSongs.xml)]</visible>
                    <control type="group">
                        <posy>440</posy>
                        <visible>!Container.Content(Addons)</visible>
                        <control type="image">
                            <posx>TextMargin</posx>
                            <posy>92</posy>
                            <include>Stars</include>
                        </control>
                        <control type="label">
                            <posx>245</posx>
                            <posy>73</posy>
                            <width>460</width>
                            <height>71</height>
                            <font>InfoRatingFont</font>
                            <textcolor>AlternateColor</textcolor>
                            <label fallback="416">$INFO[ListItem.Rating]</label>
                        </control>
                    </control>
                    <control type="group">
                        <posy>440</posy>
                        <visible>Container.Content(Addons)</visible>
                        <control type="label">
                            <posx>TextMargin</posx>
                            <posy>73</posy>
                            <width>631</width>
                            <height>71</height>
                            <font>InfoDetailsFont</font>
                            <textcolor>MainColor</textcolor>
                            <label>$INFO[ListItem.Property(Addon.Version),$LOCALIZE[24051] ]</label>
                        </control>
                    </control>
                    <control type="label">
                        <posx>TextMargin</posx>
                        <posy>573</posy>
                        <width>630</width>
                        <height>71</height>
                        <font>InfoDetailsFont</font>
                        <textcolor>AlternateColor</textcolor>
                        <label>$VAR[Details]</label>
                    </control>
                    <control type="group">
                        <posy>420</posy>
                        <visible>![Container.Content(movies)|Container.Content(episodes)|Container.Content(musicvideos)]</visible>
                        <control type="textbox">
                            <posx>TextMargin</posx>
                            <posy>230</posy>
                            <width>635</width>
                            <height>240</height>
                            <font>InfoPlotFont</font>
                            <textcolor>MainColor</textcolor>
                            <label>$VAR[Plots]</label>
                            <pagecontrol>6060</pagecontrol>
                        </control>
                        <control type="scrollbar" id="6060">
                            <visible>Skin.HasSetting(ManualScroll)</visible>
                            <posx>680</posx>
                            <posy>230</posy>
                            <height>240</height>
                            <include>VerticalScroller</include>
                            <onleft>9000</onleft>
                            <onright>50</onright>
                        </control>
                    </control>
                    <control type="group">
                        <posy>420</posy>
                        <visible>[Container.Content(movies)|Container.Content(episodes)|Container.Content(musicvideos)]</visible>
                        <control type="textbox">
                            <posx>TextMargin</posx>
                            <posy>230</posy>
                            <width>635</width>
                            <height>160</height>
                            <font>InfoPlotFont</font>
                            <textcolor>MainColor</textcolor>
                            <label>$VAR[Plots]</label>
                            <pagecontrol>6060</pagecontrol>
                        </control>
                        <control type="scrollbar" id="6060">
                            <visible>Skin.HasSetting(ManualScroll)</visible>
                            <posx>680</posx>
                            <posy>230</posy>
                            <height>160</height>
                            <include>VerticalScroller</include>
                            <onleft>9000</onleft>
                            <onright>50</onright>
                        </control>
                        <control type="grouplist">
                            <posx>35</posx>
                            <posy>411</posy>
                            <width min="90" max="967">auto</width>
                            <height>90</height>
                            <itemgap>-8</itemgap>
                            <orientation>horizontal</orientation>
                            <align>left</align>
                            <aligny>center</aligny>
                            <include>CodecsView</include>
                        </control>
                    </control>
                </control>
                <control type="group">
                    <visible>[Skin.HasSetting(plexbmc)+window.isvisible(MyMusicSongs.xml)]</visible>
                    <control type="textbox">
                        <posx>TextMargin</posx>
                        <posy>530</posy>
                        <width>635</width>
                        <height>360</height>
                        <font>InfoPlotFont</font>
                        <textcolor>MainColor</textcolor>
                        <label>$VAR[Plots]</label>
                        <pagecontrol>6060</pagecontrol>
                    </control>
                    <control type="scrollbar" id="6060">
                        <visible>Skin.HasSetting(ManualScroll)</visible>
                        <posx>680</posx>
                        <posy>530</posy>
                        <height>360</height>
                        <include>VerticalScroller</include>
                        <onleft>9000</onleft>
                        <onright>50</onright>
                    </control>
                </control>
            </control>
        </control>
    </include>
    <include name="List_Layout_BG">
        <itemlayout height="73" width="1180">
            <control type="image">
                <posx>0</posx>
                <posy>0</posy>
                <height>73</height>
                <width>1180</width>
                <texture border="3">list/bg_facade_nofocus.png</texture>
            </control>
            <include name="ProgressBar">
                <param name="id" value="0"/>
                <param name="visible" value="IntegerGreaterThan(ListItem.PercentPlayed,0)"/>
                <param name="x" value="0"/>
                <param name="y" value="-37"/>
                <param name="width" value="1180"/>
                <param name="height" value="73"/>
                <param name="texturebg" value="-"/>
                <param name="gfx" value="OSD/osd_progress_mid.png"/>
                <param name="border" value="0"/>
                <param name="borderbg" value="0"/>
                <param name="coldiffbg" value="ffffffff"/>
                <param name="colordiffuse" value="NoFocusedProgressColor"/>
                <param name="info" value="ListItem.PercentPlayed"/>
                <param name="reveal" value="false"/>
            </include>
            <control type="label">
                <include>ConditionSingleLine_BG</include>
                <posx>35</posx>
                <height>71</height>
                <width>1115</width>
                <font>FacadeListMainFont</font>
                <textcolor>ListNoFocusColor</textcolor>
                <label>$INFO[ListItem.Label]</label>
                <scroll>false</scroll>
            </control>
            <control type="label">
                <include>ConditionDoubleLine_BG</include>
                <posx>35</posx>
                <height>42</height>
                <width>1115</width>
                <font>FacadeListMainFont</font>
                <textcolor>ListNoFocusColor</textcolor>
                <label>$INFO[ListItem.Label]</label>
                <scroll>false</scroll>
            </control>
            <control type="label">
                <include>ConditionDoubleLine_BG</include>
                <posx>35</posx>
                <posy>39</posy>
                <height>28</height>
                <width>1115</width>
                <font>FacadeListSubFont</font>
                <textcolor>SublistNoFocusColor</textcolor>
                <label>$VAR[Details_BG]</label>
                <scroll>false</scroll>
            </control>
            <include>ListWatchedOverlayNoFocus_BG</include>
        </itemlayout>
        <focusedlayout height="73" width="1180">
            <include name="ProgressBar">
                <param name="id" value="0"/>
                <param name="visible" value="IntegerGreaterThan(ListItem.PercentPlayed,0)"/>
                <param name="x" value="0"/>
                <param name="y" value="-37"/>
                <param name="width" value="1180"/>
                <param name="height" value="73"/>
                <param name="texturebg" value="-"/>
                <param name="gfx" value="OSD/osd_progress_mid.png"/>
                <param name="border" value="0"/>
                <param name="borderbg" value="0"/>
                <param name="coldiffbg" value="ffffffff"/>
                <param name="colordiffuse" value="FocusedProgressColor"/>
                <param name="info" value="ListItem.PercentPlayed"/>
                <param name="reveal" value="false"/>
            </include>
            <control type="image">
                <posx>0</posx>
                <posy>0</posy>
                <height>73</height>
                <width>1180</width>
                <include>FacadeFocus</include>
            </control>
            <control type="label">
                <include>ConditionSingleLine_BG</include>
                <posx>35</posx>
                <height>71</height>
                <width>1115</width>
                <font>FacadeListMainFont</font>
                <textcolor>ListFocusColor</textcolor>
                <label>$INFO[ListItem.Label]</label>
            </control>
            <control type="label">
                <include>ConditionDoubleLine_BG</include>
                <posx>35</posx>
                <height>42</height>
                <width>1115</width>
                <font>FacadeListMainFont</font>
                <textcolor>ListFocusColor</textcolor>
                <label>$INFO[ListItem.Label]</label>
            </control>
            <control type="label">
                <include>ConditionDoubleLine_BG</include>
                <posx>35</posx>
                <posy>39</posy>
                <height>28</height>
                <width>1115</width>
                <font>FacadeListSubFont</font>
                <textcolor>SublistFocusColor</textcolor>
                <label>$VAR[Details_BG]</label>
            </control>
            <include>ListWatchedOverlayFocus_BG</include>
        </focusedlayout>
    </include>
    <include name="View_50_BG">
        <control type="group">
            <visible>Control.IsVisible(50)</visible>
            <include>Icon_Fade</include>
            <include>ScrollOffsetLabel_50_BG</include>
            <include name="ClearArtLogo">
                <param name="x" value="875"/>
                <param name="y" value="10"/>
                <param name="width" value="300"/>
                <param name="height" value="149"/>
                <param name="visible" value="true"/>
                <param name="align" value="left"/>
                <param name="aligny" value="bottom"/>
            </include>
            <include name="StudioArt">
                <param name="x" value="1175"/>
                <param name="y" value="20"/>
                <param name="width" value="300"/>
                <param name="height" value="140"/>
                <param name="visible" value="true"/>
                <param name="align" value="left"/>
                <param name="aligny" value="bottom"/>
            </include>
            <control type="group">
                <control type="image">
                    <posx>704</posx>
                    <posy>125</posy>
                    <width>1445</width>
                    <height>1160</height>
                    <include condition="!Skin.HasSetting(BlackGlassMode)">bg_tvguide</include>
                    <include condition="Skin.HasSetting(BlackGlassMode)">bg_tvguide_BG</include>
                </control>
                <control type="image">
                    <posx>740</posx>
                    <posy>134</posy>
                    <width>1180</width>
                    <height>73</height>
                    <texture border="3">list/bg_facade_nofocus_top.png</texture>
                </control>
                <control type="image">
                    <visible>!IntegerGreaterThan(Container(50).NumItems,10)</visible>
                    <posx>740</posx>
                    <posy>937</posy>
                    <width>1180</width>
                    <height>73</height>
                    <texture border="3">list/bg_facade_nofocus_top.png</texture>
                </control>
                <control type="list" id="50">
                    <visible>[[StringCompare(Window(Home).Property(SkinHelper.ForcedView),50) | IsEmpty(Window(Home).Property(SkinHelper.ForcedView))] + !Skin.HasSetting(plexbmc)] | Skin.HasSetting(plexbmc)</visible>
                    <viewtype label="535">Large List</viewtype>
                    <posx>740</posx>
                    <posy>207</posy>
                    <width>1180</width>
                    <height>803</height>
                    <pagecontrol>60</pagecontrol>
                    <onleft>6060</onleft>
                    <onright>60</onright>
                    <onup>50</onup>
                    <ondown>50</ondown>
                    <preloaditems>4</preloaditems>
                    <include>List_Layout_BG</include>
                </control>
            </control>
            <control type="label">
                <include>FacadeNumItems</include>
                <label>$INFO[Container.NumItems] $LOCALIZE[31025]</label>
            </control>
            <control type="scrollbar" id="60">
                <animation effect="slide" start="0,0" end="-8,0" time="150">Focus</animation>
                <animation effect="slide" start="-8,0" end="0,0" time="300">UnFocus</animation>
                <posx>1899</posx>
                <posy>207</posy>
                <height>803</height>
                <include>VerticalScroller</include>
                <onleft>50</onleft>
                <onright>505050</onright>
            </control>
        </control>
    </include>
    <include name="Info_50_BG_ExtendedInfo">
        <control type="group">
            <visible>Control.IsVisible(500)+!IsEmpty(Container(500).ListItem.Plot)</visible>
            <include>Icon_Fade</include>
            <posy>37</posy>
            <control type="image">
                <posx>18</posx>
                <posy>110</posy>
                <width>704</width>
                <height>518</height>
                <aspectratio align="left" aligny="top" scalediffuse="false">keep</aspectratio>
                <include>PosterThumb</include>
                <include>ThumbBorder</include>
            </control>
            <control type="group">
                <posx>0</posx>
                <posy>116</posy>
                <control type="group">
                    <control type="group">
                        <posy>440</posy>
                        <control type="image">
                            <posx>TextMargin</posx>
                            <posy>92</posy>
                            <texture fallback="rating0.png">$INFO[Container(500).ListItem.StarRating]</texture>
                            <include>Stars</include>
                        </control>
                        <control type="label">
                            <posx>245</posx>
                            <posy>73</posy>
                            <width>460</width>
                            <height>71</height>
                            <font>InfoRatingFont</font>
                            <textcolor>AlternateColor</textcolor>
                            <label fallback="416">$INFO[Container(500).ListItem.Rating]</label>
                        </control>
                    </control>
                    <control type="label">
                        <posx>TextMargin</posx>
                        <posy>573</posy>
                        <width>630</width>
                        <height>71</height>
                        <font>InfoDetailsFont</font>
                        <textcolor>AlternateColor</textcolor>
                        <label>$VAR[Details_TVShows_Extended]</label>
                    </control>
                    <control type="group">
                        <posy>420</posy>
                        <control type="textbox">
                            <posx>TextMargin</posx>
                            <posy>230</posy>
                            <width>635</width>
                            <height>240</height>
                            <font>InfoPlotFont</font>
                            <textcolor>MainColor</textcolor>
                            <label>$VAR[Plots]</label>
                            <pagecontrol>6060</pagecontrol>
                        </control>
                        <control type="scrollbar" id="6060">
                            <visible>Skin.HasSetting(ManualScroll)</visible>
                            <posx>680</posx>
                            <posy>230</posy>
                            <height>240</height>
                            <include>VerticalScroller</include>
                            <onleft>9000</onleft>
                            <onright>50</onright>
                        </control>
                    </control>
                </control>
            </control>
        </control>
    </include>
    <include name="View_50_BG_ExtendedInfo">
        <control type="group">
            <control type="group">
                <include>ScrollOffsetLabel_50_BG</include>
                <include name="ClearArtLogo">
                    <param name="x" value="875"/>
                    <param name="y" value="10"/>
                    <param name="width" value="300"/>
                    <param name="height" value="149"/>
                    <param name="visible" value="true"/>
                    <param name="align" value="left"/>
                    <param name="aligny" value="bottom"/>
                </include>
                <include name="StudioArt">
                    <param name="x" value="1175"/>
                    <param name="y" value="20"/>
                    <param name="width" value="300"/>
                    <param name="height" value="140"/>
                    <param name="visible" value="true"/>
                    <param name="align" value="left"/>
                    <param name="aligny" value="bottom"/>
                </include>
                <control type="image">
                    <posx>704</posx>
                    <posy>125</posy>
                    <width>1445</width>
                    <height>1160</height>
                    <include condition="!Skin.HasSetting(BlackGlassMode)">bg_tvguide</include>
                    <include condition="Skin.HasSetting(BlackGlassMode)">bg_tvguide_BG</include>
                </control>
                <control type="image">
                    <posx>740</posx>
                    <posy>134</posy>
                    <width>1180</width>
                    <height>73</height>
                    <texture border="3">list/bg_facade_nofocus_top.png</texture>
                </control>
                <control type="image">
                    <visible>!IntegerGreaterThan(Container(500).NumItems,10)</visible>
                    <posx>740</posx>
                    <posy>937</posy>
                    <width>1180</width>
                    <height>73</height>
                    <texture border="3">list/bg_facade_nofocus_top.png</texture>
                </control>
                <control type="list" id="500">
                    <viewtype label="535">Large List</viewtype>
                    <posx>740</posx>
                    <posy>207</posy>
                    <width>1180</width>
                    <height>803</height>
                    <pagecontrol>60</pagecontrol>
                    <onleft>9000</onleft>
                    <onright>60</onright>
                    <onup>700</onup>
                    <ondown>600</ondown>
                    <preloaditems>4</preloaditems>
                    <include>List_Layout_BG</include>
                </control>
                <control type="button" id="600">
                    <onfocus>SetFocus(500)</onfocus>
                    <width>1</width>
                    <height>1</height>
                    <posx>-1000</posx>
                </control>
                <control type="button" id="700">
                    <onfocus>SetFocus(500)</onfocus>
                    <width>1</width>
                    <height>1</height>
                    <posx>-1000</posx>
                </control>
            </control>
            <control type="label">
                <include>FacadeNumItems</include>
                <label>$INFO[Window.Property(TotalItems)] $LOCALIZE[31025]</label>
            </control>
            <control type="scrollbar" id="60">
                <animation effect="slide" start="0,0" end="-8,0" time="150">Focus</animation>
                <animation effect="slide" start="-8,0" end="0,0" time="300">UnFocus</animation>
                <posx>1899</posx>
                <posy>207</posy>
                <height>803</height>
                <include>VerticalScroller</include>
                <onleft>500</onleft>
                <onright>505050</onright>
            </control>
        </control>
    </include>
    <include name="View_50_Custom_Addons_BG">
        <control type="group">
            <include>ScrollOffsetLabel_50_BG</include>
            <control type="image">
                <posx>704</posx>
                <posy>125</posy>
                <width>1445</width>
                <height>1160</height>
                <include condition="!Skin.HasSetting(BlackGlassMode)">bg_tvguide</include>
                <include condition="Skin.HasSetting(BlackGlassMode)">bg_tvguide_BG</include>
            </control>
            <control type="image">
                <posx>740</posx>
                <posy>134</posy>
                <width>1180</width>
                <height>73</height>
                <texture border="3">list/bg_facade_nofocus_top.png</texture>
            </control>
            <control type="image">
                <visible>!IntegerGreaterThan(Container(50).NumItems,10)</visible>
                <posx>740</posx>
                <posy>937</posy>
                <width>1180</width>
                <height>73</height>
                <texture border="3">list/bg_facade_nofocus_top.png</texture>
            </control>
            <control type="list" id="50">
                <viewtype label="535">Large List</viewtype>
                <posx>740</posx>
                <posy>207</posy>
                <width>1180</width>
                <height>803</height>
                <pagecontrol>60</pagecontrol>
                <onleft>9000</onleft>
                <onright>60</onright>
                <onup>50</onup>
                <ondown>50</ondown>
                <preloaditems>4</preloaditems>
                <include>List_Layout_BG</include>
                <content>
                    <item id="2">
                        <visible>!Skin.HasSetting(Addons.Hide)</visible>
                        <label>$LOCALIZE[0]</label>
                        <label2>$INFO[Window(Home).Property(SkinHelper.TotalProgramAddons),, $LOCALIZE[24001]]</label2>
                        <onclick condition="!System.Platform.Android">ActivateWindow(Programs,Addons,return)</onclick>
                        <onclick condition="System.Platform.Android">ActivateWindow(Programs)</onclick>
                    </item>
                    <item id="3">
                        <visible>!Skin.HasSetting(Addons.Hide)</visible>
                        <label>$LOCALIZE[1037]</label>
                        <label2>$INFO[Window(Home).Property(SkinHelper.TotalVideoAddons),, $LOCALIZE[24001]]</label2>
                        <onclick>ActivateWindow(VideoLibrary,Addons,return)</onclick>
                    </item>
                    <item id="4">
                        <visible>!Skin.HasSetting(Addons.Hide)</visible>
                        <label>$LOCALIZE[1038]</label>
                        <label2>$INFO[Window(Home).Property(SkinHelper.TotalAudioAddons),, $LOCALIZE[24001]]</label2>
                        <onclick>ActivateWindow(Music,Addons,return)</onclick>
                    </item>
                    <item id="5">
                        <visible>!Skin.HasSetting(Addons.Hide)</visible>
                        <label>$LOCALIZE[1039]</label>
                        <label2>$INFO[Window(Home).Property(SkinHelper.TotalPicturesAddons),, $LOCALIZE[24001]]</label2>
                        <onclick>XBMC.ActivateWindow(Pictures,Addons,return)</onclick>
                    </item>
                    <item id="51">
                        <visible>Skin.HasSetting(plexbmc)</visible>
                        <label>$LOCALIZE[31000]</label>
                        <onclick>ActivateWindow(pictures,"plugin://plugin.video.plexbmc/?url=http://photo&amp;mode=22",return)</onclick>
                    </item>
                    <item id="52">
                        <visible>Skin.HasSetting(plexbmc)</visible>
                        <label>$LOCALIZE[31001]</label>
                        <onclick>ActivateWindow(Videos,"plugin://plugin.video.plexbmc/?url=http://video&amp;mode=22",return)</onclick>
                    </item>
                    <item id="53">
                        <visible>Skin.HasSetting(plexbmc)</visible>
                        <label>$LOCALIZE[31002]</label>
                        <onclick>ActivateWindow(Music,"plugin://plugin.video.plexbmc/?url=http://music&amp;mode=22",return)</onclick>
                    </item>
                    <item id="50">
                        <visible>Skin.HasSetting(plexbmc)</visible>
                        <label>$LOCALIZE[31003]</label>
                        <onclick>ActivateWindow(Videos,"plugin://plugin.video.plexbmc/?mode=22&amp;url=http://online%2fsystem%2fplugins%2fall",return)</onclick>
                    </item>
                    <item id="2">
                        <visible>!Skin.HasSetting(Addons.Hide)</visible>
                        <label>$LOCALIZE[10040]</label>
                        <label2>$INFO[Window(Home).Property(SkinHelper.TotalAddons),, $LOCALIZE[24001]]</label2>
                        <onclick>ActivateWindow(AddonBrowser,root)</onclick>
                    </item>
                </content>
            </control>
        </control>
        <control type="label">
            <include>FacadeNumItems</include>
            <label>$INFO[Container(50).NumItems] $LOCALIZE[31025]</label>
        </control>
        <control type="scrollbar" id="60">
            <animation effect="slide" start="0,0" end="-8,0" time="150">Focus</animation>
            <animation effect="slide" start="-8,0" end="0,0" time="300">UnFocus</animation>
            <posx>1899</posx>
            <posy>207</posy>
            <height>803</height>
            <include>VerticalScroller</include>
            <onleft>50</onleft>
            <onright>505050</onright>
        </control>
    </include>
    <include name="View_50_VideoExtras_BG">
        <control type="group">
            <include>ScrollOffsetLabel_50_BG</include>
            <control type="image">
                <posx>704</posx>
                <posy>125</posy>
                <width>1445</width>
                <height>1160</height>
                <include condition="!Skin.HasSetting(BlackGlassMode)">bg_tvguide</include>
                <include condition="Skin.HasSetting(BlackGlassMode)">bg_tvguide_BG</include>
            </control>
            <control type="image">
                <posx>740</posx>
                <posy>134</posy>
                <width>1180</width>
                <height>73</height>
                <texture border="3">list/bg_facade_nofocus_top.png</texture>
            </control>
            <control type="image">
                <visible>!IntegerGreaterThan(Container(51).NumItems,10)</visible>
                <posx>740</posx>
                <posy>937</posy>
                <width>1180</width>
                <height>73</height>
                <texture border="3">list/bg_facade_nofocus_top.png</texture>
            </control>
            <control type="list" id="51">
                <viewtype>Large List</viewtype>
                <posx>740</posx>
                <posy>207</posy>
                <width>1180</width>
                <height>803</height>
                <pagecontrol>60</pagecontrol>
                <onleft>51</onleft>
                <onright>60</onright>
                <onup>51</onup>
                <ondown>51</ondown>
                <preloaditems>4</preloaditems>
                <include>List_Layout_BG</include>
            </control>
        </control>
        <control type="label">
            <include>FacadeNumItems</include>
            <label>$INFO[Container(51).NumItems] $LOCALIZE[31025]</label>
        </control>
        <control type="scrollbar" id="60">
            <animation effect="slide" start="0,0" end="-8,0" time="150">Focus</animation>
            <animation effect="slide" start="-8,0" end="0,0" time="300">UnFocus</animation>
            <posx>1899</posx>
            <posy>421</posy>
            <height>586</height>
            <include>VerticalScroller</include>
            <onleft>51</onleft>
            <onright>51</onright>
        </control>
    </include>
    <include name="Info_50_Weather_BG">
        <control type="group">
            <posx>145</posx>
            <posy>115</posy>
            <control type="image">
                <posx>-21</posx>
                <posy>0</posy>
                <width>1683</width>
                <height>950</height>
                <texture border="90">common/bg_tvguide.png</texture>
            </control>
            <control type="image">
                <posx>212</posx>
                <posy>49</posy>
                <height>855</height>
                <width>250</width>
                <texture>list/bg_strip_horizontal_left.png</texture>
                <colordiffuse>90ffffff</colordiffuse>
            </control>
            <control type="image">
                <posx>463</posx>
                <posy>49</posy>
                <width>2</width>
                <height>855</height>
                <texture>list/bg_facade_vertical.png</texture>
            </control>
            <control type="image">
                <posx>18</posx>
                <posy>61</posy>
                <width>440</width>
                <height>833</height>
                <aspectratio>scale</aspectratio>
                <texture background="true">$INFO[Container(50).ListItem.Thumb]</texture>
                <include>ThumbBorder</include>
            </control>
        </control>
        <control type="group">
            <posx>609</posx>
            <posy>186</posy>
            <control type="label">
                <posx>TextMargin</posx>
                <posy>-12</posy>
                <width>660</width>
                <height>42</height>
                <font>InfoTitleFont</font>
                <textcolor>MainColor</textcolor>
                <align>left</align>
                <label>$INFO[Weather.Location]</label>
            </control>
            <control type="label" id="11">
                <posx>TextMargin</posx>
                <posy>30</posy>
                <width>660</width>
                <height>40</height>
                <font>InfoTitleSubFont</font>
                <textcolor>AlternateColor</textcolor>
                <align>left</align>
            </control>
            <control type="image">
                <posx>0</posx>
                <posy>0</posy>
                <width>1152</width>
                <height>73</height>
                <texture border="3">list/bg_facade_nofocus_top.png</texture>
            </control>
            <control type="label">
                <posx>TextMargin</posx>
                <posy>73</posy>
                <width>660</width>
                <height>71</height>
                <font>InfoDetailsFont</font>
                <textcolor>AlternateColor</textcolor>
                <label>$INFO[Container(50).ListItem.Property(Property3)]</label>
            </control>
            <control type="image">
                <posx>0</posx>
                <posy>73</posy>
                <width>576</width>
                <height>73</height>
                <texture border="3">list/bg_facade_nofocus_top.png</texture>
            </control>
            <control type="label">
                <visible>![IsEmpty(Container(50).ListItem.Property(Property4))+IsEmpty(Container(50).ListItem.Property(Property8))]</visible>
                <posx>TextMargin</posx>
                <posy>146</posy>
                <width>660</width>
                <height>71</height>
                <font>InfoDetailsFont</font>
                <textcolor>MainColor</textcolor>
                <label>$INFO[Container(50).ListItem.Property(Property4)]</label>
            </control>
            <control type="label">
                <visible>[IsEmpty(Container(50).ListItem.Property(Property4))+IsEmpty(Container(50).ListItem.Property(Property8))]</visible>
                <posx>TextMargin</posx>
                <posy>146</posy>
                <width>660</width>
                <height>71</height>
                <font>InfoDetailsFont</font>
                <textcolor>MainColor</textcolor>
                <label>$INFO[Container(50).ListItem.Property(Property1),$LOCALIZE[393]: ]</label>
            </control>
            <control type="image">
                <posx>0</posx>
                <posy>146</posy>
                <width>576</width>
                <height>73</height>
                <texture border="3">list/bg_facade_nofocus_top.png</texture>
            </control>
            <control type="label">
                <visible>![IsEmpty(Container(50).ListItem.Property(Property4))+IsEmpty(Container(50).ListItem.Property(Property8))]</visible>
                <posx>TextMargin</posx>
                <posy>219</posy>
                <width>660</width>
                <height>71</height>
                <font>InfoDetailsFont</font>
                <textcolor>AlternateColor</textcolor>
                <label>$INFO[Container(50).ListItem.Property(Property8)]</label>
            </control>
            <control type="label">
                <visible>[IsEmpty(Container(50).ListItem.Property(Property4))+IsEmpty(Container(50).ListItem.Property(Property8))]</visible>
                <posx>TextMargin</posx>
                <posy>219</posy>
                <width>660</width>
                <height>71</height>
                <font>InfoDetailsFont</font>
                <textcolor>AlternateColor</textcolor>
                <label>$INFO[Container(50).ListItem.Property(Property2),$LOCALIZE[391]: ]</label>
            </control>
            <control type="image">
                <posx>0</posx>
                <posy>219</posy>
                <width>576</width>
                <height>73</height>
                <texture border="3">list/bg_facade_nofocus_top.png</texture>
            </control>
            <control type="label">
                <posx>TextMargin</posx>
                <posy>292</posy>
                <width>660</width>
                <height>71</height>
                <font>InfoDetailsFont</font>
                <textcolor>MainColor</textcolor>
                <label>$INFO[Container(50).ListItem.Property(Property9)]</label>
            </control>
            <control type="image">
                <posx>0</posx>
                <posy>292</posy>
                <width>576</width>
                <height>73</height>
                <texture border="3">list/bg_facade_nofocus_top.png</texture>
            </control>
            <control type="label">
                <posx>TextMargin</posx>
                <posy>365</posy>
                <width>660</width>
                <height>71</height>
                <font>InfoDetailsFont</font>
                <textcolor>AlternateColor</textcolor>
                <label>$INFO[Container(50).ListItem.Property(Property5)]</label>
            </control>
            <control type="image">
                <posx>0</posx>
                <posy>365</posy>
                <width>576</width>
                <height>73</height>
                <texture border="3">list/bg_facade_nofocus_top.png</texture>
            </control>
            <control type="label">
                <posx>TextMargin</posx>
                <posy>438</posy>
                <width>660</width>
                <height>71</height>
                <font>InfoDetailsFont</font>
                <textcolor>MainColor</textcolor>
                <label>$INFO[Container(50).ListItem.Property(Property7)]</label>
            </control>
            <control type="image">
                <posx>0</posx>
                <posy>438</posy>
                <width>576</width>
                <height>73</height>
                <texture border="3">list/bg_facade_nofocus_top.png</texture>
            </control>
            <control type="label">
                <posx>TextMargin</posx>
                <posy>511</posy>
                <width>660</width>
                <height>71</height>
                <font>InfoDetailsFont</font>
                <textcolor>AlternateColor</textcolor>
                <label>$INFO[Container(50).ListItem.Property(Property10)]</label>
            </control>
            <control type="image">
                <posx>0</posx>
                <posy>511</posy>
                <width>576</width>
                <height>73</height>
                <texture border="3">list/bg_facade_nofocus_top.png</texture>
            </control>
            <control type="label">
                <posx>TextMargin</posx>
                <posy>584</posy>
                <width>660</width>
                <height>71</height>
                <font>InfoDetailsFont</font>
                <textcolor>MainColor</textcolor>
                <label>$INFO[Container(50).ListItem.Property(Property11)]</label>
            </control>
            <control type="image">
                <posx>0</posx>
                <posy>584</posy>
                <width>576</width>
                <height>73</height>
                <texture border="3">list/bg_facade_nofocus_top.png</texture>
            </control>
        </control>
    </include>
    <include name="List_Layout_Weather_BG">
        <itemlayout height="146" width="576">
            <control type="image">
                <posx>0</posx>
                <posy>73</posy>
                <width>576</width>
                <height>73</height>
                <texture border="3">list/bg_facade_nofocus.png</texture>
            </control>
            <control type="label">
                <posx>30</posx>
                <posy>0</posy>
                <height>71</height>
                <width>350</width>
                <font>InfoDetailsFont</font>
                <textcolor>ListNoFocusColor</textcolor>
                <label>$INFO[ListItem.Label]</label>
                <scroll>false</scroll>
            </control>
            <control type="label">
                <posx>30</posx>
                <posy>73</posy>
                <height>71</height>
                <width>255</width>
                <font>InfoDetailsFont</font>
                <textcolor>SublistNoFocusColor</textcolor>
                <label>$INFO[ListItem.Property(Property1)]</label>
                <scroll>false</scroll>
            </control>
            <control type="label">
                <posx>230</posx>
                <posy>73</posy>
                <height>71</height>
                <width>255</width>
                <font>InfoDetailsFont</font>
                <textcolor>ListNoFocusColor</textcolor>
                <label>$INFO[ListItem.Property(Property2)]</label>
                <scroll>false</scroll>
            </control>
            <control type="image">
                <posx>410</posx>
                <posy>0</posy>
                <height>144</height>
                <width>144</width>
                <texture>$INFO[ListItem.Property(Icon)]</texture>
                <aspectratio>keep</aspectratio>
            </control>
        </itemlayout>
        <focusedlayout height="146" width="576">
            <control type="image">
                <posx>0</posx>
                <posy>0</posy>
                <height>146</height>
                <width>576</width>
                <include>FacadeFocus</include>
            </control>
            <control type="label">
                <posx>30</posx>
                <posy>0</posy>
                <height>71</height>
                <width>350</width>
                <font>InfoDetailsFont</font>
                <textcolor>ListFocusColor</textcolor>
                <label>$INFO[ListItem.Label]</label>
            </control>
            <control type="label">
                <posx>30</posx>
                <posy>73</posy>
                <height>71</height>
                <width>255</width>
                <font>InfoDetailsFont</font>
                <textcolor>SublistFocusColor</textcolor>
                <label>$INFO[ListItem.Property(Property1)]</label>
            </control>
            <control type="label">
                <posx>230</posx>
                <posy>73</posy>
                <height>71</height>
                <width>255</width>
                <font>InfoDetailsFont</font>
                <textcolor>ListFocusColor</textcolor>
                <label>$INFO[ListItem.Property(Property2)]</label>
            </control>
            <control type="image">
                <posx>410</posx>
                <posy>0</posy>
                <height>144</height>
                <width>144</width>
                <texture>$INFO[ListItem.Property(Icon)]</texture>
                <aspectratio>keep</aspectratio>
            </control>
        </focusedlayout>
    </include>
    <include name="View_50_Weather_BG">
        <control type="group">
            <posx>1185</posx>
            <posy>259</posy>
            <control type="image">
                <posx>0</posx>
                <posy>0</posy>
                <height>760</height>
                <width>250</width>
                <texture flipx="true">list/bg_strip_horizontal_left.png</texture>
                <colordiffuse>90ffffff</colordiffuse>
            </control>
            <control type="image">
                <posx>0</posx>
                <posy>0</posy>
                <width>2</width>
                <height>760</height>
                <texture>list/bg_facade_vertical.png</texture>
            </control>
            <control type="list" id="50">
                <viewtype label="31092">Low List</viewtype>
                <posx>0</posx>
                <posy>0</posy>
                <width>576</width>
                <height>730</height>
                <onleft>9000</onleft>
                <onright>60</onright>
                <onup>50</onup>
                <ondown>50</ondown>
                <pagecontrol>60</pagecontrol>
                <preloaditems>4</preloaditems>
                <include>List_Layout_Weather_BG</include>
                <include>WeatherContent</include>
            </control>
            <control type="scrollbar" id="60">
                <posx>545</posx>
                <posy>0</posy>
                <height>730</height>
                <include>VerticalScroller</include>
                <onleft>50</onleft>
                <onright>505050</onright>
            </control>
        </control>
    </include>
    <include name="View_570_EventLog_BG">
        <control type="group">
            <include>ScrollOffsetLabel_50_BG</include>
            <control type="group">
                <control type="image">
                    <posx>704</posx>
                    <posy>125</posy>
                    <width>1445</width>
                    <height>1160</height>
                    <include condition="!Skin.HasSetting(BlackGlassMode)">bg_tvguide</include>
                    <include condition="Skin.HasSetting(BlackGlassMode)">bg_tvguide_BG</include>
                </control>
                <control type="image">
                    <posx>740</posx>
                    <posy>134</posy>
                    <width>1180</width>
                    <height>73</height>
                    <texture border="3">list/bg_facade_nofocus_top.png</texture>
                </control>
                <control type="image">
                    <visible>!IntegerGreaterThan(Container(570).NumItems,10)</visible>
                    <posx>740</posx>
                    <posy>937</posy>
                    <width>1180</width>
                    <height>73</height>
                    <texture border="3">list/bg_facade_nofocus_top.png</texture>
                </control>
                <control type="list" id="570">
                    <viewtype label="535">Large List</viewtype>
                    <posx>740</posx>
                    <posy>207</posy>
                    <width>1180</width>
                    <height>803</height>
                    <pagecontrol>60</pagecontrol>
                    <onleft>6060</onleft>
                    <onright>60</onright>
                    <onup>570</onup>
                    <ondown>570</ondown>
                    <preloaditems>4</preloaditems>
                    <include>List_Layout_BG</include>
                </control>
            </control>
            <control type="label">
                <include>FacadeNumItems</include>
                <label>$INFO[Container.NumItems] $LOCALIZE[31025]</label>
            </control>
            <control type="scrollbar" id="60">
                <animation effect="slide" start="0,0" end="-8,0" time="150">Focus</animation>
                <animation effect="slide" start="-8,0" end="0,0" time="300">UnFocus</animation>
                <posx>1899</posx>
                <posy>207</posy>
                <height>803</height>
                <include>VerticalScroller</include>
                <onleft>570</onleft>
                <onright>505050</onright>
            </control>
        </control>
    </include>
    <include name="Info_570_EventLog_BG">
        <control type="group">
            <visible>!IsEmpty(ListItem.Property(Event.Description))</visible>
            <include>Icon_Fade</include>
            <posy>37</posy>
            <control type="image">
                <posx>18</posx>
                <posy>110</posy>
                <width>704</width>
                <height>518</height>
                <aspectratio align="left" aligny="top" scalediffuse="false">keep</aspectratio>
                <include>PosterThumb</include>
                <include>ThumbBorder</include>
            </control>
            <control type="group">
                <posx>0</posx>
                <posy>116</posy>
                <control type="group">
                    <posy>420</posy>
                    <control type="textbox">
                        <posx>TextMargin</posx>
                        <posy>130</posy>
                        <width>635</width>
                        <height>325</height>
                        <font>InfoPlotFont</font>
                        <textcolor>MainColor</textcolor>
                        <label>$INFO[ListItem.Property(Event.Description)]</label>
                        <pagecontrol>6060</pagecontrol>
                    </control>
                    <control type="scrollbar" id="6060">
                        <visible>Skin.HasSetting(ManualScroll)</visible>
                        <posx>680</posx>
                        <posy>130</posy>
                        <height>325</height>
                        <include>VerticalScroller</include>
                        <onleft>9000</onleft>
                        <onright>570</onright>
                    </control>
                </control>
            </control>
        </control>
    </include>
    <include name="DetatchedThumb_50_BG">
        <control type="group">
            <visible>Control.IsVisible(50)</visible>
            <include>Icon_Fade</include>
            <posy>37</posy>
            <!-- CDART MUSIC -->
            <include name="DiscArt">
                <param name="visible" value="!IsEmpty(ListItem.Thumb)+[Container.content(albums)|Container.content(songs)]"/>
                <param name="x" value="320"/>
                <param name="y" value="187"/>
                <param name="width" value="364"/>
                <param name="height" value="364"/>
                <param name="texture" value="$VAR[MusicCdArt]"/>
            </include>
            <!-- CDART VIDEO -->
            <include name="DiscArt">
                <param name="visible" value="!IsEmpty(ListItem.Thumb)+[Container.content(movies)|Container.content(MusicVideos)|Window.IsVisible(MyVideoPlaylist.xml)]"/>
                <param name="x" value="138"/>
                <param name="y" value="137"/>
                <param name="width" value="464"/>
                <param name="height" value="464"/>
                <param name="texture" value="$VAR[VideoCdArt]"/>
            </include>
            <control type="image">
                <posx>18</posx>
                <posy>110</posy>
                <width>704</width>
                <height>518</height>
                <include>DetatchedThumb</include>
            </control>
        </control>
    </include>
</includes>
