﻿<?xml version="1.0" encoding="UTF-8" standalone="yes"?>
<addon id="repository.lahav" name="Lahav repository" version="1.0.7" provider-name="Amos lahav">
	<extension point="xbmc.addon.repository" name="kodi lahav repository">
			<info compressed="false">https://raw.githubusercontent.com/amshpitz/repository.lahav/master/addons.xml</info>
			<checksum>https://raw.githubusercontent.com/amshpitz/repository.lahav/master/addons.xml.md5</checksum>
			<datadir zip="true">https://github.com/amshpitz/repository.lahav/raw/master/Zips/</datadir>
	</extension>
	<extension point="xbmc.addon.metadata">
		<summary lang="en">kodi Amos Lahav repo</summary>
		<description>kodi Amos Lahav repo</description>
		<platform>all</platform>
	</extension>
</addon>

