<?xml version="1.0" encoding="UTF-8"?>
<window id="20">
    <backgroundcolor>lightgray</backgroundcolor>
    <defaultcontrol always="true">50</defaultcontrol>
    <allowoverlay>no</allowoverlay>
    <controls>
        <include>Background</include>
        <control type="group" description="Slider and List">
            <include>SlimListItemCount</include>
            <left>1020</left>
            <top>131</top>
            <control type="fixedlist" id="50">
                <width>802</width>
                <height>891</height>
                <onleft>9000</onleft>
                <onright condition="!Skin.HasSetting(Scrollbars_Active)">60</onright>
                <onright condition="!Skin.HasSetting(Scrollbars_Active)">9000</onright>
                <onup>50</onup>
                <ondown>50</ondown>
                <pagecontrol>60</pagecontrol>
                <viewtype label="50">List</viewtype>
                <focusposition>5</focusposition>
                <movement>5</movement>
                <preloaditems>4</preloaditems>
                <scrolltime tween="sine" easing="inout">280</scrolltime>
                <itemlayout width="802" height="81">
                    <control type="image">
                        <height>70</height>
                        <width>805</width>
                        <include>right_listpanel_unfocused</include>
                    </control>
                    <include>Arrow</include>
                    <control type="label" description="Main Label">
                        <width max="720">auto</width>
                        <include>52MainLabel</include>
                        <label>$INFO[ListItem.Label]</label>
                    </control>
                    <control type="label" description="Label2">
                        <visible>!ListItem.IsFolder</visible>
                        <left>45</left>
                        <top>0</top>
                        <height>81</height>
                        <width>300</width>
                        <align>left</align>
                        <font>size27</font>
                        <scroll>false</scroll>
                        <textcolor>blue</textcolor>
                        <label>$INFO[ListItem.Label2]</label>
                    </control>
                </itemlayout>
                <focusedlayout width="802" height="81">
                    <control type="group">
                        <animation effect="zoom" time="120" start="100" end="105" center="auto" tween="Back" easing="Out">Focus</animation>
                        <control type="image">
                            <top>12</top>
                            <left>-50</left>
                            <height>70</height>
                            <width>905</width>
                            <include>right_listpanel_focused_shadow</include>
                        </control>
                        <control type="image">
                            <height>70</height>
                            <width>805</width>
                            <include>right_listpanel_focused</include>
                        </control>
                        <include>Arrow</include>
                        <control type="label" description="Main Label">
                            <width max="720">auto</width>
                            <include>52MainLabelFO</include>
                            <label>$INFO[ListItem.Label]</label>
                        </control>
                        <control type="label" description="Label2">
                            <visible>!ListItem.IsFolder</visible>
                            <animation effect="fade" time="300" start="50" end="100" delay="100">Focus</animation>
                            <left>45</left>
                            <top>0</top>
                            <height>81</height>
                            <width>300</width>
                            <align>left</align>
                            <font>size27</font>
                            <textcolor>blue</textcolor>
                            <label>$INFO[ListItem.Label2]</label>
                        </control>
                    </control>
                </focusedlayout>
            </control>
        </control>
        <control type="scrollbar" id="60">
            <left>39r</left>
            <top>135</top>
            <height>870</height>
            <onleft>50</onleft>
            <onright>noop</onright>
        </control>
        <include>WindowsTopInfos</include>
        <include>Left_Panel_Addons</include>
        <control type="group" description="Side menu 9000 group">
            <visible allowhiddenfocus="true">ControlGroup(9000).HasFocus()</visible>
            <include>DialogOpenCloseVisible</include>
            <control type="image" description="List back">
                <centerleft>960</centerleft>
                <centertop>540</centertop>
                <width>802</width>
                <height>706</height>
                <aspectratio>stretch</aspectratio>
                <texture border="50">images/ContextMenu.png</texture>
            </control>
            <control type="grouplist" id="9000">
                <height>780</height>
                <top>150</top>
                <align>center</align>
                <include>DialogGLs</include>
                <control type="button" id="9">
                    <description>Check for updates</description>
                    <include>DialogButt</include>
                    <label>$LOCALIZE[24034]</label>
                </control>					
                <control type="button" id="5" description="Updates">
                    <include>DialogButt</include>
                    <label>$LOCALIZE[24063]: $LOCALIZE[1223]</label>
                    <altlabel>$LOCALIZE[24063]: $LOCALIZE[305]</altlabel>
                </control>
                <control type="togglebutton" id="6" description="Notifications">
                    <include>DialogButt</include>
                    <label>$LOCALIZE[25000]: $LOCALIZE[1223]</label>
                    <altlabel>$LOCALIZE[25000]: $LOCALIZE[305]</altlabel>
                </control>
                <control type="button" id="3" description="Sort">
                    <include>DialogButt</include>
                </control>				
                <control type="radiobutton" id="7" description="language filter">
                    <include>DialogButt</include>
                    <label>25001</label>
                </control>
                <control type="radiobutton" id="8" description="Hide Broken">
                    <include>DialogButt</include>
                    <label>24999</label>
                </control>
                <control type="button" id="699" description="Playing">
                    <enable>Player.HasMedia</enable>
                    <include>DialogButt</include>
                    <label>$LOCALIZE[31055]</label>
                    <onclick>fullscreen</onclick>
                </control>
            </control>
        </control>
        <control type="label">
            <description>Page Count Label</description>
            <left>40r</left>
            <top>50r</top>
            <width>500</width>
            <height>20</height>
            <font>font12</font>
            <textcolor>Grey</textcolor>
            <scroll>false</scroll>
            <align>right</align>
            <aligny>center</aligny>
            <label>$LOCALIZE[31000] ([COLOR=Grey]$INFO[Container.CurrentPage]/$INFO[Container.NumPages][/COLOR])</label>
        </control>
    </controls>
</window>
