<?xml version="1.0" encoding="UTF-8" standalone="yes"?>
<addon id="plugin.video.lahavSelected" name="Lahav Selected Addons" version="1.0.2" provider-name="Amos Lahav">
  <requires>
    <import addon="xbmc.python" version="2.1.0"/>
    <import addon="plugin.video.youtube"/>
    <import addon="repository.kodi-senyor"/>
    <import addon="repository.abeksis"/>
    <import addon="repository.exodus"/>
    <import addon="repository.featherence"/>
    <import addon="repository.kodil"/>
    <import addon="repository.nirepo"/>
    <import addon="repository.RoiD"/>
    <import addon="repository.TheWiz"/>
    <import addon="repository.ToMeRepo"/>
    <import addon="repository.xbmchub"/>
    <import addon="repository.xbmc-israel"/>

  </requires>
  <extension point="xbmc.python.pluginsource" library="addon.py">
    <provides>video</provides>
  </extension>
  <extension point="xbmc.addon.metadata">
    <language>he</language>
    <summary lang="he">addons נבחרים</summary>
    <description lang="he">addons נבחרים</description>
    <disclaimer lang="en">kodi Lahav Is Not Affiliated With The Content In This Addon</disclaimer>
    <platform>all</platform>
  </extension>
</addon>
