<?xml version="1.0" encoding="UTF-8" standalone="yes"?>
<addon id="plugin.program.ATools" name="Assassins Tools" version="0.0.2" provider-name="Aftermath">
  <requires>
    <import addon="xbmc.python" version="2.1.0"/>
    <import addon="repository.tvguides" /> 
  </requires>
  <extension point="xbmc.python.pluginsource" library="default.py">
    <provides>executable</provides>
  </extension>
  <extension point="xbmc.service" library="startup.py" start="startup" />
  <extension point="xbmc.addon.metadata">
    <summary lang="en">Assassins Tools</summary>
    <description lang="en">Assassins Tools using Aftermath Wizard.</description>
    <platform>all</platform>
  </extension>
</addon>