<?xml version='1.0' encoding='UTF-8'?>
<shortcuts>
    <shortcut>
        <defaultID>744</defaultID>
        <label>744</label>
        <label2>Pictures</label2>
        <icon>DefaultFolder.png</icon>
        <thumb/>
        <action>ActivateWindow(Pictures,Files,return)</action>
    </shortcut>
    <shortcut>
		<defaultID>1039</defaultID>
		<label>1039</label>
		<label2>Pictures</label2>
		<icon>DefaultAddonPicture.png</icon>
		<thumb />
		<action>ActivateWindow(Pictures,Addons,return)</action>
	</shortcut>
</shortcuts>
