<?xml version="1.0" encoding="utf-8"?>
<shortcuts>
    <shortcut>
        <defaultID>19019</defaultID>
        <label>19019</label>
        <label2>Radio</label2>
        <icon>DefaultAudio.png</icon>
        <thumb/>
        <action>ActivateWindow(RadioChannels)</action>
    </shortcut>
    <shortcut>
        <defaultID>22020</defaultID>
        <label>22020</label>
        <label2>Radio</label2>
        <icon>DefaultAudio.png</icon>
        <thumb/>
        <action>ActivateWindow(RadioGuide)</action>
    </shortcut>
    <shortcut>
        <defaultID>19163</defaultID>
        <label>19163</label>
        <label2>Radio</label2>
        <icon>DefaultAudio.png</icon>
        <thumb/>
        <action>ActivateWindow(RadioRecordings)</action>
    </shortcut>
    <shortcut>
        <defaultID>19040</defaultID>
        <label>19040</label>
        <label2>Radio</label2>
        <icon>DefaultAudio.png</icon>
        <thumb/>
        <action>ActivateWindow(RadioTimers)</action>
    </shortcut>
    <shortcut>
        <defaultID>137</defaultID>
        <label>137</label>
        <label2>Radio</label2>
        <icon>DefaultAudio.png</icon>
        <thumb/>
        <action>ActivateWindow(RadioSearch)</action>
    </shortcut>
</shortcuts>
