<?xml version="1.0" encoding="UTF-8" standalone="yes"?>
<addon id="plugin.program.lahavtools" name="lahav tools" version="1.4.4" provider-name="kodi senyor lahav">
  <requires>
    <import addon="xbmc.python" version="2.1.0"/>
	<import addon="script.module.addon.common" />
  </requires>
  <extension point="xbmc.python.pluginsource" library="default.py">
        <provides>executable</provides>
  </extension>
  <extension point="xbmc.addon.metadata">
    <summary lang="en">kodi lahav tools and tweaks</summary>
    <description lang="he">הרחבה של קודי סניור עם תוספת של להב עמוס התקנה והגדרות של קודי בקליק אחד</description>
    <platform>all</platform>
  </extension>
</addon>
