<?xml version="1.0" encoding="UTF-8" standalone="yes"?>
<addon id="plugin.video.lahavSelected" name="Lahav Selected Addons" version="1.0.5" provider-name="Amos Lahav">
  <requires>
    <import addon="xbmc.python" version="2.1.0"/>
    <import addon="plugin.video.youtube"/>

  </requires>
  <extension point="xbmc.python.pluginsource" library="addon.py">
    <provides>video</provides>
  </extension>
  <extension point="xbmc.addon.metadata">
    <language>he</language>
    <summary lang="he">addons נבחרים</summary>
    <description lang="he">addons נבחרים</description>
    <disclaimer lang="en">kodi Lahav Is Not Affiliated With The Content In This Addon</disclaimer>
    <platform>all</platform>
  </extension>
</addon>
