<?xml version="1.0" encoding="UTF-8" standalone="yes"?>
<addon id="plugin.program.lahavtools" name="lahav tools" version="1.4.6" provider-name="lahav">
  <requires>
    <import addon="xbmc.python" version="2.1.0"/>
	<import addon="script.module.addon.common" />
  </requires>
  <extension point="xbmc.python.pluginsource" library="default.py">
        <provides>executable</provides>
  </extension>
  <extension point="xbmc.addon.metadata">
    <summary lang="en">Lahav tools and tweaks</summary>
    <description lang="he">הרחבה ייחודית המאפשרת התקנת ותחזוקת מערכת בקליק אחד בעזרת קובי סיניור</description>
    <platform>all</platform>
  </extension>
</addon>
