<?xml version="1.0" encoding="UTF-8" standalone="yes"?>
<addon id="repository.ToMeRepo" name=".[COLOR red].ToMeR [/COLOR][COLOR yellow] Repository®[/COLOR]" version="1.0.10" provider-name="ToMeR">
    <extension point="xbmc.addon.repository" name="ToMeRepo">
        <info compressed="false">https://raw.githubusercontent.com/tmkodirepo/repository.ToMeRepo2/master/addons.xml</info>
		<checksum>https://raw.githubusercontent.com/tmkodirepo/repository.ToMeRepo2/master/addons.xml.md5</checksum>
		<datadir zip="true">https://raw.githubusercontent.com/tmkodirepo/repository.ToMeRepo2/master/repo</datadir>
    </extension>
    <extension point="xbmc.addon.metadata">
        <summary>ToMeRepo</summary>
        <description>פה תמצאו הרחבות לקודי שעברו בדיקה מדוקדקת , מכל הרפויים הקיימים שיש ,מאגר קטן זמין ומתעדכן באופן שוטף</description>
        <platform>all</platform>
    </extension>
</addon>
