<?xml version="1.0" encoding="utf-8"?>
<colors>
    <color name="MainColor">FFFFFFFF</color>
    <color name="AlternateColor">FFaaaaaa</color>
    <color name="AlternateBrightColor">FFcccccc</color>
    <color name="SelectedColor">ff6dc3ff</color>
    <color name="DisabledColor">FF606060</color>
    <color name="ListFocusColor">FFFFFFFF</color>
    <color name="SublistFocusColor">FFcccccc</color>
    <color name="ListNoFocusColor">FFaaaaaa</color>
    <color name="SublistNoFocusColor">FF777777</color>
    <color name="FacadeNumItemsColor">FFcccccc</color>
    <color name="WindowTitleColor">70FFFFFF</color>
    <color name="WindowTitleSubColor">55ffffff</color>
    <color name="NoFocusedColor">90ffffff</color>
    <color name="NoFocusedProgressColor">45ffffff</color>
    <color name="FocusedProgressColor">90ffffff</color>
    <color name="EmptyThumbColor">ffffffff</color>
    <color name="UnfocusedIconColor">ffffffff</color>
    <color name="WarningColor">FFfe3737</color>
    <color name="ShadowColor">FF000000</color>
    <!-- ADDON COMPATIBILITY -->
    <color name="white">FFFFFFFF</color>
    <color name="grey">FFaaaaaa</color>
    <color name="black">FF000000</color>
    <color name="blue">FFcccccc</color>
    <color name="red">FFff0000</color>
    <color name="grey2">FF999999</color>
    <color name="grey3">FF505050</color>
    <!-- CUSTOMIZATION -->
    <color name="ListFocusColor_fuchsia">FFFF0000</color>
    <color name="SubListFocusColor_fuchsia">FFcc0000</color>
    <color name="ListFocusColor_azure">FFFF0000</color>
    <color name="SubListFocusColor_azure">FFcc0000</color>
    <color name="ListFocusColor_blue">FFFF0000</color>
    <color name="SubListFocusColor_blue">FFcc0000</color>
    <color name="ListFocusColor_green">FFFF0000</color>
    <color name="SubListFocusColor_green">FFcc0000</color>
    <color name="ListFocusColor_red">FFFF0000</color>
    <color name="SubListFocusColor_red">FFcc0000</color>
    <color name="ListFocusColor_violet">FFFF0000</color>
    <color name="SubListFocusColor_violet">FFcc0000</color>
    <color name="ListFocusColor_white">FFFF0000</color>
    <color name="SubListFocusColor_white">FFcc0000</color>
    <color name="ListFocusColor_yellow">FFFF0000</color>
    <color name="SubListFocusColor_yellow">FFcc0000</color>
</colors>
