<?xml version="1.0" encoding="utf-8"?>
<shortcuts>
    <shortcut>
        <defaultID>programs</defaultID>
        <label>10001</label>
        <label2>Common Shortcut</label2>
        <icon>DefaultShortcut.png</icon>
        <thumb/>
        <action>ActivateWindow(Programs,Addons,return)</action>
    </shortcut>
    <shortcut>
        <defaultID>1037</defaultID>
        <label>1037</label>
        <label2>Videos</label2>
        <icon>DefaultShortcut.png</icon>
        <thumb/>
        <action>ActivateWindow(Videos,Addons,return)</action>
    </shortcut>
    <shortcut>
        <defaultID>1038</defaultID>
        <label>1038</label>
        <label2>Music</label2>
        <icon>DefaultShortcut.png</icon>
        <thumb/>
        <action>ActivateWindow(MusicLibrary,Addons,return)</action>
    </shortcut>
    <shortcut>
        <defaultID>1039</defaultID>
        <label>1039</label>
        <label2>Pictures</label2>
        <icon>DefaultShortcut.png</icon>
        <thumb/>
        <action>ActivateWindow(Pictures,Addons,return)</action>
    </shortcut>
    <shortcut>
        <defaultID>addonbrowser</defaultID>
        <label>10040</label>
        <label2>Custom Shortcut</label2>
        <icon>DefaultShortcut.png</icon>
        <thumb/>
        <action>ActivateWindow(addonbrowser)</action>
    </shortcut>
</shortcuts>
