<?xml version="1.0" encoding="utf-8"?>
<shortcuts>
    <shortcut>
        <defaultID>20386</defaultID>
        <label>20386</label>
        <label2>Videos</label2>
        <icon>DefaultRecentlyAddedMovies.png</icon>
        <thumb/>
        <action>ActivateWindow(Videos,RecentlyAddedMovies,return)</action>
    </shortcut>
    <shortcut>
        <defaultID>20434</defaultID>
        <label>20434</label>
        <label2>Movies</label2>
        <icon>DefaultSets.png</icon>
        <thumb/>
        <action>ActivateWindow(Videos,MovieSets,return)</action>
    </shortcut>
    <shortcut>
        <defaultID>369</defaultID>
        <label>369</label>
        <label2>Movies</label2>
        <icon>DefaultMovieTitle.png</icon>
        <thumb/>
        <action>ActivateWindow(Videos,MovieTitles,return)</action>
    </shortcut>
    <shortcut>
        <defaultID>135</defaultID>
        <label>135</label>
        <label2>Movies</label2>
        <icon>DefaultGenre.png</icon>
        <thumb/>
        <action>ActivateWindow(Videos,MovieGenres,return)</action>
    </shortcut>
    <shortcut>
        <defaultID>562</defaultID>
        <label>562</label>
        <label2>Movies</label2>
        <icon>DefaultYear.png</icon>
        <thumb/>
        <action>ActivateWindow(Videos,MovieYears,return)</action>
    </shortcut>
    <shortcut>
        <defaultID>344</defaultID>
        <label>344</label>
        <label2>Movies</label2>
        <icon>DefaultActor.png</icon>
        <thumb/>
        <action>ActivateWindow(Videos,MovieActors,return)</action>
    </shortcut>
    <shortcut>
        <defaultID>20459</defaultID>
        <label>20459</label>
        <label2>Movies</label2>
        <icon>DefaultShortcut.png</icon>
        <thumb/>
        <action>ActivateWindow(Videos,MovieTags,return)</action>
    </shortcut>
    <shortcut>
        <defaultID>136</defaultID>
        <label>136</label>
        <label2>Videos</label2>
        <icon>DefaultShortcut.png</icon>
        <thumb/>
        <action>ActivateWindow(Videos,Playlists,return)</action>
    </shortcut>
</shortcuts>
