<?xml version="1.0" encoding="UTF-8"?>
<window id="136">  
  <coordinates>
    <left>0</left>
    <top>0</top>
  </coordinates>
  <include>OpenClose</include>
  <controls>
	<control type="group" description="BUSY DIALOG">
	<visible>!Window.IsActive(dialogprogress.xml)</visible> <!-- BUSY dialog OVERLAPS PROGRESS dialog -->
		<control type="image" description="Busy BG">
		  <left>0</left>
		  <top>0</top>
		  <width>1920</width>
		  <height>1080</height>
		  <texture>busy/BusyBG.png</texture>
		  <aspectratio>stretch</aspectratio>
		</control>
		<control type="group">
		  <left>832</left>
		  <top>412</top>
		  <control type="multiimage" description="Busy animation">
			<width>256</width>
			<height>256</height>
			<imagepath>busy/multi</imagepath>
			<timeperimage>85</timeperimage>
			<fadetime>0</fadetime>
			<loop>yes</loop>
			<aspectratio>keep</aspectratio>
		  </control>
		</control>
		<control type="progress" id="10">
		  <left>735</left>
		  <top>650</top>
		  <width>450</width>
		  <height>8</height>
		  <texturebg>MusicOSD/ProgressBG.png</texturebg>
		  <midtexture>MusicOSD/ProgressM.png</midtexture>
		  <righttexture>MusicOSD/ProgressR.png</righttexture>
		  <lefttexture>MusicOSD/ProgressL.png</lefttexture>
		</control>
	</control>
  </controls>
</window>
