<?xml version="1.0" encoding="UTF-8" standalone="yes"?>
<addon id="plugin.video.AresMoTV"
	   name="AresMoTV"
	   version="3.6"
	   provider-name="2uk3y-Kodim-Ares-Streams">
  <requires>
    <import addon="script.module.metahandler" optional="true" />
  </requires>
  <extension point="xbmc.python.pluginsource"
			 library="AresMoTV.py">
    	<provides>video</provides>
  </extension>
  <extension point="xbmc.addon.metadata">
    <summary>Watch Movies &amp; TV Shows Online For Free</summary>
    <description>Watch Your Favorite Movies &amp; TV Shows Online For Free</description>
    <description>2uk3y-Kodim-Ares-Streams</description>
    <platform>all</platform>
  </extension>
</addon>
