<views>
    <view id="list" value="50" languageid="535" type="movies,setmovies,tvshows,musicvideos,seasons,sets,episodes,artists,albums,songs,tvchannels,tvrecordings,programs,pictures"/>
    <view id="cardlist" value="5050" languageid="31095" type="movies,setmovies,tvshows,musicvideos,seasons,sets,episodes,artists,albums,songs,programs,pictures"/>
    <view id="panel" value="51" languageid="31090" type="movies,setmovies,tvshows,musicvideos,seasons,sets,episodes,artists,albums,songs,programs,pictures"/>
    <view id="biglist" value="52" languageid="31091" type="movies,setmovies,tvshows,musicvideos,seasons,sets,episodes,artists,albums,songs,tvchannels,tvrecordings,programs,pictures"/>
    <view id="grid" value="53" languageid="536" type="movies,setmovies,tvshows,musicvideos,seasons,sets,episodes,artists,albums,songs,programs,pictures"/>
    <view id="lowlist" value="54" languageid="31092" type="movies,setmovies,tvshows,musicvideos,seasons,sets,episodes,artists,albums,songs,tvchannels,tvrecordings,programs,pictures"/>
    <view id="bigpanel" value="55" languageid="31093" type="movies,setmovies,tvshows,musicvideos,seasons,sets,episodes,artists,albums,songs,programs,pictures"/>
    <view id="bannerlist" value="56" languageid="31095" type="movies,setmovies,tvshows,musicvideos,seasons,sets,episodes"/>
    <view id="showcaseposter" value="59" languageid="20445" type="movies,setmovies,tvshows,musicvideos,seasons,sets"/>
    <view id="showcasesquare" value="58" languageid="20445" type="artists,albums,songs"/>
    <view id="showcaseepisode" value="57" languageid="20445" type="episodes"/>
</views>