<?xml version="1.0" encoding="UTF-8" standalone="yes"?>
<addon id="plugin.program.senyorwizard" name="Senyor Wizard" version="2.0.0" provider-name="kodi senyor">
	<requires>
		<import addon="xbmc.python" version="2.1.0"/>
	    <import addon="script.module.addon.common" />
	</requires>
	<extension point="xbmc.python.pluginsource" library="yt.py">
		<provides>executable</provides>
	</extension>
	<extension point="xbmc.addon.metadata">
		<summary></summary>
		<description>Senyor Wizard</description>
		<platform>all</platform>
	</extension>
</addon>