<?xml version="1.0" encoding="utf-8"?>
<window>
    <defaultcontrol always="true">50</defaultcontrol>
    <menucontrol>9000</menucontrol>
    <include>ViewModes</include>
    <include condition="!Skin.HasSetting(BlackGlassMode)|Skin.HasSetting(DisableSlidingAnimations)">OpenClose</include>
    <controls>
        <include>Fanart_Art</include>
        <include>Player_Show</include>
        <include>Time</include>
        <include>InfoBackground</include>
        <control type="label">
            <include condition="Skin.HasSetting(BlackGlassMode)+!Skin.HasSetting(DisableSlidingAnimations)">OpenCloseSlideRight</include>
            <include>WindowTitle</include>
            <label>$LOCALIZE[10040]</label>
        </control>
        <control type="label">
            <include condition="Skin.HasSetting(BlackGlassMode)+!Skin.HasSetting(DisableSlidingAnimations)">OpenCloseSlideRight</include>
            <include>WindowTitleSub</include>
            <label>$VAR[GlobalSubTitles]</label>
        </control>
        <!-- BGN -->
        <control type="group">
            <visible>!Skin.HasSetting(BlackGlassMode)</visible>
            <animation effect="slide" tween="circle" easing="out" time="250" start="0,0" end="-2690,0" condition="Control.HasFocus(505050)">conditional</animation>
            <include condition="!Skin.HasSetting(BlackGlassMode)">View_50</include>
            <include condition="!Skin.HasSetting(BlackGlassMode)">Info_50_List</include>
            <include condition="!Skin.HasSetting(BlackGlassMode)">View_51_Panel</include>
            <include condition="!Skin.HasSetting(BlackGlassMode)">Info_51_Panel</include>
            <include condition="!Skin.HasSetting(BlackGlassMode)">View_52_BigList</include>
            <include condition="!Skin.HasSetting(BlackGlassMode)">Info_52_BigList</include>
            <include condition="!Skin.HasSetting(BlackGlassMode)">View_53_Grid</include>
            <include condition="!Skin.HasSetting(BlackGlassMode)">View_54_LowList</include>
            <include condition="!Skin.HasSetting(BlackGlassMode)">Info_54_LowList</include>
            <include condition="!Skin.HasSetting(BlackGlassMode)">View_55_BigPanel</include>
            <include condition="!Skin.HasSetting(BlackGlassMode)">Info_55_BigPanel</include>
            <include condition="!Skin.HasSetting(BlackGlassMode)">View_59_Showcase</include>
            <include condition="!Skin.HasSetting(BlackGlassMode)">View_5050_CardList</include>
            <!-- COMMON -->
            <control type="group">
                <visible>[StringCompare(ListItem.Label,..)+
                    ![Control.IsVisible(5050)|Control.IsVisible(53)|Control.IsVisible(57)|Control.IsVisible(58)|Control.IsVisible(59)]]|
                    [[Control.IsVisible(50)|Control.IsVisible(51)|Control.IsVisible(52)|Control.IsVisible(54)|Control.IsVisible(55)]+IsEmpty(ListItem.Property(Addon.Description))+IsEmpty(ListItem.Plot)]|
                    [control.hasfocus(60)+[Control.IsVisible(50)|Control.IsVisible(52)|Control.IsVisible(54)]]</visible>
                <include>Icon_Fade</include>
                <include>DetatchedThumb_50</include>
                <include>DetatchedThumb_51</include>
                <include>DetatchedThumb_52</include>
                <include>DetatchedThumb_54</include>
                <include>DetatchedThumb_55</include>
            </control>
        </control>
        <!-- BG -->
        <control type="group">
            <visible>Skin.HasSetting(BlackGlassMode)</visible>
            <control type="group">
                <animation effect="slide" tween="circle" easing="out" time="250" start="0,0" end="580,0" condition="[ControlGroup(9000).HasFocus()|Control.HasFocus(8999)]+!Skin.HasSetting(DisableSlidingAnimations)">conditional</animation>
                <animation effect="slide" tween="circle" easing="out" time="250" start="0,0" end="-2090,0" condition="Control.HasFocus(505050)">conditional</animation>
                <include condition="!Skin.HasSetting(DisableSlidingAnimations)">OpenCloseSlideRight</include>
                <include condition="Skin.HasSetting(BlackGlassMode)">View_50_BG</include>
                <include condition="Skin.HasSetting(BlackGlassMode)">Info_50_List_BG</include>
                <include condition="Skin.HasSetting(BlackGlassMode)">View_53_Grid</include>
                <include condition="Skin.HasSetting(BlackGlassMode)">View_55_BigPanel_BG</include>
                <include condition="Skin.HasSetting(BlackGlassMode)">Info_55_BigPanel_BG</include>
                <include condition="Skin.HasSetting(BlackGlassMode)">View_59_Showcase</include>
                <include condition="Skin.HasSetting(BlackGlassMode)">View_5050_CardList</include>
                <!-- COMMON -->
                <control type="group">
                    <visible>[StringCompare(ListItem.Label,..)+
                        ![Control.IsVisible(5050)|Control.IsVisible(53)|Control.IsVisible(57)|Control.IsVisible(58)|Control.IsVisible(59)]]
                        |[[Control.IsVisible(50)|Control.IsVisible(55)]+IsEmpty(ListItem.Property(Addon.Description))+IsEmpty(ListItem.Plot)]</visible>
                    <include>Icon_Fade</include>
                    <include>DetatchedThumb_50_BG</include>
                    <include>DetatchedThumb_55_BG</include>
                    <include>DetatchedThumb_56_BG</include>
                </control>
            </control>
        </control>
        <include>FooterInfo</include>
        <!-- SIDE MENU -->
        <control type="group">
            <visible>!Skin.HasSetting(EnableKioskMode)</visible>
            <include>LeftMenu</include>
            <control type="label">
                <include>LeftMenuTitleLabel</include>
                <label>$LOCALIZE[582]</label>
            </control>
            <control type="grouplist" id="9000">
                <include>LeftMenuButtonGroup</include>
                <onleft>9000</onleft>
                <onright>50</onright>
                <onup>9000</onup>
                <ondown>9000</ondown>
                <onback>50</onback>
                <include>9000GrouplistParameters</include>
                <control type="button" id="3">
                    <description>Sort by button</description>
                    <include>LeftMenuButton</include>
                    <label>$LOCALIZE[103]</label>
                </control>
                <control type="togglebutton" id="4">
                    <description>Sort asc</description>
                    <include>LeftMenuButton</include>
                    <label>$LOCALIZE[31051]</label>
                    <altlabel>$LOCALIZE[31050]</altlabel>
                    <usealttexture>Container.SortDirection(Ascending)</usealttexture>
                </control>
                <control type="label" id="9183">
                    <textoffsety>35</textoffsety>
                    <height>69</height>
                    <include>LeftMenuTitleLabel</include>
                    <include>LeftMenuButton</include>
                    <label>$LOCALIZE[1034]</label>
                </control>
                <control type="image" id="9184">
                    <width>577</width>
                    <height>2</height>
                    <texture border="0,0,0,2">list/bg_facade_nofocus_top.png</texture>
                </control>
                <control type="button" id="5">
                    <description>addon-updates</description>
                    <include>LeftMenuButton</include>
                    <label>$LOCALIZE[24063]</label>
                </control>
                <control type="radiobutton" id="6">
                    <description>No notifications</description>
                    <textwidth>450</textwidth>
                    <include>LeftMenuButton</include>
                    <label>$LOCALIZE[25000]</label>
                </control>
                <control type="radiobutton" id="7">
                    <description>Hide foreign</description>
                    <textwidth>450</textwidth>
                    <include>LeftMenuButton</include>
                    <label>$LOCALIZE[25001]</label>
                </control>
                <control type="radiobutton" id="8">
                    <description>Hide broken</description>
                    <textwidth>450</textwidth>
                    <include>LeftMenuButton</include>
                    <label>$LOCALIZE[24999]</label>
                </control>
                <control type="button" id="9">
                    <description>Check for updates</description>
                    <textwidth>450</textwidth>
                    <include>LeftMenuButton</include>
                    <label>$LOCALIZE[24034]</label>
                </control>
            </control>
            <control type="label">
                <posx>-600</posx>
                <posy>1010</posy>
                <textoffsety>0</textoffsety>
                <height>69</height>
                <include>LeftMenuTitleLabel</include>
                <include>LeftMenuButton</include>
                <label>$LOCALIZE[31508]: $INFO[Window.Property(Updated)]</label>
            </control>
        </control>
    </controls>
</window>
