<?xml version="1.0" encoding="utf-8"?>
<window type="window" id="1115">
    <defaultcontrol always="true">300</defaultcontrol>
    <!-- <animation effect="fade" time="150" condition="![Window.Previous(SkinSettings.xml)]">WindowOpen</animation>
    <animation effect="fade" time="150" condition="![Window.Next(SkinSettings.xml)]">WindowClose</animation> -->
    <controls>
        <include>Fanart_Art</include>
        <include>Player_Show</include>
        <include>Time</include>
        <control type="label">
            <include condition="Skin.HasSetting(BlackGlassMode)+!Skin.HasSetting(DisableSlidingAnimations)">OpenCloseSlideRight</include>
            <include>WindowTitle</include>
            <label>$LOCALIZE[5]</label>
        </control>
        <control type="label" id="500">
            <include condition="Skin.HasSetting(BlackGlassMode)+!Skin.HasSetting(DisableSlidingAnimations)">OpenCloseSlideRight</include>
            <include>WindowTitleSub</include>
            <label>$LOCALIZE[31045]</label>
        </control>
        <control type="group">
            <include condition="Skin.HasSetting(BlackGlassMode)+!Skin.HasSetting(DisableSlidingAnimations)">OpenCloseSlideRight</include>
            <posy>-189</posy>
            <include name="WindowClosingButton">
                <param name="id" value="0"/>
                <param name="x" value="1787"/>
                <param name="y" value="240"/>
            </include>
            <control type="image">
                <posx>83</posx>
                <posy>244</posy>
                <width>1754</width>
                <height>1029</height>
                <texture border="90">common/bg_dialog.png</texture>
            </control>
            <control type="image">
                <posx>128</posx>
                <posy>292</posy>
                <width>1664</width>
                <height>90</height>
                <texture border="3">list/bg_facade_nofocus_top.png</texture>
            </control>
            <control type="label">
                <posx>173</posx>
                <posy>323</posy>
                <height>36</height>
                <width>1574</width>
                <align>center</align>
                <font>InfoTitleFont</font>
                <textcolor>MainColor</textcolor>
                <label>$LOCALIZE[31045]</label>
            </control>
            <control type="image">
                <posx>1359</posx>
                <posy>382</posy>
                <width>2</width>
                <height>841</height>
                <texture>list/bg_facade_vertical.png</texture>
            </control>
            <control type="image">
                <posx>1359</posx>
                <posy>382</posy>
                <height>841</height>
                <width>375</width>
                <texture flipx="true">list/bg_strip_horizontal_left.png</texture>
                <colordiffuse>90ffffff</colordiffuse>
            </control>
            <!--COMMANDS-->
            <control type="grouplist" id="300">
                <posx>1359</posx>
                <posy>382</posy>
                <width>433</width>
                <height>803</height>
                <itemgap>0</itemgap>
                <orientation>vertical</orientation>
                <onleft>211</onleft>
                <onright>360</onright>
                <pagecontrol>360</pagecontrol>
                <control type="button" id="301">
                    <description>Enable Item</description>
                    <include>RightDialogButton</include>
                    <label>$VAR[SkinShortcutDisabledLabelPlex]</label>
                    <onclick condition="Container(211).HasFocus(30)">Skin.ToggleSetting(hide.plexbmc.0.title)</onclick>
                    <onclick condition="Container(211).HasFocus(31)">Skin.ToggleSetting(hide.plexbmc.1.title)</onclick>
                    <onclick condition="Container(211).HasFocus(32)">Skin.ToggleSetting(hide.plexbmc.2.title)</onclick>
                    <onclick condition="Container(211).HasFocus(33)">Skin.ToggleSetting(hide.plexbmc.3.title)</onclick>
                    <onclick condition="Container(211).HasFocus(34)">Skin.ToggleSetting(hide.plexbmc.4.title)</onclick>
                    <onclick condition="Container(211).HasFocus(35)">Skin.ToggleSetting(hide.plexbmc.5.title)</onclick>
                    <onclick condition="Container(211).HasFocus(36)">Skin.ToggleSetting(hide.plexbmc.6.title)</onclick>
                    <onclick condition="Container(211).HasFocus(37)">Skin.ToggleSetting(hide.plexbmc.7.title)</onclick>
                    <onclick condition="Container(211).HasFocus(38)">Skin.ToggleSetting(hide.plexbmc.8.title)</onclick>
                    <onclick condition="Container(211).HasFocus(39)">Skin.ToggleSetting(hide.plexbmc.9.title)</onclick>
                    <onclick condition="Container(211).HasFocus(40)">Skin.ToggleSetting(hide.plexbmc.10.title)</onclick>
                    <onclick condition="Container(211).HasFocus(50)">Skin.ToggleSetting(Channels.Hide)</onclick>
                    <onclick condition="Container(211).HasFocus(51)">Skin.ToggleSetting(Queue.Hide)</onclick>
                </control>
                <control type="button" id="304">
                    <description>Change shortcut label</description>
                    <include>RightDialogButton</include>
                    <label>$ADDON[script.skinshortcuts 32025]</label>
                    <onclick condition="Container(211).HasFocus(30)">Skin.SetString(Plexbmc.0.Label)</onclick>
                    <onclick condition="Container(211).HasFocus(31)">Skin.SetString(Plexbmc.1.Label)</onclick>
                    <onclick condition="Container(211).HasFocus(32)">Skin.SetString(Plexbmc.2.Label)</onclick>
                    <onclick condition="Container(211).HasFocus(33)">Skin.SetString(Plexbmc.3.Label)</onclick>
                    <onclick condition="Container(211).HasFocus(34)">Skin.SetString(Plexbmc.4.Label)</onclick>
                    <onclick condition="Container(211).HasFocus(35)">Skin.SetString(Plexbmc.5.Label)</onclick>
                    <onclick condition="Container(211).HasFocus(36)">Skin.SetString(Plexbmc.6.Label)</onclick>
                    <onclick condition="Container(211).HasFocus(37)">Skin.SetString(Plexbmc.7.Label)</onclick>
                    <onclick condition="Container(211).HasFocus(38)">Skin.SetString(Plexbmc.8.Label)</onclick>
                    <onclick condition="Container(211).HasFocus(39)">Skin.SetString(Plexbmc.9.Label)</onclick>
                    <onclick condition="Container(211).HasFocus(40)">Skin.SetString(Plexbmc.10.Label)</onclick>
                    <onclick condition="Container(211).HasFocus(50)">Skin.SetString(Plexbmc.Channels.Label)</onclick>
                    <onclick condition="Container(211).HasFocus(51)">Skin.SetString(Plexbmc.Queue.Label)</onclick>
                </control>
                <control type="button" id="305">
                    <visible>!Skin.HasSetting(VerticalHome)</visible>
                    <description>Change shortcut thumbnail</description>
                    <include>RightDialogButton</include>
                    <label>$ADDON[script.skinshortcuts 32026]</label>
                    <onclick condition="Container(211).HasFocus(30)">Skin.SetImage(Plexbmc.0.Icon)</onclick>
                    <onclick condition="Container(211).HasFocus(31)">Skin.SetImage(Plexbmc.1.Icon)</onclick>
                    <onclick condition="Container(211).HasFocus(32)">Skin.SetImage(Plexbmc.2.Icon)</onclick>
                    <onclick condition="Container(211).HasFocus(33)">Skin.SetImage(Plexbmc.3.Icon)</onclick>
                    <onclick condition="Container(211).HasFocus(34)">Skin.SetImage(Plexbmc.4.Icon)</onclick>
                    <onclick condition="Container(211).HasFocus(35)">Skin.SetImage(Plexbmc.5.Icon)</onclick>
                    <onclick condition="Container(211).HasFocus(36)">Skin.SetImage(Plexbmc.6.Icon)</onclick>
                    <onclick condition="Container(211).HasFocus(37)">Skin.SetImage(Plexbmc.7.Icon)</onclick>
                    <onclick condition="Container(211).HasFocus(38)">Skin.SetImage(Plexbmc.8.Icon)</onclick>
                    <onclick condition="Container(211).HasFocus(39)">Skin.SetImage(Plexbmc.9.Icon)</onclick>
                    <onclick condition="Container(211).HasFocus(40)">Skin.SetImage(Plexbmc.10.Icon)</onclick>
                    <onclick condition="Container(211).HasFocus(50)">Skin.SetImage(Plexbmc.Channels.Icon)</onclick>
                    <onclick condition="Container(211).HasFocus(51)">Skin.SetImage(Plexbmc.Queue.Icon)</onclick>
                </control>
                <control type="button" id="306">
                    <visible>!Skin.HasSetting(VerticalHome)</visible>
                    <description>Reset shortcut thumbnail</description>
                    <include>RightDialogButton</include>
                    <label>$LOCALIZE[31061]</label>
                    <onclick condition="Container(211).HasFocus(30)">Skin.Reset(Plexbmc.0.Icon)</onclick>
                    <onclick condition="Container(211).HasFocus(31)">Skin.Reset(Plexbmc.1.Icon)</onclick>
                    <onclick condition="Container(211).HasFocus(32)">Skin.Reset(Plexbmc.2.Icon)</onclick>
                    <onclick condition="Container(211).HasFocus(33)">Skin.Reset(Plexbmc.3.Icon)</onclick>
                    <onclick condition="Container(211).HasFocus(34)">Skin.Reset(Plexbmc.4.Icon)</onclick>
                    <onclick condition="Container(211).HasFocus(35)">Skin.Reset(Plexbmc.5.Icon)</onclick>
                    <onclick condition="Container(211).HasFocus(36)">Skin.Reset(Plexbmc.6.Icon)</onclick>
                    <onclick condition="Container(211).HasFocus(37)">Skin.Reset(Plexbmc.7.Icon)</onclick>
                    <onclick condition="Container(211).HasFocus(38)">Skin.Reset(Plexbmc.8.Icon)</onclick>
                    <onclick condition="Container(211).HasFocus(39)">Skin.Reset(Plexbmc.9.Icon)</onclick>
                    <onclick condition="Container(211).HasFocus(40)">Skin.Reset(Plexbmc.10.Icon)</onclick>
                    <onclick condition="Container(211).HasFocus(50)">Skin.Reset(Plexbmc.Channels.Icon)</onclick>
                    <onclick condition="Container(211).HasFocus(51)">Skin.Reset(Plexbmc.Queue.Icon)</onclick>
                </control>
                <control type="button" id="310">
                    <visible>[[!Skin.HasSetting(BlackGlassMode)+!Skin.HasSetting(Home_DefaultBG)]|[Skin.HasSetting(BlackGlassMode)+Skin.HasSetting(VerticalHome)]]</visible>
                    <description>Change shortcut background</description>
                    <include>RightDialogButton</include>
                    <label>$ADDON[script.skinshortcuts 32045]</label>
                    <onclick condition="Container(211).HasFocus(30)">Skin.SetImage(Plexbmc.0.Background)</onclick>
                    <onclick condition="Container(211).HasFocus(31)">Skin.SetImage(Plexbmc.1.Background)</onclick>
                    <onclick condition="Container(211).HasFocus(32)">Skin.SetImage(Plexbmc.2.Background)</onclick>
                    <onclick condition="Container(211).HasFocus(33)">Skin.SetImage(Plexbmc.3.Background)</onclick>
                    <onclick condition="Container(211).HasFocus(34)">Skin.SetImage(Plexbmc.4.Background)</onclick>
                    <onclick condition="Container(211).HasFocus(35)">Skin.SetImage(Plexbmc.5.Background)</onclick>
                    <onclick condition="Container(211).HasFocus(36)">Skin.SetImage(Plexbmc.6.Background)</onclick>
                    <onclick condition="Container(211).HasFocus(37)">Skin.SetImage(Plexbmc.7.Background)</onclick>
                    <onclick condition="Container(211).HasFocus(38)">Skin.SetImage(Plexbmc.8.Background)</onclick>
                    <onclick condition="Container(211).HasFocus(39)">Skin.SetImage(Plexbmc.9.Background)</onclick>
                    <onclick condition="Container(211).HasFocus(40)">Skin.SetImage(Plexbmc.10.Background)</onclick>
                    <onclick condition="Container(211).HasFocus(50)">Skin.SetImage(Plexbmc.Channels.Background)</onclick>
                    <onclick condition="Container(211).HasFocus(51)">Skin.SetImage(Plexbmc.Queue.Background)</onclick>
                </control>
                <control type="button" id="311">
                    <visible>[[!Skin.HasSetting(BlackGlassMode)+!Skin.HasSetting(Home_DefaultBG)]|[Skin.HasSetting(BlackGlassMode)+Skin.HasSetting(VerticalHome)]]</visible>
                    <description>Change multi image background</description>
                    <include>RightDialogButton</include>
                    <label>$LOCALIZE[31064]</label>
                    <onclick condition="Container(211).HasFocus(30)">Skin.SetPath(Plexbmc.0.Background)</onclick>
                    <onclick condition="Container(211).HasFocus(31)">Skin.SetPath(Plexbmc.1.Background)</onclick>
                    <onclick condition="Container(211).HasFocus(32)">Skin.SetPath(Plexbmc.2.Background)</onclick>
                    <onclick condition="Container(211).HasFocus(33)">Skin.SetPath(Plexbmc.3.Background)</onclick>
                    <onclick condition="Container(211).HasFocus(34)">Skin.SetPath(Plexbmc.4.Background)</onclick>
                    <onclick condition="Container(211).HasFocus(35)">Skin.SetPath(Plexbmc.5.Background)</onclick>
                    <onclick condition="Container(211).HasFocus(36)">Skin.SetPath(Plexbmc.6.Background)</onclick>
                    <onclick condition="Container(211).HasFocus(37)">Skin.SetPath(Plexbmc.7.Background)</onclick>
                    <onclick condition="Container(211).HasFocus(38)">Skin.SetPath(Plexbmc.8.Background)</onclick>
                    <onclick condition="Container(211).HasFocus(39)">Skin.SetPath(Plexbmc.9.Background)</onclick>
                    <onclick condition="Container(211).HasFocus(40)">Skin.SetPath(Plexbmc.10.Background)</onclick>
                    <onclick condition="Container(211).HasFocus(50)">Skin.SetPath(Plexbmc.Channels.Background)</onclick>
                    <onclick condition="Container(211).HasFocus(51)">Skin.SetPath(Plexbmc.Queue.Background)</onclick>
                </control>
                <control type="button" id="312">
                    <visible>[[!Skin.HasSetting(BlackGlassMode)+!Skin.HasSetting(Home_DefaultBG)]|[Skin.HasSetting(BlackGlassMode)+Skin.HasSetting(VerticalHome)]]</visible>
                    <description>Reset shortcut background</description>
                    <include>RightDialogButton</include>
                    <label>$LOCALIZE[31062]</label>
                    <onclick condition="Container(211).HasFocus(30)">Skin.Reset(Plexbmc.0.Background)</onclick>
                    <onclick condition="Container(211).HasFocus(31)">Skin.Reset(Plexbmc.1.Background)</onclick>
                    <onclick condition="Container(211).HasFocus(32)">Skin.Reset(Plexbmc.2.Background)</onclick>
                    <onclick condition="Container(211).HasFocus(33)">Skin.Reset(Plexbmc.3.Background)</onclick>
                    <onclick condition="Container(211).HasFocus(34)">Skin.Reset(Plexbmc.4.Background)</onclick>
                    <onclick condition="Container(211).HasFocus(35)">Skin.Reset(Plexbmc.5.Background)</onclick>
                    <onclick condition="Container(211).HasFocus(36)">Skin.Reset(Plexbmc.6.Background)</onclick>
                    <onclick condition="Container(211).HasFocus(37)">Skin.Reset(Plexbmc.7.Background)</onclick>
                    <onclick condition="Container(211).HasFocus(38)">Skin.Reset(Plexbmc.8.Background)</onclick>
                    <onclick condition="Container(211).HasFocus(39)">Skin.Reset(Plexbmc.9.Background)</onclick>
                    <onclick condition="Container(211).HasFocus(40)">Skin.Reset(Plexbmc.10.Background)</onclick>
                    <onclick condition="Container(211).HasFocus(50)">Skin.Reset(Plexbmc.Channels.Background)</onclick>
                    <onclick condition="Container(211).HasFocus(51)">Skin.Reset(Plexbmc.Queue.Background)</onclick>
                </control>
                <control type="button" id="308">
                    <description>Reset shortcuts</description>
                    <include>RightDialogButton</include>
                    <label>$LOCALIZE[31063]</label>
                    <onclick>Skin.Reset(Plexbmc.0.Icon)</onclick>
                    <onclick>Skin.Reset(Plexbmc.1.Icon)</onclick>
                    <onclick>Skin.Reset(Plexbmc.2.Icon)</onclick>
                    <onclick>Skin.Reset(Plexbmc.3.Icon)</onclick>
                    <onclick>Skin.Reset(Plexbmc.4.Icon)</onclick>
                    <onclick>Skin.Reset(Plexbmc.5.Icon)</onclick>
                    <onclick>Skin.Reset(Plexbmc.6.Icon)</onclick>
                    <onclick>Skin.Reset(Plexbmc.7.Icon)</onclick>
                    <onclick>Skin.Reset(Plexbmc.8.Icon)</onclick>
                    <onclick>Skin.Reset(Plexbmc.9.Icon)</onclick>
                    <onclick>Skin.Reset(Plexbmc.10.Icon)</onclick>
                    <onclick>Skin.Reset(Plexbmc.Channels.Icon)</onclick>
                    <onclick>Skin.Reset(Plexbmc.Queue.Icon)</onclick>
                    <onclick>Skin.Reset(Plexbmc.0.Background)</onclick>
                    <onclick>Skin.Reset(Plexbmc.1.Background)</onclick>
                    <onclick>Skin.Reset(Plexbmc.2.Background)</onclick>
                    <onclick>Skin.Reset(Plexbmc.3.Background)</onclick>
                    <onclick>Skin.Reset(Plexbmc.4.Background)</onclick>
                    <onclick>Skin.Reset(Plexbmc.5.Background)</onclick>
                    <onclick>Skin.Reset(Plexbmc.6.Background)</onclick>
                    <onclick>Skin.Reset(Plexbmc.7.Background)</onclick>
                    <onclick>Skin.Reset(Plexbmc.8.Background)</onclick>
                    <onclick>Skin.Reset(Plexbmc.9.Background)</onclick>
                    <onclick>Skin.Reset(Plexbmc.10.Background)</onclick>
                    <onclick>Skin.Reset(Plexbmc.Channels.Background)</onclick>
                    <onclick>Skin.Reset(Plexbmc.Queue.Background)</onclick>
                    <onclick>Skin.Reset(hide.plexbmc.0.title)</onclick>
                    <onclick>Skin.Reset(hide.plexbmc.1.title)</onclick>
                    <onclick>Skin.Reset(hide.plexbmc.2.title)</onclick>
                    <onclick>Skin.Reset(hide.plexbmc.3.title)</onclick>
                    <onclick>Skin.Reset(hide.plexbmc.4.title)</onclick>
                    <onclick>Skin.Reset(hide.plexbmc.5.title)</onclick>
                    <onclick>Skin.Reset(hide.plexbmc.6.title)</onclick>
                    <onclick>Skin.Reset(hide.plexbmc.7.title)</onclick>
                    <onclick>Skin.Reset(hide.plexbmc.8.title)</onclick>
                    <onclick>Skin.Reset(hide.plexbmc.9.title)</onclick>
                    <onclick>Skin.Reset(hide.plexbmc.10.title)</onclick>
                    <onclick>Skin.Reset(Channels.Hide)</onclick>
                    <onclick>Skin.Reset(Queue.Hide)</onclick>
                    <onclick>Skin.Reset(Plexbmc.0.Label)</onclick>
                    <onclick>Skin.Reset(Plexbmc.1.Label)</onclick>
                    <onclick>Skin.Reset(Plexbmc.2.Label)</onclick>
                    <onclick>Skin.Reset(Plexbmc.3.Label)</onclick>
                    <onclick>Skin.Reset(Plexbmc.4.Label)</onclick>
                    <onclick>Skin.Reset(Plexbmc.5.Label)</onclick>
                    <onclick>Skin.Reset(Plexbmc.6.Label)</onclick>
                    <onclick>Skin.Reset(Plexbmc.7.Label)</onclick>
                    <onclick>Skin.Reset(Plexbmc.8.Label)</onclick>
                    <onclick>Skin.Reset(Plexbmc.9.Label)</onclick>
                    <onclick>Skin.Reset(Plexbmc.10.Label)</onclick>
                    <onclick>Skin.Reset(Plexbmc.Channels.Label)</onclick>
                    <onclick>Skin.Reset(Plexbmc.Queue.Label)</onclick>
                </control>
            </control>
            <control type="scrollbar" id="360">
                <posx>1761</posx>
                <posy>382</posy>
                <height>803</height>
                <include>VerticalScroller</include>
                <onleft>300</onleft>
                <onright>360</onright>
            </control>
            <control type="group">
                <include>SkinShortcuts_Window_Back_Level</include>
            </control>
            <control type="fixedlist" id="211">
                <include condition="Skin.HasSetting(VerticalHome)">SkinShortcuts_MainMenu_Vertical</include>
                <include condition="!Skin.HasSetting(BlackGlassMode)+!Skin.HasSetting(VerticalHome)">SkinShortcuts_MainMenu_Horizontal</include>
                <include condition="Skin.HasSetting(BlackGlassMode)+!Skin.HasSetting(VerticalHome)">SkinShortcuts_MainMenu_Horizontal_BG</include>
            </control>
            <control type="scrollbar" id="260">
                <visible>!Skin.HasSetting(VerticalHome)</visible>
                <posx>128</posx>
                <posy>1140</posy>
                <width>1230</width>
                <include>HorizontalScroller</include>
                <onup>211</onup>
                <ondown>300</ondown>
            </control>
            <include condition="Skin.HasSetting(VerticalHome)">SkinShortcuts_Window_Vertical_Upper_Level</include>
            <include>SkinShortcuts_Window_Navigation</include>
            <control type="group">
                <visible>!Skin.HasSetting(VerticalHome)</visible>
                <control type="label">
                    <visible>!Skin.HasSetting(BlackGlassMode)</visible>
                    <posx>178</posx>
                    <posy>382</posy>
                    <width>1120</width>
                    <height>100</height>
                    <align>center</align>
                    <font>SmallButtonFont</font>
                    <textcolor>MainColor</textcolor>
                    <label>[COLOR=AlternateColor]$LOCALIZE[31059]:[/COLOR] [B]$VAR[SkinShortcutBackgroundDescription][/B]</label>
                </control>
                <control type="label">
                    <posx>178</posx>
                    <posy>960</posy>
                    <width>1120</width>
                    <height>100</height>
                    <align>center</align>
                    <font>SmallButtonFont</font>
                    <textcolor>MainColor</textcolor>
                    <label>[COLOR=AlternateColor]$LOCALIZE[31052]:[/COLOR] [B]$INFO[Container(211).ListItem.Label][/B]</label>
                </control>
            </control>
            <control type="group">
                <visible>Skin.HasSetting(VerticalHome)</visible>
                <control type="label">
                    <posx>626</posx>
                    <posy>382</posy>
                    <width>687</width>
                    <height>100</height>
                    <font>SmallButtonFont</font>
                    <textcolor>MainColor</textcolor>
                    <label>[COLOR=AlternateColor]$LOCALIZE[31059]:[/COLOR] [B]$VAR[SkinShortcutBackgroundDescription][/B]</label>
                </control>
            </control>
        </control>
    </controls>
</window>

