<?xml version="1.0" encoding="utf-8"?>
<window>
    <defaultcontrol always="true">9001</defaultcontrol>
    <include>DialogOpenClose</include>
    <controls>
        <include>DimBG</include>
        <control type="group">
            <include condition="Skin.HasSetting(BlackGlassMode)+!Skin.HasSetting(DisableSlidingAnimations)">OpenCloseSlideRight</include>
            <posy>-219</posy>
            <include name="WindowClosingButton">
                <param name="id" value="0"/>
                <param name="x" value="1737"/>
                <param name="y" value="240"/>
            </include>
            <control type="image">
                <posx>133</posx>
                <posy>244</posy>
                <width>1654</width>
                <height>1029</height>
                <texture border="90">common/bg_dialog.png</texture>
            </control>
            <control type="image">
                <posx>178</posx>
                <posy>292</posy>
                <width>1564</width>
                <height>90</height>
                <texture border="3">list/bg_facade_nofocus_top.png</texture>
            </control>
            <control type="label">
                <posx>223</posx>
                <posy>323</posy>
                <height>36</height>
                <width>1474</width>
                <align>center</align>
                <font>InfoTitleFont</font>
                <textcolor>MainColor</textcolor>
                <label>$INFO[ListItem.Property(Addon.Name),$LOCALIZE[24003] - ]</label>
            </control>
            <control type="image">
                <posx>1309</posx>
                <posy>382</posy>
                <width>2</width>
                <height>841</height>
                <texture>list/bg_facade_vertical.png</texture>
            </control>
            <control type="image">
                <posx>1309</posx>
                <posy>382</posy>
                <height>841</height>
                <width>375</width>
                <texture flipx="true">list/bg_strip_horizontal_left.png</texture>
                <colordiffuse>90ffffff</colordiffuse>
            </control>
            <control type="grouplist" id="9001">
                <posx>1309</posx>
                <posy>382</posy>
                <width>433</width>
                <height>438</height>
                <itemgap>0</itemgap>
                <orientation>vertical</orientation>
                <onleft>6060</onleft>
                <onright>60</onright>
                <onup>9001</onup>
                <ondown>9001</ondown>
                <pagecontrol>60</pagecontrol>
                <scrolltime>200</scrolltime>
                <control type="button" id="9">
                    <label>$LOCALIZE[5]</label>
                    <width>433</width>
                    <height>73</height>
                    <include>LeftMenuButton</include>
                </control>
                <control type="button" id="8">
                    <label>$LOCALIZE[24069]</label>
                    <width>433</width>
                    <height>73</height>
                    <include>LeftMenuButton</include>
                </control>
                <control type="button" id="10">
                    <label>$LOCALIZE[24036]</label>
                    <width>433</width>
                    <height>73</height>
                    <include>LeftMenuButton</include>
                </control>
                <control type="button" id="7">
                    <label>$LOCALIZE[24021]</label>
                    <width>433</width>
                    <height>73</height>
                    <include>LeftMenuButton</include>
                </control>
                <control type="button" id="6">
                    <label>$LOCALIZE[24022]</label>
                    <width>433</width>
                    <height>73</height>
                    <include>LeftMenuButton</include>
                </control>
                <control type="button" id="13">
                    <description>Auto-update button</description>
                    <label>$LOCALIZE[21340]</label>
                    <width>433</width>
                    <height>73</height>
                    <include>LeftMenuButton</include>
                </control>
                <control type="button" id="12">
                    <label>$LOCALIZE[518]</label>
                    <width>433</width>
                    <height>73</height>
                    <include>LeftMenuButton</include>
                </control>
            </control>
            <control type="scrollbar" id="60">
                <posx>1711</posx>
                <posy>382</posy>
                <height>438</height>
                <include>VerticalScroller</include>
                <onleft>9001</onleft>
                <onright>9001</onright>
            </control>
            <control type="image">
                <posx>1342</posx>
                <posy>838</posy>
                <width>370</width>
                <height>370</height>
                <include>SquareThumb</include>
                <include>ThumbBorder</include>
            </control>
            <control type="group">
                <posx>0</posx>
                <posy>382</posy>
                <control type="image">
                    <posx>178</posx>
                    <posy>-6</posy>
                    <width>1131</width>
                    <height>79</height>
                    <texture>list/bg_facade_nofocus_top.png</texture>
                </control>
                <control type="label">
                    <posx>228</posx>
                    <posy>0</posy>
                    <width>1041</width>
                    <height>71</height>
                    <label>$LOCALIZE[146] $INFO[ListItem.Property(Addon.Type)]</label>
                    <font>InfoDetailsFont</font>
                    <textcolor>MainColor</textcolor>
                </control>
                <control type="image">
                    <posx>178</posx>
                    <posy>67</posy>
                    <width>1131</width>
                    <height>79</height>
                    <texture>list/bg_facade_nofocus_top.png</texture>
                </control>
                <control type="label">
                    <posx>228</posx>
                    <posy>73</posy>
                    <width>1041</width>
                    <height>71</height>
                    <label>$LOCALIZE[21863]: $INFO[ListItem.Property(Addon.Creator)]</label>
                    <font>InfoDetailsFont</font>
                    <textcolor>AlternateColor</textcolor>
                </control>
                <control type="image">
                    <posx>178</posx>
                    <posy>140</posy>
                    <width>1131</width>
                    <height>79</height>
                    <texture>list/bg_facade_nofocus_top.png</texture>
                </control>
                <control type="label">
                    <posx>228</posx>
                    <posy>146</posy>
                    <width>1041</width>
                    <height>71</height>
                    <label>$LOCALIZE[24051] $INFO[ListItem.Property(Addon.Version)]</label>
                    <font>InfoDetailsFont</font>
                    <textcolor>MainColor</textcolor>
                </control>
                <control type="image">
                    <posx>178</posx>
                    <posy>213</posy>
                    <width>1131</width>
                    <height>79</height>
                    <texture>list/bg_facade_nofocus_top.png</texture>
                </control>
                <control type="fadelabel">
                    <posx>228</posx>
                    <posy>219</posy>
                    <width>1041</width>
                    <height>71</height>
                    <label>$LOCALIZE[20037]: $INFO[ListItem.Property(Addon.Summary)]</label>
                    <font>InfoDetailsFont</font>
                    <textcolor>AlternateColor</textcolor>
                    <scrollout>false</scrollout>
                    <pauseatend>2000</pauseatend>
                </control>
                <control type="textbox">
                    <posx>228</posx>
                    <posy>300</posy>
                    <width>1041</width>
                    <height>440</height>
                    <font>InfoPlotFont</font>
                    <align>justify</align>
                    <label>$INFO[ListItem.Property(Addon.Description)]</label>
                    <pagecontrol>6060</pagecontrol>
                </control>
                <control type="scrollbar" id="6060">
                    <visible>Skin.HasSetting(ManualScroll)</visible>
                    <posx>1275</posx>
                    <posy>300</posy>
                    <height>440</height>
                    <include>VerticalScroller</include>
                    <onleft>9001</onleft>
                    <onright>9001</onright>
                </control>
                <control type="image">
                    <posx>178</posx>
                    <posy>689</posy>
                    <width>1131</width>
                    <height>79</height>
                    <texture>list/bg_facade_nofocus_top.png</texture>
                </control>
                <control type="label">
                    <visible>IsEmpty(ListItem.Property(Addon.broken))</visible>
                    <posx>228</posx>
                    <posy>768</posy>
                    <width>1041</width>
                    <height>71</height>
                    <font>InfoDetailsFont</font>
                    <label>$INFO[ListItem.Property(Addon.Disclaimer),[COLOR=WarningColor]$LOCALIZE[24052]: [/COLOR]]</label>
                </control>
                <control type="label">
                    <visible>!IsEmpty(ListItem.Property(Addon.broken))</visible>
                    <posx>228</posx>
                    <posy>768</posy>
                    <width>1041</width>
                    <height>71</height>
                    <font>InfoDetailsFont</font>
                    <label>$INFO[ListItem.Property(Addon.broken),[COLOR=WarningColor]$LOCALIZE[24096]: [/COLOR]]</label>
                </control>
            </control>
        </control>
    </controls>
</window>
