<?xml version="1.0" encoding="utf-8"?>
<window type="dialog">
    <controls>
        <control type="progress" id="10">
            <posx>0</posx>
            <posy>3000</posy>
            <width>150</width>
            <height>8</height>
            <texturebg>-</texturebg>
            <midtexture>-</midtexture>
            <righttexture>-</righttexture>
            <lefttexture>-</lefttexture>
        </control>
        <control type="image" id="1">
            <posx>810</posx>
            <posy>390</posy>
            <width>300</width>
            <height>300</height>
            <texture>OSD/loading.png</texture>
            <animation effect="rotate" center="auto" start="360" end="0" time="750" loop="true" condition="true">Conditional</animation>
        </control>
        <control type="label" id="1">
            <visible>IntegerGreaterThan(Control.GetLabel(10), 0)</visible>
            <posx>0</posx>
            <posy>0</posy>
            <height>1080</height>
            <width>1920</width>
            <align>center</align>
            <font>NotificationFont</font>
            <textcolor>MainColor</textcolor>
            <label>$INFO[Control.GetLabel(10), ,%]</label>
        </control>
    </controls>
</window>
