<?xml version="1.0" encoding="utf-8"?>
<window>
    <defaultcontrol always="true">5</defaultcontrol>
    <include>DialogOpenClose</include>
    <controls>
        <include>DimBG</include>
        <control type="group">
            <include condition="Skin.HasSetting(BlackGlassMode)+!Skin.HasSetting(DisableSlidingAnimations)">OpenCloseSlideRight</include>
            <include name="WindowClosingButton">
                <param name="id" value="0"/>
                <param name="x" value="1787"/>
                <param name="y" value="240"/>
            </include>
            <control type="image">
                <posx>333</posx>
                <posy>173</posy>
                <width>1254</width>
                <height>734</height>
                <texture border="94">common/bg_dialog.png</texture>
            </control>
            <control type="group">
                <posx>378</posx>
                <posy>210</posy>
                <control type="label">
                    <posx>45</posx>
                    <posy>18</posy>
                    <width>1074</width>
                    <height>100</height>
                    <font>InfoTitleFont</font>
                    <textcolor>MainColor</textcolor>
                    <align>center</align>
                    <label>587</label>
                </control>
                <control type="image">
                    <posx>0</posx>
                    <posy>38</posy>
                    <width>1164</width>
                    <height>79</height>
                    <texture>list/bg_facade_nofocus_top.png</texture>
                </control>
                <control type="grouplist" id="5">
                    <description>control area</description>
                    <posx>0</posx>
                    <posy>117</posy>
                    <width>1164</width>
                    <height>426</height>
                    <itemgap>0</itemgap>
                    <orientation>vertical</orientation>
                    <pagecontrol>6</pagecontrol>
                    <onup>9001</onup>
                    <ondown>9001</ondown>
                    <onleft>9001</onleft>
                    <onright>6</onright>
                </control>
                <control type="button" id="7">
                    <description>Default Button</description>
                    <include>LeftMenuButton</include>
                </control>
                <control type="radiobutton" id="8">
                    <description>Default RadioButton</description>
                    <include>LeftMenuButton</include>
                </control>
                <control type="spincontrolex" id="9">
                    <description>Default SpinControlex</description>
                    <include>LeftMenuButton</include>
                </control>
                <control type="sliderex" id="13">
                    <description>Default Slider</description>
                    <include>LeftMenuButton</include>
                </control>
                <control type="edit" id="12">
                    <description>Default Edit</description>
                    <include>LeftMenuButton</include>
                </control>
                <control type="scrollbar" id="6">
                    <posx>1133</posx>
                    <posy>117</posy>
                    <height>426</height>
                    <include>VerticalScroller</include>
                    <onleft>5</onleft>
                    <onright>5</onright>
                </control>
                <control type="group">
                    <posx>0</posx>
                    <posy>214</posy>
                    <control type="image">
                        <posx>0</posx>
                        <posy>250</posy>
                        <width>1164</width>
                        <height>79</height>
                        <texture>list/bg_facade_nofocus_top.png</texture>
                    </control>
                    <control type="grouplist" id="9001">
                        <posx>0</posx>
                        <posy>336</posy>
                        <width>1164</width>
                        <height>90</height>
                        <itemgap>30</itemgap>
                        <aligny>bottom</aligny>
                        <align>center</align>
                        <orientation>horizontal</orientation>
                        <onup>5</onup>
                        <ondown>5</ondown>
                        <control type="button" id="28">
                            <width>400</width>
                            <label>$LOCALIZE[186]</label>
                        </control>
                        <control type="button" id="27">
                            <width>400</width>
                            <label>$LOCALIZE[192]</label>
                        </control>
                    </control>
                </control>
            </control>
        </control>
    </controls>
</window>
