<?xml version="1.0" encoding="utf-8"?>
<window>
    <defaultcontrol always="true">20</defaultcontrol>
    <coordinates>
        <system>1</system>
        <posx>0</posx>
        <posy>0</posy>
    </coordinates>
    <include>DialogOpenClose</include>
    <controls>
        <include>DimBG</include>
        <control type="group">
            <include condition="Skin.HasSetting(BlackGlassMode)+!Skin.HasSetting(DisableSlidingAnimations)">OpenCloseSlideRight</include>
            <posy>-173</posy>
            <include name="WindowClosingButton">
                <param name="id" value="0"/>
                <param name="x" value="1637"/>
                <param name="y" value="240"/>
            </include>
            <control type="image">
                <posx>233</posx>
                <posy>244</posy>
                <width>1454</width>
                <height>939</height>
                <texture border="90">common/bg_dialog.png</texture>
            </control>
            <control type="image">
                <posx>278</posx>
                <posy>319</posy>
                <width>1364</width>
                <height>79</height>
                <texture>list/bg_facade_nofocus_top.png</texture>
            </control>
            <control type="label">
                <posx>323</posx>
                <posy>286</posy>
                <height>100</height>
                <width>1274</width>
                <align>center</align>
                <font>InfoTitleFont</font>
                <textcolor>MainColor</textcolor>
                <label>$LOCALIZE[20344]</label>
            </control>
            <control type="spincontrolex" id="20">
                <description>Content Picker</description>
                <posx>278</posx>
                <posy>398</posy>
                <width>931</width>
                <height>73</height>
                <align>left</align>
                <include>LeftMenuButton</include>
                <onup>28</onup>
                <ondown>5</ondown>
                <onleft>21</onleft>
                <onright>21</onright>
                <subtype>text</subtype>
            </control>
            <control type="grouplist" id="5">
                <description>control area</description>
                <posx>278</posx>
                <posy>471</posy>
                <width>931</width>
                <height>657</height>
                <itemgap>0</itemgap>
                <onup>20</onup>
                <ondown>28</ondown>
                <onleft>21</onleft>
                <onright>21</onright>
            </control>
            <control type="button" id="7">
                <description>Default Button</description>
                <posx>0</posx>
                <posy>0</posy>
                <width>931</width>
                <height>73</height>
                <include>LeftMenuButton</include>
            </control>
            <control type="radiobutton" id="8">
                <posx>0</posx>
                <posy>0</posy>
                <width>931</width>
                <height>73</height>
                <radioposx>828</radioposx>
                <textwidth>770</textwidth>
                <include>LeftMenuButton</include>
            </control>
            <control type="group">
                <posx>0</posx>
                <posy>16</posy>
                <control type="image">
                    <posx>1209</posx>
                    <posy>382</posy>
                    <width>2</width>
                    <height>629</height>
                    <texture>list/bg_facade_vertical.png</texture>
                </control>
                <control type="image">
                    <posx>1209</posx>
                    <posy>382</posy>
                    <height>629</height>
                    <width>375</width>
                    <texture flipx="true">list/bg_strip_horizontal_left.png</texture>
                    <colordiffuse>90ffffff</colordiffuse>
                </control>
                <control type="label">
                    <posx>1234</posx>
                    <posy>327</posy>
                    <width>383</width>
                    <height>71</height>
                    <label>$LOCALIZE[24018]</label>
                    <font>LeftMenuTitleFont</font>
                    <align>left</align>
                    <textcolor>AlternateColor</textcolor>
                </control>
                <control type="panel" id="21">
                    <posx>1209</posx>
                    <posy>382</posy>
                    <width>433</width>
                    <height>292</height>
                    <onup>28</onup>
                    <ondown>28</ondown>
                    <onleft>20</onleft>
                    <onright>60</onright>
                    <scrolltime>200</scrolltime>
                    <pagecontrol>60</pagecontrol>
                    <itemlayout width="433" height="73">
                        <control type="image">
                            <posx>0</posx>
                            <posy>0</posy>
                            <height>73</height>
                            <width>433</width>
                            <texture border="3">list/bg_facade_nofocus.png</texture>
                        </control>
                        <control type="label">
                            <posx>25</posx>
                            <height>71</height>
                            <width>383</width>
                            <font>FacadeListMainFont</font>
                            <textcolor>ListNoFocusColor</textcolor>
                            <label>$INFO[ListItem.Label]</label>
                            <scroll>false</scroll>
                        </control>
                    </itemlayout>
                    <focusedlayout width="433" height="73">
                        <control type="image">
                            <posx>0</posx>
                            <posy>0</posy>
                            <height>73</height>
                            <width>433</width>
                            <include>FacadeFocus</include>
                        </control>
                        <control type="label">
                            <posx>25</posx>
                            <height>71</height>
                            <width>383</width>
                            <font>FacadeListMainFont</font>
                            <textcolor>ListFocusColor</textcolor>
                            <label>$INFO[ListItem.Label]</label>
                        </control>
                    </focusedlayout>
                </control>
                <control type="scrollbar" id="60">
                    <posx>1611</posx>
                    <posy>382</posy>
                    <height>292</height>
                    <include>VerticalScroller</include>
                    <onleft>21</onleft>
                    <onright>21</onright>
                </control>
            </control>
            <control type="image">
                <posx>1277</posx>
                <posy>710</posy>
                <width>300</width>
                <height>300</height>
                <aspectratio>keep</aspectratio>
                <texture background="true">$INFO[ListItem.Icon]</texture>
                <include>ThumbBorder</include>
            </control>
            <control type="group">
                <posy>700</posy>
                <control type="image">
                    <posx>278</posx>
                    <posy>250</posy>
                    <width>1364</width>
                    <height>79</height>
                    <texture>list/bg_facade_nofocus_top.png</texture>
                </control>
                <control type="grouplist">
                    <posx>278</posx>
                    <posy>336</posy>
                    <width>1364</width>
                    <height>90</height>
                    <itemgap>30</itemgap>
                    <aligny>bottom</aligny>
                    <align>center</align>
                    <orientation>horizontal</orientation>
                    <control type="button" id="22">
                        <label>$LOCALIZE[5]</label>
                        <onleft>29</onleft>
                        <onright>28</onright>
                        <onup>20</onup>
                        <ondown>20</ondown>
                    </control>
                    <control type="button" id="28">
                        <label>$LOCALIZE[186]</label>
                        <onleft>22</onleft>
                        <onright>29</onright>
                        <onup>20</onup>
                        <ondown>20</ondown>
                    </control>
                    <control type="button" id="29">
                        <label>$LOCALIZE[222]</label>
                        <onleft>28</onleft>
                        <onright>22</onright>
                        <onup>20</onup>
                        <ondown>20</ondown>
                    </control>
                </control>
            </control>
        </control>
    </controls>
</window>
