<?xml version="1.0" encoding="utf-8"?>
<window>
    <include>DialogOpenClose</include>
    <controls>
        <control type="progress" id="20">
            <posx>-300</posx>
            <posy>-300</posy>
            <width>324</width>
            <height>81</height>
            <texturebg>-</texturebg>
            <lefttexture>-</lefttexture>
            <midtexture>-</midtexture>
            <righttexture>-</righttexture>
            <info>Player.Volume</info>
        </control>
        <control type="group">
            <animation effect="slide" start="0,0" end="0,55" time="0" condition="window.isactive(DialogSeekBar.xml)|window.isactive(MusicOSD.xml)">Conditional</animation>
            <visible>!Player.Muted + !Player.passthrough</visible>
            <include>VisibleFadeEffect</include>
            <control type="group">
                <control type="label">
                    <posx>TextMarginR</posx>
                    <posy>18</posy>
                    <width>500</width>
                    <align>right</align>
                    <aligny>top</aligny>
                    <font>WindowTitleFont</font>
                    <textcolor>WindowTitleColor</textcolor>
                    <shadowcolor>-</shadowcolor>
                    <label>$INFO[Control.GetLabel(20)]</label>
                </control>
                <control type="label">
                    <posx>TextMarginR</posx>
                    <posy>68</posy>
                    <width>500</width>
                    <align>right</align>
                    <aligny>top</aligny>
                    <font>WindowTitleSubFont</font>
                    <textcolor>WindowTitleSubColor</textcolor>
                    <shadowcolor>-</shadowcolor>
                    <label>$LOCALIZE[13376]</label>
                </control>
            </control>
        </control>
    </controls>
</window>
