<?xml version="1.0" encoding="utf-8"?>
<includes>
    <!-- DIFFUSED BORDER IMAGE -->
    <include name="ThumbBorderOverlayDiffused">
        <bordertexture border="27" diffuse="common/Thumb_Mask.png" colordiffuse="$VAR[Picked.Highlight.Color]">common/JewelCaseOverlay_white.png</bordertexture>
        <bordersize>27</bordersize>
    </include>
    <!-- BORDER -->
    <include name="ThumbBorderOverlay">
        <bordertexture border="27" colordiffuse="$VAR[Picked.Highlight.Color]">common/JewelCaseOverlay_white.png</bordertexture>
        <bordersize>27</bordersize>
    </include>
    <!-- ROUNDED BUTTON -->
    <include name="ButtonTextureFocus">
        <texturefocus border="30" colordiffuse="$VAR[Picked.Highlight.Color]">buttons/bg_button_focus_white.png</texturefocus>
    </include>
    <!-- KEYBOARD BUTTON -->
    <include name="KeyboardTextureFocus">
        <texturefocus border="27" colordiffuse="$VAR[Picked.Highlight.Color]">buttons/bg_button_focus_white.png</texturefocus>
    </include>
    <!-- ALT KEYBOARD BUTTON -->
    <include name="KeyboardAltTextureFocus">
        <alttexturefocus border="27" colordiffuse="$VAR[Picked.Highlight.Color]">buttons/bg_button_focus_white.png</alttexturefocus>
    </include>
    <!-- KEYBOARD SEARCH BUTTON -->
    <include name="KeyboardSearchTexture">
        <colordiffuse>$VAR[Picked.Highlight.Color]</colordiffuse>
        <texture border="27">buttons/bg_button_focus_white.png</texture>
    </include>
    <!-- LEFT MENU BUTTON -->
    <include name="TextureFocus">
        <texturefocus border="4" colordiffuse="$VAR[Picked.Highlight.Color]">list/bg_facade_focus_white.png</texturefocus>
    </include>
    <!-- ALT LEFT MENU BUTTON -->
    <include name="AltTextureFocus">
        <alttexturefocus border="4" colordiffuse="$VAR[Picked.Highlight.Color]">list/bg_facade_focus_white.png</alttexturefocus>
    </include>
    <!-- FACADE LIST -->
    <include name="FacadeFocus">
        <colordiffuse>$VAR[Picked.Highlight.Color]</colordiffuse>
        <texture border="3">list/bg_facade_focus_white.png</texture>
    </include>
    <!-- X FLIPPED FACADE LIST -->
    <include name="FlippedFacadeFocus">
        <colordiffuse>$VAR[Picked.Highlight.Color]</colordiffuse>
        <texture flipx="true" border="3">list/bg_facade_focus_white.png</texture>
    </include>
    <!-- OVERLAY BACKGROUND -->
    <include name="OverlayBG">
        <colordiffuse>$VAR[Picked.Overlay.Color]</colordiffuse>
        <texture>special://skin/backgrounds/default/white.jpg</texture>
    </include>
</includes>
