<?xml version="1.0" encoding="utf-8"?>
<includes>
    <!--

    CUSTOM WINDOWS LIST
    _1114 Quit * define Quit menu
    _1115 CustomPlexHomeSettings.xml * Plex Items Settings
    _1118 Custom_FullscreenMusic * start fullscreen audio playback
    _1119 CustomAddons * browse addons united under the same roof
    _1120 CustomStartupWindow.xml * define startup window

   -->
    <include file="Includes_Variables.xml"/>
    <include file="Includes_Codec.xml"/>
    <include file="Includes_CustomColors.xml"/>
    <include file="Includes_PVR.xml"/>
    <include file="Includes_Animations.xml"/>
    <include file="defaults.xml"/>
    <include file="Includes_Home_Common.xml"/>
    <include file="Includes_Home_Common_Plexbmc.xml"/>
    <include file="Includes_Horizontal_Home.xml"/>
    <include file="Includes_Horizontal_Home_BG.xml"/>
    <include file="Includes_Vertical_Home.xml"/>
    <include file="Includes_Shelf_Plexbmc_Contents.xml"/>
    <include file="Includes_Weather.xml"/>
    <include file="Includes_SkinShortcuts.xml"/>
    <include file="Includes_View_Modes.xml"/>
    <include file="View_50.xml"/>
    <include file="View_50_BG.xml"/>
    <include file="View_51_Panel.xml"/>
    <include file="View_52_BigList.xml"/>
    <include file="View_53_Grid.xml"/>
    <include file="View_54_LowList.xml"/>
    <include file="View_55_BigPanel.xml"/>
    <include file="View_55_BigPanel_BG.xml"/>
    <include file="View_56_BannerList.xml"/>
    <include file="View_56_BannerList_BG.xml"/>
    <include file="View_57_58_59_Showcase.xml"/>
    <include file="View_5050_CardList.xml"/>
    <include file="View_PVR.xml"/>
    <include file="View_PVR_BG.xml"/>
    <include file="script-skinshortcuts-includes.xml"/>
    <include name="Player_Show">
        <control type="image">
            <visible>Player.HasVideo + Skin.HasSetting(Show_Player) + !Window.IsVisible(script-Actors-DialogVideoInfo.xml)</visible>
            <posx>0</posx>
            <posy>0</posy>
            <width>1920</width>
            <height>1080</height>
            <texture>common/BlackDot.png</texture>
        </control>
        <control type="multiimage">
            <visible>[Player.HasAudio + IsEmpty(Window(videolibrary).Property(PlayingBackgroundMedia))] + [Skin.HasSetting(Show_Player)|window.isactive(visualisation)] + Skin.HasSetting(MusicPlayingFanart) + !IsEmpty(Window(Visualisation).Property(ArtistSlideshow))</visible>
            <include>KenBurns</include>
            <include>Dimensions_Fullscreen</include>
            <imagepath background="true">$INFO[Window(Visualisation).Property(ArtistSlideshow)]</imagepath>
            <aspectratio aligny="top">scale</aspectratio>
            <timeperimage>14000</timeperimage>
            <fadetime>400</fadetime>
            <randomize>true</randomize>
            <animation effect="fade" start="0" end="100" time="250">Visible</animation>
            <animation effect="fade" start="100" end="0" time="250">Hidden</animation>
        </control>
        <control type="image">
            <visible>[Player.HasAudio + IsEmpty(Window(videolibrary).Property(PlayingBackgroundMedia))] + [Skin.HasSetting(Show_Player)|window.isactive(visualisation)] + Skin.HasSetting(MusicPlayingFanart) + IsEmpty(Window(Visualisation).Property(ArtistSlideshow))</visible>
            <include>Dimensions_Fullscreen</include>
            <include>KenBurns</include>
            <fadetime>400</fadetime>
            <aspectratio>scale</aspectratio>
            <texture background="true">$INFO[MusicPlayer.Property(Fanart_Image)]</texture>
            <animation effect="fade" start="0" end="100" time="250">Visible</animation>
            <animation effect="fade" start="100" end="0" time="250">Hidden</animation>
        </control>
        <control type="visualisation">
            <visible>[Player.HasAudio + IsEmpty(Window(videolibrary).Property(PlayingBackgroundMedia))] + [Skin.HasSetting(Show_Player)|window.isactive(visualisation)]</visible>
            <posx>0</posx>
            <posy>0</posy>
            <width>1920</width>
            <height>1080</height>
        </control>
        <control type="videowindow">
            <visible>Player.HasVideo + Skin.HasSetting(Show_Player) + !Window.IsVisible(script-Actors-DialogVideoInfo.xml)</visible>
            <posx>0</posx>
            <posy>0</posy>
            <width>1920</width>
            <height>1080</height>
        </control>
    </include>
    <include name="HiddenButton">
        <posx>-30</posx>
        <posy>-30</posy>
        <width>1</width>
        <height>1</height>
        <label>-</label>
        <texturenofocus>-</texturenofocus>
        <texturefocus>-</texturefocus>
    </include>
    <include name="DimBG">
        <control type="image">
            <posx>-1920</posx>
            <posy>-1080</posy>
            <width>5760</width>
            <height>3240</height>
            <texture>common/BlackDotT.png</texture>
        </control>
    </include>
    <include name="Dimensions_Fullscreen">
        <posx>0</posx>
        <posy>0</posy>
        <width>1920</width>
        <height>1080</height>
    </include>
    <include name="TopBarButton">
        <width>50</width>
        <height>50</height>
        <font>-</font>
        <label>-</label>
    </include>
    <include name="FakeTopBarButton">
        <width>5</width>
        <height>50</height>
        <texturenofocus>-</texturenofocus>
        <texturefocus>-</texturefocus>
    </include>
    <include name="BgOverlayFanart">
        <animation effect="fade" start="70" end="70" time="0" condition="Skin.HasSetting(BlackGlassMode)+!Skin.HasSetting(DisableFanart)">Conditional</animation>
    </include>
    <include name="TopBar">
        <control type="button" id="8998">
            <description>Fake button for mouse control</description>
            <posx>295</posx>
            <posy>0</posy>
            <width>1330</width>
            <height>100</height>
            <label>-</label>
            <font>-</font>
            <texturenofocus>-</texturenofocus>
            <texturefocus>-</texturefocus>
            <visible>true</visible>
            <onfocus>SetFocus(9900)</onfocus>
        </control>
        <control type="group">
            <visible>!Window.isvisible(DialogVideoInfo.xml)</visible>
            <animation effect="slide" start="0,0" end="0,130" time="150" condition="[ControlGroup(9900).HasFocus()|Control.HasFocus(8998)|Control.HasFocus(8997)]+control.IsVisible(495678)">Conditional</animation>
            <animation effect="slide" start="0,0" end="0,77" time="150" condition="[ControlGroup(9900).HasFocus()|Control.HasFocus(8998)|Control.HasFocus(8997)]+!control.IsVisible(495678)">Conditional</animation>
            <posy>-50</posy>
            <control type="image">
                <posx>-80</posx>
                <posy>-90</posy>
                <texture>common/basichome_upper_gradient.png</texture>
                <width>2220</width>
                <height>150</height>
            </control>
            <control type="button" id="8997">
                <description>Fake button for mouse control</description>
                <posx>295</posx>
                <posy>-110</posy>
                <width>1330</width>
                <height>100</height>
                <label>-</label>
                <font>-</font>
                <texturenofocus>-</texturenofocus>
                <texturefocus>-</texturefocus>
                <visible>true</visible>
            </control>
            <control type="grouplist" id="9900">
                <posx>0</posx>
                <posy>-10</posy>
                <width>1920</width>
                <height>100</height>
                <scrolltime>200</scrolltime>
                <orientation>horizontal</orientation>
                <onleft>9900</onleft>
                <onright>9900</onright>
                <onup>9000</onup>
                <ondown condition="Window.IsActive(Home.xml)">300</ondown>
                <ondown>9000</ondown>
                <itemgap>10</itemgap>
                <align>center</align>
                <control type="button" id="1600">
                    <include>TopBarButton</include>
                    <texturefocus>topbar/topbar_back_focus.png</texturefocus>
                    <texturenofocus>topbar/topbar_back_nofocus.png</texturenofocus>
                    <onclick>back</onclick>
                </control>
                <control type="button" id="1602">
                    <include>TopBarButton</include>
                    <texturefocus>topbar/topbar_home_focus.png</texturefocus>
                    <texturenofocus>topbar/topbar_home_nofocus.png</texturenofocus>
                    <onclick>Dialog.Close(all,true)</onclick>
                    <onclick>ActivateWindow(home)</onclick>
                </control>
                <control type="button" id="1604">
                    <include>TopBarButton</include>
                    <texturefocus>topbar/topbar_skipback_focus.png</texturefocus>
                    <texturenofocus>topbar/topbar_skipback_nofocus.png</texturenofocus>
                    <onclick>PlayerControl(Previous)</onclick>
                </control>
                <control type="button" id="1606">
                    <include>TopBarButton</include>
                    <texturefocus>topbar/topbar_rewind_focus.png</texturefocus>
                    <texturenofocus>topbar/topbar_rewind_nofocus.png</texturenofocus>
                    <onclick>PlayerControl(Rewind)</onclick>
                </control>
                <control type="togglebutton" id="1608">
                    <include>TopBarButton</include>
                    <texturefocus>topbar/topbar_pause_focus.png</texturefocus>
                    <texturenofocus>topbar/topbar_pause_nofocus.png</texturenofocus>
                    <usealttexture>Player.Paused | Player.Forwarding | Player.Rewinding</usealttexture>
                    <alttexturefocus>topbar/topbar_play_focus.png</alttexturefocus>
                    <alttexturenofocus>topbar/topbar_play_nofocus.png</alttexturenofocus>
                    <onclick>PlayerControl(Play)</onclick>
                </control>
                <control type="button" id="1610">
                    <include>TopBarButton</include>
                    <texturefocus>topbar/topbar_stop_focus.png</texturefocus>
                    <texturenofocus>topbar/topbar_stop_nofocus.png</texturenofocus>
                    <onclick>PlayerControl(Stop)</onclick>
                </control>
                <control type="button" id="1612">
                    <include>TopBarButton</include>
                    <texturefocus>topbar/topbar_fastforward_focus.png</texturefocus>
                    <texturenofocus>topbar/topbar_fastforward_nofocus.png</texturenofocus>
                    <onclick>PlayerControl(Forward)</onclick>
                </control>
                <control type="button" id="1614">
                    <include>TopBarButton</include>
                    <texturefocus>topbar/topbar_skipforward_focus.png</texturefocus>
                    <texturenofocus>topbar/topbar_skipforward_nofocus.png</texturenofocus>
                    <onclick>PlayerControl(Next)</onclick>
                </control>
                <control type="button" id="1616">
                    <include>TopBarButton</include>
                    <texturefocus>topbar/topbar_volume_mute_focus.png</texturefocus>
                    <texturenofocus>topbar/topbar_volume_mute_nofocus.png</texturenofocus>
                    <onclick>Mute</onclick>
                </control>
                <control type="button" id="1618">
                    <include>TopBarButton</include>
                    <texturefocus>topbar/topbar_volume_down_focus.png</texturefocus>
                    <texturenofocus>topbar/topbar_volume_down_nofocus.png</texturenofocus>
                    <onclick>VolumeDown</onclick>
                </control>
                <control type="button" id="1620">
                    <include>TopBarButton</include>
                    <texturefocus>topbar/topbar_volume_up_focus.png</texturefocus>
                    <texturenofocus>topbar/topbar_volume_up_nofocus.png</texturenofocus>
                    <onclick>VolumeUp</onclick>
                </control>
                <control type="button" id="1622">
                    <enable>Player.HasVideo | Player.HasAudio</enable>
                    <animation effect="fade" start="100" end="50" time="0" condition="![Player.HasVideo | Player.HasAudio]">Conditional</animation>
                    <include>TopBarButton</include>
                    <texturefocus>topbar/topbar_fullscreen_focus.png</texturefocus>
                    <texturenofocus>topbar/topbar_fullscreen_nofocus.png</texturenofocus>
                    <onclick>fullscreen</onclick>
                </control>
                <control type="button" id="1624">
                    <include>TopBarButton</include>
                    <texturefocus>topbar/topbar_settings_focus.png</texturefocus>
                    <texturenofocus>topbar/topbar_settings_nofocus.png</texturenofocus>
                    <onclick>ActivateWindow(Settings,return)</onclick>
                </control>
                <control type="button" id="1626">
                    <include>TopBarButton</include>
                    <texturefocus>topbar/topbar_shutdown_focus.png</texturefocus>
                    <texturenofocus>topbar/topbar_shutdown_nofocus.png</texturenofocus>
                    <onclick>ActivateWindow(shutdownmenu)</onclick>
                </control>
            </control>
            <control type="button" id="8997">
                <description>Fake button for mouse control</description>
                <posx>295</posx>
                <posy>40</posy>
                <width>1330</width>
                <height>30</height>
                <label>-</label>
                <font>-</font>
                <texturenofocus>-</texturenofocus>
                <texturefocus>-</texturefocus>
                <visible>true</visible>
            </control>
        </control>
    </include>
    <include name="Time">
        <control type="group">
            <control type="image">
                <visible>[[!Control.HasFocus(505050)+Skin.HasSetting(BlackGlassMode)+!Window.isvisible(Home.xml)]+
                    [[!Window.isvisible(MyWeather.xml)]|[!Skin.String(WeatherType,Map)+Window.isvisible(MyWeather.xml)]]]|
                    [Window.isvisible(DialogFavourites.xml)+Skin.HasSetting(BlackGlassMode)]</visible>
                <include>Icon_Fade</include>
                <posx>0</posx>
                <posy>0</posy>
                <width>1920</width>
                <height>1080</height>
                <include>BgOverlayFanart</include>
                <include>OverlayBG</include>
            </control>
            <control type="image">
                <visible>!Skin.HasSetting(BlackGlassMode)|control.hasfocus(505050)</visible>
                <visible>!Window.isvisible(Home.xml)</visible>
                <!--<include>VisibleFadeEffect</include>-->
                <posx>0</posx>
                <posy>-3</posy>
                <texture border="10">common/basichome_upper_gradient.png</texture>
                <width>1920</width>
                <height>240</height>
            </control>
            <control type="group">
                <include>PlexbmcFixTrick</include>
                <control type="button" id="505050">
                    <visible>[!Skin.HasSetting(BlackGlassMode)+!window.isactive(home)]|[Skin.HasSetting(BlackGlassMode)+!window.isactive(home)+!Skin.HasSetting(DisableFanart)]</visible>
                    <posx>1820</posx>
                    <posy>0</posy>
                    <width>100</width>
                    <height>100</height>
                    <texturefocus>-</texturefocus>
                    <texturenofocus>-</texturenofocus>
                    <onright>505050</onright>
                    <onleft condition="Control.isvisible(50)">50</onleft>
                    <onleft condition="Control.isvisible(51)">51</onleft>
                    <onleft condition="Control.isvisible(52)">52</onleft>
                    <onleft condition="Control.isvisible(53)">53</onleft>
                    <onleft condition="Control.isvisible(54)">54</onleft>
                    <onleft condition="Control.isvisible(55)">55</onleft>
                    <onleft condition="Control.isvisible(56)">56</onleft>
                    <onleft condition="Control.isvisible(500)">500</onleft>
                    <onleft condition="Control.isvisible(570)">570</onleft>
                    <onup condition="Control.isvisible(5050)">5050</onup>
                    <onup condition="Control.isvisible(57)">57</onup>
                    <onup condition="Control.isvisible(58)">58</onup>
                    <onup condition="Control.isvisible(59)">59</onup>
                    <ondown>505050</ondown>
                    <!-- <onclick>SendClick(10025,50)</onclick> -->
                    <onclick>Control.SetFocus(50)</onclick>
                    <!-- <onup>Control.Move(50,-1)</onup>
                    <ondown>Control.Move(50,1)</ondown> -->
                </control>
                <include>TopBar</include>
                <control type="group" id="495678">
                    <visible>[[Player.HasAudio + IsEmpty(Window(videolibrary).Property(PlayingBackgroundMedia))]|Player.HasVideo]+[window.isactive(AddonBrowser.xml)|window.isactive(FileManager.xml)|window.isactive(Home.xml)|window.isactive(MyMusicNav.xml)|window.isactive(MyMusicSongs.xml)|window.isactive(MyPics.xml)|window.isactive(MyPrograms.xml)|window.isactive(MyPVRChannels.xml)|window.isactive(MyPVRGuide.xml)|window.isactive(MyPVRRecordings.xml)|window.isactive(MyPVRSearch.xml)|window.isactive(MyPVRTimers.xml)|window.isactive(MyVideoNav.xml)|window.isactive(MyWeather.xml)|window.isactive(CustomAddons.xml)]</visible>
                    <animation effect="slide" tween="circle" easing="out" time="250" start="0,0" end="580,0" condition="[ControlGroup(9000).HasFocus()|Control.HasFocus(8999)]+Skin.HasSetting(BlackGlassMode)+!Skin.HasSetting(DisableSlidingAnimations)">conditional</animation>
                    <animation effect="slide" start="0,-88" end="0,0" time="200">Visible</animation>
                    <animation effect="slide" start="0,0" end="0,-88" time="200">Hidden</animation>
                    <posy>0</posy>
                    <control type="image">
                        <posx>295</posx>
                        <posy>-330</posy>
                        <width>1330</width>
                        <height>417</height>
                        <texture>common/bg_dialog.png</texture>
                    </control>
                    <control type="label">
                        <visible>[Player.HasAudio + IsEmpty(Window(videolibrary).Property(PlayingBackgroundMedia))]</visible>
                        <posx>360</posx>
                        <posy>0</posy>
                        <height>46</height>
                        <width>950</width>
                        <scroll>false</scroll>
                        <align>left</align>
                        <font>NotificationFont</font>
                        <textcolor>MainColor</textcolor>
                        <label>$INFO[MusicPlayer.Artist,,  •  ]$INFO[MusicPlayer.Title,[COLOR=AlternateColor],[/COLOR]]</label>
                    </control>
                    <control type="label">
                        <visible>[Player.HasAudio + IsEmpty(Window(videolibrary).Property(PlayingBackgroundMedia))]</visible>
                        <posx>1555</posx>
                        <posy>0</posy>
                        <height>46</height>
                        <width>300</width>
                        <scroll>false</scroll>
                        <align>right</align>
                        <font>NotificationFont</font>
                        <textcolor>MainColor</textcolor>
                        <label>$INFO[MusicPlayer.TimeSpeed] - $INFO[MusicPlayer.Duration]</label>
                    </control>
                    <control type="label">
                        <visible>Player.hasvideo + VideoPlayer.Content(livetv)</visible>
                        <posx>360</posx>
                        <posy>0</posy>
                        <height>46</height>
                        <width>750</width>
                        <scroll>false</scroll>
                        <align>left</align>
                        <font>NotificationFont</font>
                        <textcolor>MainColor</textcolor>
                        <label>$INFO[VideoPlayer.ChannelNumber,,  •  ]$INFO[VideoPlayer.ChannelName]$INFO[VideoPlayer.Title,  •  ]</label>
                    </control>
                    <control type="label">
                        <visible>Player.hasvideo + !VideoPlayer.Content(livetv)</visible>
                        <posx>360</posx>
                        <posy>0</posy>
                        <height>46</height>
                        <width>750</width>
                        <scroll>false</scroll>
                        <align>left</align>
                        <font>NotificationFont</font>
                        <textcolor>MainColor</textcolor>
                        <label>$INFO[VideoPlayer.TVShowTitle]$INFO[VideoPlayer.Artist,,  •  ]$INFO[VideoPlayer.Album,,  •  ]$INFO[VideoPlayer.Season,  •  $LOCALIZE[31973],.]$INFO[VideoPlayer.Episode,,  •  ]$INFO[VideoPlayer.Title]</label>
                    </control>
                    <control type="label">
                        <visible>Player.hasvideo + [[VideoPlayer.HasEpg+VideoPlayer.Content(livetv)]|!VideoPlayer.Content(livetv)]</visible>
                        <posx>1555</posx>
                        <posy>0</posy>
                        <height>46</height>
                        <width>400</width>
                        <scroll>false</scroll>
                        <align>right</align>
                        <font>NotificationFont</font>
                        <textcolor>AlternateColor</textcolor>
                        <label>$INFO[VideoPlayer.TimeSpeed] - $INFO[VideoPlayer.Duration]</label>
                    </control>
                </control>
            </control>
            <control type="label">
                <visible>![window.IsActive(DialogVolumeBar.xml) + !Player.Muted]</visible>
                <include>VisibleFadeEffect</include>
                <animation effect="slide" tween="circle" easing="out" time="250" start="0,0" end="580,0" condition="[ControlGroup(9000).HasFocus()|Control.HasFocus(8999)]+Skin.HasSetting(BlackGlassMode)+!Skin.HasSetting(DisableSlidingAnimations)">conditional</animation>
                <include condition="Skin.HasSetting(BlackGlassMode)+!Skin.HasSetting(DisableSlidingAnimations)">OpenCloseSlideRight</include>
                <posx>TextMarginR</posx>
                <posy>18</posy>
                <width>500</width>
                <align>right</align>
                <aligny>top</aligny>
                <font>WindowTitleFont</font>
                <textcolor>WindowTitleColor</textcolor>
                <shadowcolor>-</shadowcolor>
                <label>$INFO[System.Time]</label>
            </control>
            <control type="label">
                <visible>![window.IsActive(DialogVolumeBar.xml) + !Player.Muted]</visible>
                <include>VisibleFadeEffect</include>
                <animation effect="slide" tween="circle" easing="out" time="250" start="0,0" end="580,0" condition="[ControlGroup(9000).HasFocus()|Control.HasFocus(8999)]+Skin.HasSetting(BlackGlassMode)+!Skin.HasSetting(DisableSlidingAnimations)">conditional</animation>
                <include condition="Skin.HasSetting(BlackGlassMode)+!Skin.HasSetting(DisableSlidingAnimations)">OpenCloseSlideRight</include>
                <description>Date label</description>
                <posx>TextMarginR</posx>
                <posy>68</posy>
                <width>500</width>
                <align>right</align>
                <aligny>top</aligny>
                <font>WindowTitleSubFont</font>
                <textcolor>WindowTitleSubColor</textcolor>
                <shadowcolor>-</shadowcolor>
                <label>$INFO[System.Date]</label>
            </control>
            <control type="image">
                <animation effect="slide" tween="circle" easing="out" time="250" start="0,0" end="580,0" condition="[ControlGroup(9000).HasFocus()|Control.HasFocus(8999)]+Skin.HasSetting(BlackGlassMode)+!Skin.HasSetting(DisableSlidingAnimations)">conditional</animation>
                <include condition="Skin.HasSetting(BlackGlassMode)+!Skin.HasSetting(DisableSlidingAnimations)">OpenCloseSlideRight</include>
                <posx>1881</posx>
                <posy>-25</posy>
                <width>64</width>
                <height>64</height>
                <texture>OverlayTopRecording.png</texture>
                <include>VisibleFadeEffect</include>
                <visible>PVR.IsRecording</visible>
                <animation effect="fade" start="65" time="3000" condition="true" pulse="true">Conditional</animation>
            </control>
        </control>
    </include>
    <include name="SeekbarLabels">
        <posx>40</posx>
        <posy>0</posy>
        <height>52</height>
        <width>1840</width>
        <align>center</align>
        <textcolor>aaffffff</textcolor>
        <font>OSDFont</font>
        <shadowcolor>ShadowColor</shadowcolor>
        <animation effect="fade" time="50">VisibleChange</animation>
    </include>
    <include name="Stars">
        <!-- <visible>!IsEmpty(ListItem.StarRating)</visible> -->
        <height>36</height>
        <width>180</width>
        <aspectratio align="left">keep</aspectratio>
        <texture fallback="rating0.png">$INFO[ListItem.StarRating]</texture>
    </include>
    <include name="ThumbBorder">
        <bordertexture border="27">common/JewelCase.png</bordertexture>
        <bordersize>27</bordersize>
    </include>
    <include name="EpisodeThumb">
        <texture background="true" fallback="defaultIconBig.png">$VAR[Thumbs]</texture>
        <aspectratio scalediffuse="false">keep</aspectratio>
    </include>
    <include name="SquareThumb">
        <texture background="true" fallback="defaultIconBig.png">$VAR[Thumbs]</texture>
        <aspectratio scalediffuse="false">keep</aspectratio>
    </include>
    <include name="PosterThumb">
        <texture background="true" fallback="defaultIconBig.png">$VAR[Thumbs]</texture>
        <aspectratio aligny="top" scalediffuse="false">scale</aspectratio>
    </include>
    <include name="9000GrouplistParameters">
        <control type="button" id="2">
            <include>LeftMenuButton</include>
        </control>
        <control type="radiobutton" id="9156">
            <visible>Control.IsVisible(53) + [Container.Content(TVShows)|Container.Content(seasons)|Container.Content(movies)|Container.Content(sets)]</visible>
            <font>LeftMenuSubButtonFont</font>
            <textwidth>450</textwidth>
            <include>LeftMenuButton</include>
            <onclick>Skin.ToggleSetting(53_UseBanners)</onclick>
            <selected>Skin.HasSetting(53_UseBanners)</selected>
            <label>$LOCALIZE[31992]</label>
        </control>
        <control type="radiobutton" id="9157">
            <visible>Control.IsVisible(53)+!Skin.HasSetting(53_UseBanners)+!Container.Content(episodes)</visible>
            <font>LeftMenuSubButtonFont</font>
            <textwidth>450</textwidth>
            <include>LeftMenuButton</include>
            <onclick>Skin.ToggleSetting(53_BigGrid)</onclick>
            <selected>Skin.HasSetting(53_BigGrid)</selected>
            <label>$LOCALIZE[538]</label>
        </control>
        <control type="radiobutton" id="9160">
            <visible>Control.IsVisible(55) + [Container.Content(TVShows)|Container.Content(seasons)|Container.Content(movies)|Container.Content(sets)]</visible>
            <font>LeftMenuSubButtonFont</font>
            <textwidth>450</textwidth>
            <include>LeftMenuButton</include>
            <onclick>Skin.ToggleSetting(55_UseBanners)</onclick>
            <selected>Skin.HasSetting(55_UseBanners)</selected>
            <label>$LOCALIZE[31992]</label>
        </control>
        <control type="radiobutton" id="9162">
            <visible>Control.IsVisible(57) + container.content(episodes)</visible>
            <font>LeftMenuSubButtonFont</font>
            <textwidth>450</textwidth>
            <include>LeftMenuButton</include>
            <onclick>Skin.ToggleSetting(Episodes_Gallery)</onclick>
            <selected>Skin.HasSetting(Episodes_Gallery)</selected>
            <label>$LOCALIZE[31970]</label>
        </control>
        <control type="radiobutton" id="9165">
            <visible>Control.IsVisible(58) + ![[container.content(MusicVideos) + Window.IsActive(myvideonav.xml)] | Container.content(actors) | container.content(movies) | container.content(tvshows) | container.content(seasons)|container.content(episodes)]</visible>
            <font>LeftMenuSubButtonFont</font>
            <textwidth>450</textwidth>
            <include>LeftMenuButton</include>
            <onclick>Skin.ToggleSetting(Music_Gallery)</onclick>
            <selected>Skin.HasSetting(Music_Gallery)</selected>
            <label>$LOCALIZE[31970]</label>
        </control>
        <control type="radiobutton" id="9168">
            <visible>Control.IsVisible(59) + [[container.content(MusicVideos) + Window.IsActive(myvideonav.xml)] | Container.content(actors) | container.content(movies) | container.content(tvshows) | container.content(seasons)]</visible>
            <font>LeftMenuSubButtonFont</font>
            <textwidth>450</textwidth>
            <include>LeftMenuButton</include>
            <onclick>Skin.ToggleSetting(Posters_Gallery)</onclick>
            <selected>Skin.HasSetting(Posters_Gallery)</selected>
            <label>$LOCALIZE[31970]</label>
        </control>
        <control type="label" id="9181">
            <textoffsety>35</textoffsety>
            <height>69</height>
            <include>LeftMenuTitleLabel</include>
            <include>LeftMenuButton</include>
            <label>$LOCALIZE[581]</label>
        </control>
        <control type="image" id="9182">
            <width>577</width>
            <height>2</height>
            <texture border="0,0,0,2">list/bg_facade_nofocus_top.png</texture>
        </control>
    </include>
    <include name="KeyboardButtons">
        <align>center</align>
        <aligny>center</aligny>
        <textoffsetx>0</textoffsetx>
        <width>90</width>
        <height>85</height>
        <font>ButtonFont</font>
        <focusedcolor>MainColor</focusedcolor>
        <include>KeyboardTextureFocus</include>
        <texturenofocus border="27">buttons/bg_button_nofocus.png</texturenofocus>
        <include>KeyboardAltTextureFocus</include>
        <alttexturenofocus border="27">buttons/bg_button_nofocus.png</alttexturenofocus>
    </include>
    <include name="List_9009_Commons">
        <posx>0</posx>
        <posy>0</posy>
        <width>1131</width>
        <height>730</height>
        <onleft>9000</onleft>
        <onright>60</onright>
        <onup>9000</onup>
        <ondown>9000</ondown>
        <pagecontrol>60</pagecontrol>
        <itemlayout height="73" width="1131">
            <control type="image">
                <posx>0</posx>
                <posy>0</posy>
                <height>73</height>
                <width>1131</width>
                <texture border="3">list/bg_facade_nofocus.png</texture>
            </control>
            <control type="label">
                <posx>TextMargin</posx>
                <posy>2</posy>
                <height>28</height>
                <width>1041</width>
                <font>FacadeListSubFont</font>
                <textcolor>SublistFocusColor</textcolor>
                <label>$INFO[ListItem.Label]</label>
                <scroll>false</scroll>
            </control>
            <control type="label">
                <posx>TextMargin</posx>
                <posy>26</posy>
                <height>42</height>
                <width>1041</width>
                <font>FacadeListMainFont</font>
                <textcolor>ListFocusColor</textcolor>
                <label>$INFO[ListItem.Label2]</label>
                <scroll>false</scroll>
            </control>
        </itemlayout>
        <focusedlayout height="73" width="1131">
            <control type="image">
                <posx>0</posx>
                <posy>0</posy>
                <height>73</height>
                <width>1131</width>
                <include>FacadeFocus</include>
            </control>
            <control type="label">
                <posx>TextMargin</posx>
                <posy>2</posy>
                <height>28</height>
                <width>1041</width>
                <font>FacadeListSubFont</font>
                <textcolor>SublistFocusColor</textcolor>
                <label>$INFO[ListItem.Label]</label>
            </control>
            <control type="label">
                <posx>TextMargin</posx>
                <posy>26</posy>
                <height>42</height>
                <width>1041</width>
                <font>FacadeListMainFont</font>
                <textcolor>ListFocusColor</textcolor>
                <label>$INFO[ListItem.Label2]</label>
            </control>
        </focusedlayout>
    </include>
    <include name="KenBurns">
        <animation effect="zoom" start="110" end="130" center="auto" time="15000" tween="cubic" easing="inout" pulse="true" condition="Skin.HasSetting(KenBurnsEffect)">Conditional</animation>
        <animation effect="slide" start="-10,-10" end="20,20" time="7000" tween="cubic" easing="inout" pulse="true" condition="Skin.HasSetting(KenBurnsEffect)">Conditional</animation>
    </include>
    <include name="Fanart_Art_Extra">
        <control type="multiimage">
            <include>KenBurns</include>
            <posx>0</posx>
            <posy>0</posy>
            <width>1920</width>
            <height>1080</height>
            <timeperimage>9000</timeperimage>
            <randomize>true</randomize>
            <fadetime>400</fadetime>
            <aspectratio aligny="top">scale</aspectratio>
            <imagepath background="true">$INFO[ListItem.Path]extrafanart/</imagepath>
        </control>
    </include>
    <include name="Fanart_Art">
        <include condition="Skin.HasSetting(BlackGlassMode)">OpenClose</include>
        <control type="multiimage">
            <include>KenBurns</include>
            <posx>0</posx>
            <posy>0</posy>
            <width>1920</width>
            <height>1080</height>
            <timeperimage>9000</timeperimage>
            <randomize>true</randomize>
            <fadetime>400</fadetime>
            <aspectratio aligny="top">scale</aspectratio>
            <imagepath background="true">$VAR[Fanart.Art]</imagepath>
        </control>
        <include condition="!Skin.HasSetting(DisableFanart)+Skin.HasSetting(EnableExtraFanart)">Fanart_Art_Extra</include>
    </include>
    <constant name="TextMargin">45</constant>
    <constant name="TextMarginR">45r</constant>
    <include name="WindowTitle">
        <animation effect="slide" tween="circle" easing="out" time="250" start="0,0" end="580,0" condition="[ControlGroup(9000).HasFocus()|Control.HasFocus(8999)]+Skin.HasSetting(BlackGlassMode)+!Skin.HasSetting(DisableSlidingAnimations)">conditional</animation>
        <posx>TextMargin</posx>
        <posy>18</posy>
        <width>1200</width>
        <aligny>top</aligny>
        <font>WindowTitleFont</font>
        <shadowcolor>-</shadowcolor>
        <textcolor>WindowTitleColor</textcolor>
    </include>
    <include name="WindowTitleSub">
        <animation effect="slide" tween="circle" easing="out" time="250" start="0,0" end="580,0" condition="[ControlGroup(9000).HasFocus()|Control.HasFocus(8999)]+Skin.HasSetting(BlackGlassMode)+!Skin.HasSetting(DisableSlidingAnimations)">conditional</animation>
        <posx>TextMargin</posx>
        <posy>68</posy>
        <width>1200</width>
        <aligny>top</aligny>
        <font>WindowTitleSubFont</font>
        <textcolor>WindowTitleSubColor</textcolor>
        <shadowcolor>-</shadowcolor>
    </include>
    <include name="FacadeNumItems">
        <include>VisibleFadeEffect</include>
        <posx>1890</posx>
        <posy>1010</posy>
        <width>594</width>
        <height>68</height>
        <align>right</align>
        <font>FacadeNumItemsFont</font>
        <textcolor>FacadeNumItemsColor</textcolor>
    </include>
    <include name="LeftMenu">
        <animation effect="slide" tween="circle" easing="out" time="250" start="0,0" end="580,0" condition="[ControlGroup(9000).HasFocus()|Control.HasFocus(8999)]">Conditional</animation>
        <animation effect="slide" time="150" end="-600,0">WindowClose</animation>
        <animation effect="slide" tween="circle" easing="out" time="150" start="-20,0" end="20,0">WindowOpen</animation>
        <control type="image">
            <posx>-600</posx>
            <posy>-35</posy>
            <width>627</width>
            <height>1149</height>
            <texture>common/bg_left.png</texture>
        </control>
        <control type="button" id="8999">
            <description>Fake button for mouse control</description>
            <posx>-600</posx>
            <posy>0</posy>
            <width>627</width>
            <height>980</height>
            <label>-</label>
            <font>-</font>
            <texturenofocus>-</texturenofocus>
            <texturefocus>-</texturefocus>
            <visible>true</visible>
        </control>
        <control type="image">
            <posx>-600</posx>
            <posy>-1</posy>
            <width>577</width>
            <height>79</height>
            <texture>list/bg_facade_nofocus_top.png</texture>
        </control>
        <control type="image">
            <posx>-600</posx>
            <posy>-1</posy>
            <width>577</width>
            <height>79</height>
            <texture>list/bg_facade_nofocus_top.png</texture>
        </control>
        <control type="image">
            <posx>-600</posx>
            <posy>922</posy>
            <width>577</width>
            <height>79</height>
            <texture>list/bg_facade_nofocus_top.png</texture>
        </control>
    </include>
    <include name="LeftMenuTitleLabel">
        <posx>-600</posx>
        <posy>11</posy>
        <textoffsetx>45</textoffsetx>
        <textoffsety>32</textoffsety>
        <align>left</align>
        <aligny>top</aligny>
        <width>590</width>
        <font>LeftMenuTitleFont</font>
        <textcolor>60ffffff</textcolor>
    </include>
    <include name="LeftMenuButtonGroup">
        <posx>-600</posx>
        <posy>78</posy>
        <width>578</width>
        <height max="923">auto</height>
        <itemgap>0</itemgap>
        <scrolltime>200</scrolltime>
        <orientation>vertical</orientation>
        <onup>9900</onup>
    </include>
    <include name="LeftMenuButton">
        <height>71</height>
        <width>578</width>
        <font>LeftMenuButtonFont</font>
        <align>left</align>
        <radioposx>505</radioposx>
        <textoffsetx>TextMargin</textoffsetx>
        <include>TextureFocus</include>
        <texturenofocus border="4">list/bg_facade_nofocus.png</texturenofocus>
        <include>AltTextureFocus</include>
        <alttexturenofocus border="4">list/bg_facade_nofocus.png</alttexturenofocus>
    </include>
    <include name="RightDialogButton">
        <width>433</width>
        <height>73</height>
        <font>LeftMenuButtonFont</font>
        <align>left</align>
        <radioposx>505</radioposx>
        <textoffsetx>TextMargin</textoffsetx>
        <include>TextureFocus</include>
        <texturenofocus border="4">list/bg_facade_nofocus.png</texturenofocus>
        <include>AltTextureFocus</include>
        <alttexturenofocus border="4">list/bg_facade_nofocus.png</alttexturenofocus>
    </include>
    <include name="VerticalScroller">
        <texturesliderbackground>-</texturesliderbackground>
        <texturesliderbar border="0,31,0,31">buttons/Scrollbar_Vertical_NoFocus.png</texturesliderbar>
        <texturesliderbarfocus border="0,31,0,31">buttons/Scrollbar_Vertical_Focus.png</texturesliderbarfocus>
        <textureslidernib>-</textureslidernib>
        <textureslidernibfocus>-</textureslidernibfocus>
        <showonepage>false</showonepage>
        <orientation>vertical</orientation>
        <width>42</width>
    </include>
    <include name="HorizontalScroller">
        <texturesliderbackground>-</texturesliderbackground>
        <texturesliderbar border="31,0,31,0">buttons/Scrollbar_Horizontal_NoFocus.png</texturesliderbar>
        <texturesliderbarfocus border="31,0,31,0">buttons/Scrollbar_Horizontal_Focus.png</texturesliderbarfocus>
        <textureslidernib>-</textureslidernib>
        <textureslidernibfocus>-</textureslidernibfocus>
        <showonepage>false</showonepage>
        <orientation>horizontal</orientation>
        <height>42</height>
    </include>
    <include name="bg_tvguide">
        <texture border="90">common/bg_tvguide.png</texture>
    </include>
    <include name="bg_tvguide_BG">
        <texture border="90">common/bg_tvguide2.png</texture>
    </include>
    <include name="SkinSettingsButton">
        <width>300</width>
        <height>90</height>
        <align>center</align>
        <aligny>center</aligny>
        <radioposx>215</radioposx>
        <font>ExtraSmallButtonFont</font>
        <textoffsetx>0</textoffsetx>
        <textcolor>AlternateColor</textcolor>
        <shadowcolor>ShadowColor</shadowcolor>
        <focusedcolor>MainColor</focusedcolor>
        <selectedcolor>SelectedColor</selectedcolor>
        <disabledcolor>DisabledColor</disabledcolor>
        <include>ButtonTextureFocus</include>
        <texturenofocus border="30">buttons/bg_button_nofocus.png</texturenofocus>
        <pulseonselect>false</pulseonselect>
    </include>
    <include name="SkinSettings_DefaultLayout">
        <itemlayout width="1231" height="73">
            <control type="image">
                <posx>0</posx>
                <posy>0</posy>
                <height>73</height>
                <width>1231</width>
                <texture border="3">list/bg_facade_nofocus.png</texture>
            </control>
            <control type="label">
                <visible>!StringCompare(ListItem.Label,)</visible>
                <posx>TextMargin</posx>
                <height>71</height>
                <width>1041</width>
                <font>FacadeListMainFont</font>
                <textcolor>ListNoFocusColor</textcolor>
                <label>$INFO[ListItem.Label]</label>
                <scroll>false</scroll>
            </control>
            <control type="label">
                <posx>645r</posx>
                <visible>!StringCompare(ListItem.Label,)</visible>
                <height>71</height>
                <width>600</width>
                <align>right</align>
                <font>FacadeListMainFont</font>
                <textcolor>MainColor</textcolor>
                <label>$INFO[ListItem.Label2]</label>
                <scroll>false</scroll>
            </control>
            <control type="label">
                <visible>StringCompare(ListItem.Label,)</visible>
                <posx>TextMargin</posx>
                <posy>10</posy>
                <height>78</height>
                <width>900</width>
                <font>LeftMenuTitleFont</font>
                <textcolor>AlternateColor</textcolor>
                <label>$INFO[ListItem.Label2]</label>
                <scroll>false</scroll>
            </control>
        </itemlayout>
        <focusedlayout width="1231" height="73">
            <control type="image">
                <posx>0</posx>
                <posy>0</posy>
                <height>73</height>
                <width>1231</width>
                <include>FacadeFocus</include>
            </control>
            <control type="label">
                <visible>!StringCompare(ListItem.Label,)</visible>
                <posx>TextMargin</posx>
                <height>71</height>
                <width>1041</width>
                <font>FacadeListMainFont</font>
                <textcolor>ListFocusColor</textcolor>
                <label>$INFO[ListItem.Label]</label>
            </control>
            <control type="label">
                <posx>645r</posx>
                <visible>!StringCompare(ListItem.Label,)</visible>
                <height>71</height>
                <width>600</width>
                <align>right</align>
                <font>FacadeListMainFont</font>
                <textcolor>MainColor</textcolor>
                <label>$INFO[ListItem.Label2]</label>
            </control>
            <control type="label">
                <visible>StringCompare(ListItem.Label,)</visible>
                <posx>TextMargin</posx>
                <posy>10</posy>
                <height>78</height>
                <width>900</width>
                <font>LeftMenuTitleFont</font>
                <textcolor>MainColor</textcolor>
                <label>$INFO[ListItem.Label2]</label>
            </control>
        </focusedlayout>
    </include>
    <include name="TVNextAiredListCommonLayout">
        <posx>0</posx>
        <width>1420</width>
        <height>71</height>
        <scrolltime>200</scrolltime>
        <orientation>horizontal</orientation>
        <onleft>9000</onleft>
        <itemlayout height="71" width="568">
            <control type="label">
                <posx>25</posx>
                <height>42</height>
                <width>518</width>
                <font>FacadeListMainFont</font>
                <textcolor>ListNoFocusColor</textcolor>
                <label>$INFO[ListItem.Label]</label>
                <scroll>false</scroll>
            </control>
            <control type="label">
                <visible>!ListItem.Property(SecondWeek)</visible>
                <posx>25</posx>
                <posy>39</posy>
                <height>28</height>
                <width>518</width>
                <font>FacadeListSubFont</font>
                <textcolor>SublistNoFocusColor</textcolor>
                <label>$INFO[ListItem.Property(ShortTime)]$INFO[ListItem.Property(Network),  •  ]</label>
                <scroll>false</scroll>
            </control>
            <control type="label">
                <visible>ListItem.Property(SecondWeek)</visible>
                <posx>25</posx>
                <posy>39</posy>
                <height>28</height>
                <width>518</width>
                <font>FacadeListSubFont</font>
                <textcolor>SublistNoFocusColor</textcolor>
                <label>$INFO[ListItem.Property(ShortTime)]$INFO[ListItem.Property(NextDay),  •  ]$INFO[ListItem.Property(Network),  •  ]</label>
                <scroll>false</scroll>
            </control>
        </itemlayout>
        <focusedlayout height="71" width="1440">
            <control type="image">
                <posx>0</posx>
                <posy>0</posy>
                <height>71</height>
                <width>568</width>
                <include>FacadeFocus</include>
            </control>
            <control type="label">
                <posx>25</posx>
                <height>42</height>
                <width>518</width>
                <font>FacadeListMainFont</font>
                <textcolor>ListFocusColor</textcolor>
                <label>$INFO[ListItem.Label]</label>
                <scroll>false</scroll>
            </control>
            <control type="label">
                <visible>!ListItem.Property(SecondWeek)</visible>
                <posx>25</posx>
                <posy>39</posy>
                <height>28</height>
                <width>518</width>
                <font>FacadeListSubFont</font>
                <textcolor>SublistFocusColor</textcolor>
                <label>$INFO[ListItem.Property(ShortTime)]$INFO[ListItem.Property(Network),  •  ]</label>
                <scroll>false</scroll>
            </control>
            <control type="label">
                <visible>ListItem.Property(SecondWeek)</visible>
                <posx>25</posx>
                <posy>39</posy>
                <height>28</height>
                <width>518</width>
                <font>FacadeListSubFont</font>
                <textcolor>SublistFocusColor</textcolor>
                <label>$INFO[ListItem.Property(ShortTime)]$INFO[ListItem.Property(NextDay),  •  ]$INFO[ListItem.Property(Network),  •  ]</label>
                <scroll>false</scroll>
            </control>
        </focusedlayout>
    </include>
    <include name="OSDInfoPanel">
        <control type="group">
            <include condition="Skin.HasSetting(BlackGlassMode)+!Skin.HasSetting(DisableSlidingAnimations)">OpenCloseSlideRight</include>
            <include name="WindowClosingButton">
                <param name="id" value="9001"/>
                <param name="x" value="1637"/>
                <param name="y" value="479"/>
            </include>
            <control type="group">
                <!-- CLEAR ART / LOGO -->
                <control type="image">
                    <visible>Skin.HasSetting(EnableClearArt)</visible>
                    <animation type="Conditional" pulse="true" reversible="false" condition="Skin.HasSetting(EnableClearLogo)+
                    [!IsEmpty(Player.Art(clearlogo))|!IsEmpty(Player.Art(tvshow.clearlogo))]+
                    [!IsEmpty(Player.Art(clearart))|!IsEmpty(Player.Art(tvshow.clearart))]">
                        <effect type="slide" start="0,0" end="0,0" time="1500" delay="3500"/>
                        <effect type="fade" start="100" end="0" time="500" delay="3000"/>
                    </animation>
                    <posx>645r</posx>
                    <posy>283</posy>
                    <width>300</width>
                    <height>235</height>
                    <aspectratio align="right" aligny="bottom">keep</aspectratio>
                    <texture background="true">$VAR[VideoPlayerClearArt]</texture>
                </control>
                <control type="image">
                    <visible>Skin.HasSetting(EnableClearLogo)</visible>
                    <animation type="Conditional" pulse="true" reversible="false" condition="Skin.HasSetting(EnableClearArt)+
                    [!IsEmpty(Player.Art(clearlogo))|!IsEmpty(Player.Art(tvshow.clearlogo))]+
                    [!IsEmpty(Player.Art(clearart))|!IsEmpty(Player.Art(tvshow.clearart))]">
                        <effect type="slide" start="0,0" end="0,0" time="1500" delay="3500"/>
                        <effect type="fade" start="0" end="100" time="500" delay="3000"/>
                    </animation>
                    <posx>645r</posx>
                    <posy>283</posy>
                    <width>300</width>
                    <height>235</height>
                    <aspectratio align="right" aligny="bottom">keep</aspectratio>
                    <texture background="true">$VAR[VideoPlayerClearLogo]</texture>
                </control>
            </control>
            <control type="image">
                <posx>233</posx>
                <posy>483</posy>
                <width>1454</width>
                <height>515</height>
                <texture border="90">common/bg_dialog.png</texture>
            </control>
            <control type="image">
                <posx>636</posx>
                <posy>531</posy>
                <width>1006</width>
                <height>90</height>
                <texture border="3">list/bg_facade_nofocus_top.png</texture>
            </control>
            <control type="image">
                <posx>384</posx>
                <posy>539</posy>
                <height>408</height>
                <width>250</width>
                <texture>list/bg_strip_horizontal_left.png</texture>
                <colordiffuse>90ffffff</colordiffuse>
            </control>
            <control type="image">
                <posx>635</posx>
                <posy>539</posy>
                <width>2</width>
                <height>408</height>
                <texture>list/bg_facade_vertical.png</texture>
            </control>
            <!-- CDART VIDEO -->
            <include name="DiscArt">
                <param name="visible" value="!IsEmpty(VideoPlayer.Cover)+VideoPlayer.Content(movies)"/>
                <param name="x" value="147"/>
                <param name="y" value="565"/>
                <param name="width" value="356"/>
                <param name="height" value="356"/>
                <param name="texture" value="$VAR[VideoPlayerCdArt]"/>
            </include>
            <control type="image">
                <posx>280</posx>
                <posy>538</posy>
                <width>355</width>
                <height>410</height>
                <texture fallback="defaultVideoBig.png">$INFO[VideoPlayer.Cover]</texture>
                <include>ThumbBorder</include>
                <aspectratio aligny="top" align="center">keep</aspectratio>
            </control>
            <control type="group">
                <posx>400</posx>
                <control type="label">
                    <visible>VideoPlayer.Content(livetv)</visible>
                    <animation effect="slide" time="0" start="0,0" end="0,-15" condition="Player.ChapterCount">Conditional</animation>
                    <posx>273</posx>
                    <posy>562</posy>
                    <height>36</height>
                    <width>930</width>
                    <font>InfoTitleFont</font>
                    <textcolor>MainColor</textcolor>
                    <label>$INFO[VideoPlayer.ChannelNumber,,  •  ]$INFO[VideoPlayer.ChannelName]$INFO[VideoPlayer.Title,  •  ]</label>
                </control>
                <control type="label">
                    <visible>!VideoPlayer.Content(livetv)</visible>
                    <animation effect="slide" time="0" start="0,0" end="0,-15" condition="Player.ChapterCount">Conditional</animation>
                    <posx>273</posx>
                    <posy>562</posy>
                    <height>36</height>
                    <width>930</width>
                    <font>InfoTitleFont</font>
                    <textcolor>MainColor</textcolor>
                    <label>$INFO[VideoPlayer.TVShowTitle]$INFO[VideoPlayer.Artist,,  •  ]$INFO[VideoPlayer.Album,,  •  ]$INFO[VideoPlayer.Season,  •  $LOCALIZE[31973],.]$INFO[VideoPlayer.Episode,,  •  ]$INFO[VideoPlayer.Title]</label>
                </control>
                <control type="label">
                    <posx>273</posx>
                    <posy>582</posy>
                    <height>36</height>
                    <width>930</width>
                    <font>InfoTitleSubFont</font>
                    <textcolor>AlternateColor</textcolor>
                    <label>$VAR[ChapterLabel]</label>
                </control>
                <control type="textbox">
                    <posx>273</posx>
                    <posy>630</posy>
                    <width>930</width>
                    <height>200</height>
                    <align>justify</align>
                    <label fallback="416">$INFO[VideoPlayer.Plot]</label>
                    <textcolor>AlternateBrightColor</textcolor>
                    <font>InfoPlotFont</font>
                    <pagecontrol>6060</pagecontrol>
                </control>
                <control type="scrollbar" id="6060">
                    <visible>Skin.HasSetting(ManualScroll)</visible>
                    <posx>1209</posx>
                    <posy>630</posy>
                    <height>200</height>
                    <include>VerticalScroller</include>
                    <onleft>9001</onleft>
                    <onright>9001</onright>
                </control>
                <control type="image">
                    <posx>236</posx>
                    <posy>760</posy>
                    <width>1006</width>
                    <height>90</height>
                    <texture border="3">list/bg_facade_nofocus_top.png</texture>
                </control>
                <control type="grouplist">
                    <posx>273</posx>
                    <posy>865</posy>
                    <width>1006</width>
                    <height>408</height>
                    <itemgap>4</itemgap>
                    <orientation>horizontal</orientation>
                    <align>left</align>
                    <aligny>center</aligny>
                    <include>CodecsVideoOSD</include>
                </control>
            </control>
        </control>
    </include>
    <include name="DetatchedThumb">
        <aspectratio align="left" aligny="top" scalediffuse="false">keep</aspectratio>
        <texture background="true">$VAR[Thumbs]</texture>
        <include>ThumbBorder</include>
    </include>
    <include name="ScrollOffsetLabel">
        <!--<visible>Container.Scrolling</visible>-->
        <visible>Skin.HasSetting(ScrollOffsetLabelEnabled)</visible>
        <visible>Container.Scrolling + [StringCompare(Container.SortMethod,$LOCALIZE[551]) | StringCompare(Container.SortMethod,$LOCALIZE[561]) | StringCompare(Container.SortMethod,$LOCALIZE[558]) | StringCompare(Container.SortMethod,$LOCALIZE[557]) | StringCompare(Container.SortMethod,$LOCALIZE[556])]</visible>
        <include>Icon_Fade</include>
        <control type="image">
            <left>0</left>
            <top>0</top>
            <width>100</width>
            <height>100</height>
            <texture border="27">buttons/bg_button_focus_white.png</texture>
        </control>
        <control type="label">
            <left>0</left>
            <top>0</top>
            <width>100</width>
            <height>100</height>
            <align>center</align>
            <aligny>center</aligny>
            <label>$INFO[ListItem.SortLetter]</label>
            <textcolor>MainColor</textcolor>
            <font>InfoTitleFont</font>
        </control>
    </include>
    <!--INCLUDES WITH PARAMETERS-->
    <include name="WindowClosingButton">
        <control type="button" id="$PARAM[id]">
            <visible>Skin.HasSetting(WindowClosingIcon)</visible>
            <posx>$PARAM[x]</posx>
            <posy>$PARAM[y]</posy>
            <height>50</height>
            <width>50</width>
            <texturenofocus>topbar/topbar_exit_nofocus.png</texturenofocus>
            <texturefocus>topbar/topbar_exit_focus.png</texturefocus>
            <onclick>back</onclick>
            <label>-</label>
        </control>
    </include>
    <include name="ClearArtLogo">
        <control type="group">
            <control type="image">
                <visible>$PARAM[visible]</visible>
                <include>Icon_Fade</include>
                <posx>$PARAM[x]</posx>
                <posy>$PARAM[y]</posy>
                <width>$PARAM[width]</width>
                <height>$PARAM[height]</height>
                <aspectratio align="$PARAM[align]" aligny="$PARAM[aligny]">keep</aspectratio>
                <include>PulseClearArt</include>
                <texture background="true">$VAR[DefaultClearArt]</texture>
            </control>
            <control type="image">
                <visible>$PARAM[visible]</visible>
                <include>Icon_Fade</include>
                <posx>$PARAM[x]</posx>
                <posy>$PARAM[y]</posy>
                <width>$PARAM[width]</width>
                <height>$PARAM[height]</height>
                <aspectratio align="$PARAM[align]" aligny="$PARAM[aligny]">keep</aspectratio>
                <include>PulseClearLogo</include>
                <texture background="true">$VAR[DefaultClearLogo]</texture>
            </control>
        </control>
    </include>
    <include name="DiscArt">
        <control type="group">
            <visible>!Skin.HasSetting(plexbmc)+Skin.HasSetting(EnableCdArt)</visible>
            <visible>$PARAM[visible]</visible>
            <include>VisibleFadeEffectDelay</include>
            <control type="image">
                <posx>$PARAM[x]</posx>
                <posy>$PARAM[y]</posy>
                <width>$PARAM[width]</width>
                <height>$PARAM[height]</height>
                <texture background="true" diffuse="common/cdart_diffuse.png">$PARAM[texture]</texture>
                <aspectratio align="center" aligny="center">stretch</aspectratio>
                <include>Animation_ViewsCDart</include>
            </control>
        </control>
    </include>
    <include name="StudioArt">
        <control type="group">
            <visible>!Skin.HasSetting(plexbmc)+Skin.HasSetting(EnableStudioArt)</visible>
            <control type="image">
                <animation effect="slide" start="0,0" end="1,1" time="0" reversible="false" condition="true">Conditional</animation>
                <visible>$PARAM[visible]</visible>
                <include>Icon_Fade</include>
                <posx>$PARAM[x]</posx>
                <posy>$PARAM[y]</posy>
                <width>$PARAM[width]</width>
                <height>$PARAM[height]</height>
                <aspectratio align="$PARAM[align]" aligny="$PARAM[aligny]">keep</aspectratio>
                <colordiffuse>ff000000</colordiffuse>
                <texture background="true">$VAR[DefaultStudioArt]</texture>
            </control>
            <control type="image">
                <visible>$PARAM[visible]</visible>
                <include>Icon_Fade</include>
                <posx>$PARAM[x]</posx>
                <posy>$PARAM[y]</posy>
                <width>$PARAM[width]</width>
                <height>$PARAM[height]</height>
                <aspectratio align="$PARAM[align]" aligny="$PARAM[aligny]">keep</aspectratio>
                <texture background="true">$VAR[DefaultStudioArt]</texture>
            </control>
        </control>
    </include>
    <include name="ProgressBar">
        <control type="progress" id="$PARAM[id]">
            <visible>$PARAM[visible]</visible>
            <posx>$PARAM[x]</posx>
            <posy>$PARAM[y]</posy>
            <height>$PARAM[height]</height>
            <width>$PARAM[width]</width>
            <texturebg border="$PARAM[borderbg]" colordiffuse="$PARAM[coldiffbg]">$PARAM[texturebg]</texturebg>
            <lefttexture>-</lefttexture>
            <midtexture border="$PARAM[border]">$PARAM[gfx]</midtexture>
            <righttexture>-</righttexture>
            <overlaytexture>-</overlaytexture>
            <info>$PARAM[info]</info>
            <colordiffuse>$PARAM[colordiffuse]</colordiffuse>
            <reveal>$PARAM[reveal]</reveal>
        </control>
    </include>
</includes>
