<?xml version="1.0" encoding="utf-8"?>
<includes>
    <include name="Vertical_HomeSubMenu">
        <posx>-470</posx>
        <posy>291</posy>
        <width>467</width>
        <height>497</height>
        <onleft>300</onleft>
        <onright>300</onright>
        <onup>9001</onup>
        <ondown>9001</ondown>
        <onback>300</onback>
        <focusposition>6</focusposition>
        <movement>0</movement>
        <itemgap>0</itemgap>
        <itemlayout height="71" width="467">
            <control type="image">
                <posx>0</posx>
                <posy>0</posy>
                <width>467</width>
                <height>71</height>
                <texture flipx="true" border="3">list/bg_facade_nofocus.png</texture>
            </control>
            <control type="label">
                <posx>422r</posx>
                <height>69</height>
                <width>377</width>
                <align>right</align>
                <font>FacadeListMainFont</font>
                <textcolor>ListNoFocusColor</textcolor>
                <label>$INFO[ListItem.Label]</label>
                <scroll>false</scroll>
            </control>
        </itemlayout>
        <focusedlayout height="71" width="467">
            <control type="image">
                <posx>0</posx>
                <posy>0</posy>
                <width>467</width>
                <height>71</height>
                <include>FlippedFacadeFocus</include>
            </control>
            <control type="label">
                <posx>422r</posx>
                <height>69</height>
                <width>377</width>
                <align>right</align>
                <font>FacadeListMainFont</font>
                <textcolor>ListFocusColor</textcolor>
                <label>$INFO[ListItem.Label]</label>
            </control>
        </focusedlayout>
        <content>
            <include>skinshortcuts-submenu</include>
            <include condition="Skin.HasSetting(plexbmc)+System.HasAddon(plugin.video.plexbmc)">Plexbmc.Submenu.Items</include>
        </content>
    </include>
    <include name="Vertical_HomeMenu">
        <posx>0</posx>
        <posy>78</posy>
        <width>467</width>
        <height>923</height>
        <onup>300</onup>
        <ondown>300</ondown>
        <onleft>9001</onleft>
        <onright condition="control.isvisible(378432)">7010</onright>
        <onback>9001</onback>
        <pagecontrol>-</pagecontrol>
        <focusposition>6</focusposition>
        <movement>0</movement>
        <preloaditems>4</preloaditems>
        <itemgap>0</itemgap>
        <itemlayout height="71" width="467">
            <control type="image">
                <posx>0</posx>
                <posy>0</posy>
                <width>467</width>
                <height>71</height>
                <texture flipx="true" border="3">list/bg_facade_nofocus.png</texture>
            </control>
            <control type="label">
                <posx>422r</posx>
                <height>69</height>
                <width>377</width>
                <align>right</align>
                <font>FacadeListMainFont</font>
                <textcolor>ListNoFocusColor</textcolor>
                <label>$INFO[ListItem.Label]</label>
                <scroll>false</scroll>
            </control>
        </itemlayout>
        <focusedlayout height="71" width="467">
            <control type="image">
                <posx>0</posx>
                <posy>0</posy>
                <width>467</width>
                <height>71</height>
                <include>FlippedFacadeFocus</include>
            </control>
            <control type="label">
                <posx>422r</posx>
                <height>69</height>
                <width>377</width>
                <align>right</align>
                <font>FacadeListMainFont</font>
                <textcolor>ListFocusColor</textcolor>
                <label>$INFO[ListItem.Label]</label>
            </control>
        </focusedlayout>
        <content>
            <include condition="Skin.HasSetting(plexbmc)+System.HasAddon(plugin.video.plexbmc)">Plexbmc.Items</include>
            <include>skinshortcuts-mainmenu</include>
        </content>
    </include>
    <include name="Vertical_Home_Layout">
        <include condition="Skin.HasSetting(BlackGlassMode)+!Skin.HasSetting(DisableSlidingAnimations)">OpenCloseSlideLeft</include>
        <control type="group">
            <visible>control.isvisible(378433)</visible>
            <include>VisibleFadeEffect</include>
            <control type="image">
                <posx>-200</posx>
                <posy>633</posy>
                <width>2320</width>
                <height>467</height>
                <texture>common/HomeGradient.png</texture>
            </control>
            <control type="image">
                <posx>-200</posx>
                <posy>840</posy>
                <width>2320</width>
                <height>467</height>
                <texture>common/BlackDot.png</texture>
            </control>
        </control>
        <include>WidgetsCollection</include>
        <control type="group">
            <animation effect="slide" tween="circle" time="200" start="0,0" end="-490,0" reversible="true" condition="control.isvisible(378433)">Conditional</animation>
            <control type="button" id="7010">
                <visible>control.isvisible(378432)</visible>
                <posx>467</posx>
                <posy>78</posy>
                <width>467</width>
                <height>923</height>
                <include>HiddenButton</include>
                <onfocus>SetFocus(701)</onfocus>
            </control>
            <control type="group">
                <posx>-452</posx>
                <visible>control.isvisible(378432)</visible>
                <include>VisibleFadeEffect</include>
                <animation effect="slide" tween="circle" time="200" start="0,0" end="452,0" reversible="true" condition="[Control.HasFocus(701)|Control.HasFocus(7019)|Control.HasFocus(7018)|Control.HasFocus(7010)]">Conditional</animation>
                <!--WIDGETS PANEL-->
                <control type="image">
                    <posx>-710</posx>
                    <posy>249</posy>
                    <width>1694</width>
                    <height>581</height>
                    <texture border="100">common/bg_left.png</texture>
                </control>
                <control type="group">
                    <control type="label">
                        <posx>934</posx>
                        <posy>295</posy>
                        <textoffsetx>45</textoffsetx>
                        <textoffsety>32</textoffsety>
                        <align>right</align>
                        <aligny>top</aligny>
                        <width>590</width>
                        <font>LeftMenuTitleFont</font>
                        <textcolor>60ffffff</textcolor>
                        <label>$LOCALIZE[31060]: $INFO[Control.GetLabel(300)]</label>
                    </control>
                    <control type="image">
                        <posx>467</posx>
                        <posy>283</posy>
                        <width>467</width>
                        <height>79</height>
                        <texture flipx="true">list/bg_facade_nofocus_top.png</texture>
                    </control>
                    <control type="image">
                        <posx>467</posx>
                        <posy>283</posy>
                        <width>467</width>
                        <height>79</height>
                        <texture flipx="true">list/bg_facade_nofocus_top.png</texture>
                    </control>
                    <control type="image">
                        <posx>467</posx>
                        <posy>638</posy>
                        <width>467</width>
                        <height>79</height>
                        <texture flipx="true">list/bg_facade_nofocus_top.png</texture>
                    </control>
                    <control type="image">
                        <posx>467</posx>
                        <posy>638</posy>
                        <width>467</width>
                        <height>79</height>
                        <texture flipx="true">list/bg_facade_nofocus_top.png</texture>
                    </control>
                    <control type="list" id="701">
                        <posx>467</posx>
                        <posy>362</posy>
                        <width>467</width>
                        <height>355</height>
                        <itemgap>0</itemgap>
                        <orientation>vertical</orientation>
                        <aligny>center</aligny>
                        <align>right</align>
                        <onleft>300</onleft>
                        <onright condition="control.isvisible(212)+IntegerGreaterThan(Container(212).NumItems,0)+StringCompare(Container(701).ListItem.Label,$LOCALIZE[31961])">212</onright>
                        <onright condition="control.isvisible(311)+IntegerGreaterThan(Container(311).NumItems,0)+StringCompare(Container(701).ListItem.Label,$LOCALIZE[31961])">311</onright>
                        <onright condition="control.isvisible(411)+IntegerGreaterThan(Container(411).NumItems,0)+StringCompare(Container(701).ListItem.Label,$LOCALIZE[31961])">411</onright>
                        <onright condition="control.isvisible(511)+IntegerGreaterThan(Container(511).NumItems,0)+StringCompare(Container(701).ListItem.Label,$LOCALIZE[31961])">511</onright>
                        <onright condition="control.isvisible(900)+IntegerGreaterThan(Container(900).NumItems,0)+StringCompare(Container(701).ListItem.Label,$LOCALIZE[31961])">900</onright>
                        <onright condition="control.isvisible(901)+IntegerGreaterThan(Container(901).NumItems,0)+StringCompare(Container(701).ListItem.Label,$LOCALIZE[31961])">901</onright>
                        <onright condition="control.isvisible(312)+IntegerGreaterThan(Container(312).NumItems,0)+StringCompare(Container(701).ListItem.Label,$LOCALIZE[31011])">312</onright>
                        <onright condition="control.isvisible(412)+IntegerGreaterThan(Container(412).NumItems,0)+StringCompare(Container(701).ListItem.Label,$LOCALIZE[31011])">412</onright>
                        <onright condition="control.isvisible(413)+IntegerGreaterThan(Container(413).NumItems,0)+StringCompare(Container(701).ListItem.Label,$LOCALIZE[31932])">413</onright>
                        <onright condition="control.isvisible(700011)+Container(701).HasFocus(7001)">700011</onright>
                        <onright condition="control.isvisible(700012)+Container(701).HasFocus(7001)">700012</onright>
                        <onright condition="control.isvisible(700013)+Container(701).HasFocus(7001)">700013</onright>
                        <onright condition="control.isvisible(700014)+Container(701).HasFocus(7001)">700014</onright>
                        <onright condition="control.isvisible(700015)+Container(701).HasFocus(7001)">700015</onright>
                        <onright condition="control.isvisible(700021)+Container(701).HasFocus(7002)">700021</onright>
                        <onright condition="control.isvisible(700022)+Container(701).HasFocus(7002)">700022</onright>
                        <onright condition="control.isvisible(700023)+Container(701).HasFocus(7002)">700023</onright>
                        <onright condition="control.isvisible(700024)+Container(701).HasFocus(7002)">700024</onright>
                        <onright condition="control.isvisible(700025)+Container(701).HasFocus(7002)">700025</onright>
                        <onright condition="control.isvisible(700031)+Container(701).HasFocus(7003)">700031</onright>
                        <onright condition="control.isvisible(700032)+Container(701).HasFocus(7003)">700032</onright>
                        <onright condition="control.isvisible(700033)+Container(701).HasFocus(7003)">700033</onright>
                        <onright condition="control.isvisible(700034)+Container(701).HasFocus(7003)">700034</onright>
                        <onright condition="control.isvisible(700035)+Container(701).HasFocus(7003)">700035</onright>
                        <onright condition="control.isvisible(700041)+Container(701).HasFocus(7004)">700041</onright>
                        <onright condition="control.isvisible(700042)+Container(701).HasFocus(7004)">700042</onright>
                        <onright condition="control.isvisible(700043)+Container(701).HasFocus(7004)">700043</onright>
                        <onright condition="control.isvisible(700044)+Container(701).HasFocus(7004)">700044</onright>
                        <onright condition="control.isvisible(700045)+Container(701).HasFocus(7004)">700045</onright>
                        <onright condition="control.isvisible(700051)+Container(701).HasFocus(7005)">700051</onright>
                        <onright condition="control.isvisible(700052)+Container(701).HasFocus(7005)">700052</onright>
                        <onright condition="control.isvisible(700053)+Container(701).HasFocus(7005)">700053</onright>
                        <onright condition="control.isvisible(700054)+Container(701).HasFocus(7005)">700054</onright>
                        <onright condition="control.isvisible(700055)+Container(701).HasFocus(7005)">700055</onright>
                        <focusposition>2</focusposition>
                        <pagecontrol>-</pagecontrol>
                        <itemlayout height="71" width="467">
                            <control type="image">
                                <posx>0</posx>
                                <posy>0</posy>
                                <width>467</width>
                                <height>71</height>
                                <texture flipx="true" border="3">list/bg_facade_nofocus.png</texture>
                            </control>
                            <control type="label">
                                <posx>422r</posx>
                                <height>69</height>
                                <width>377</width>
                                <align>right</align>
                                <font>FacadeListMainFont</font>
                                <textcolor>ListNoFocusColor</textcolor>
                                <label>$INFO[ListItem.Label]</label>
                                <scroll>false</scroll>
                            </control>
                        </itemlayout>
                        <focusedlayout height="71" width="467">
                            <control type="image">
                                <posx>0</posx>
                                <posy>0</posy>
                                <width>467</width>
                                <height>71</height>
                                <include>FlippedFacadeFocus</include>
                            </control>
                            <control type="label">
                                <posx>422r</posx>
                                <height>69</height>
                                <width>377</width>
                                <align>right</align>
                                <font>FacadeListMainFont</font>
                                <textcolor>ListFocusColor</textcolor>
                                <label>$INFO[ListItem.Label]</label>
                            </control>
                        </focusedlayout>
                        <include>ShelfIcons</include>
                    </control>
                </control>
            </control>

            <!--MAIN MENU PANEL-->
            <control type="group">
                <posx>0</posx>
                <control type="image">
                    <posx>0</posx>
                    <posy>78</posy>
                    <width>467</width>
                    <height>923</height>
                    <texture>common/BlackDot.png</texture>
                </control>
                <control type="image">
                    <posx>-710</posx>
                    <posy>-35</posy>
                    <width>1227</width>
                    <height>1149</height>
                    <texture border="100">common/bg_left.png</texture>
                </control>
                <control type="group">
                    <control type="label">
                        <visible>Skin.HasSetting(plexbmc)</visible>
                        <posx>467</posx>
                        <posy>11</posy>
                        <textoffsetx>45</textoffsetx>
                        <textoffsety>32</textoffsety>
                        <align>right</align>
                        <aligny>top</aligny>
                        <width>590</width>
                        <font>LeftMenuTitleFont</font>
                        <textcolor>60ffffff</textcolor>
                        <label>PLEXBMC</label>
                    </control>
                    <control type="label">
                        <visible>!Skin.HasSetting(plexbmc)</visible>
                        <posx>467</posx>
                        <posy>11</posy>
                        <textoffsetx>45</textoffsetx>
                        <textoffsety>32</textoffsety>
                        <align>right</align>
                        <aligny>top</aligny>
                        <width>590</width>
                        <font>LeftMenuTitleFont</font>
                        <textcolor>60ffffff</textcolor>
                        <label>Kodi</label>
                    </control>
                    <control type="image">
                        <posx>0</posx>
                        <posy>-1</posy>
                        <width>467</width>
                        <height>79</height>
                        <texture flipx="true">list/bg_facade_nofocus_top.png</texture>
                    </control>
                    <control type="image">
                        <posx>0</posx>
                        <posy>-1</posy>
                        <width>467</width>
                        <height>79</height>
                        <texture flipx="true">list/bg_facade_nofocus_top.png</texture>
                    </control>
                    <control type="image">
                        <posx>0</posx>
                        <posy>922</posy>
                        <width>467</width>
                        <height>79</height>
                        <texture flipx="true">list/bg_facade_nofocus_top.png</texture>
                    </control>
                    <control type="image">
                        <posx>0</posx>
                        <posy>922</posy>
                        <width>467</width>
                        <height>79</height>
                        <texture flipx="true">list/bg_facade_nofocus_top.png</texture>
                    </control>
                    <control type="rss">
                        <visible>system.getbool(lookandfeel.enablerssfeeds)</visible>
                        <posx>-50</posx>
                        <posy>1013</posy>
                        <textoffsetx>45</textoffsetx>
                        <textoffsety>32</textoffsety>
                        <align>right</align>
                        <aligny>top</aligny>
                        <width>467</width>
                        <font>LeftMenuTitleFont</font>
                        <textcolor>60ffffff</textcolor>
                        <titlecolor>MainColor</titlecolor>
                        <headlinecolor>60ffffff</headlinecolor>
                    </control>
                    <control type="list" id="300">
                        <include>Vertical_HomeMenu</include>
                    </control>
                </control>
            </control>

            <!--SUB MENU PANEL-->
            <control type="group">
                <animation effect="slide" tween="circle" start="0,0" end="455,0" time="200" delay="0" reversible="true" condition="IntegerGreaterThan(Container(9001).NumItems,0)+[Control.HasFocus(9001)|Control.hasfocus(8999)|Control.hasfocus(8983)|Control.hasfocus(8984)]">conditional</animation>
                <control type="button" id="8999">
                    <posx>-600</posx>
                    <posy>0</posy>
                    <width>627</width>
                    <height>1080</height>
                    <label>-</label>
                    <font>-</font>
                    <texturenofocus>-</texturenofocus>
                    <texturefocus>-</texturefocus>
                    <visible>true</visible>
                </control>
                <control type="image">
                    <posx>-470</posx>
                    <posy>291</posy>
                    <width>467</width>
                    <height>497</height>
                    <texture>common/BlackDot.png</texture>
                </control>
                <control type="image">
                    <visible>IntegerGreaterThan(Container(9001).NumItems,0)</visible>
                    <include>VisibleFadeEffect</include>
                    <posx>-470</posx>
                    <posy>178</posy>
                    <width>517</width>
                    <height>723</height>
                    <texture border="90">common/bg_left.png</texture>
                </control>
                <control type="label">
                    <posx>0</posx>
                    <posy>224</posy>
                    <textoffsetx>45</textoffsetx>
                    <textoffsety>32</textoffsety>
                    <align>right</align>
                    <aligny>top</aligny>
                    <width>490</width>
                    <font>LeftMenuTitleFont</font>
                    <textcolor>60ffffff</textcolor>
                    <label>$LOCALIZE[1034]: $INFO[Control.GetLabel(300)]</label>
                </control>
                <control type="image">
                    <posx>-470</posx>
                    <posy>212</posy>
                    <width>467</width>
                    <height>79</height>
                    <texture flipx="true">list/bg_facade_nofocus_top.png</texture>
                </control>
                <control type="image">
                    <posx>-470</posx>
                    <posy>212</posy>
                    <width>467</width>
                    <height>79</height>
                    <texture flipx="true">list/bg_facade_nofocus_top.png</texture>
                </control>
                <control type="image">
                    <posx>-470</posx>
                    <posy>709</posy>
                    <width>467</width>
                    <height>79</height>
                    <texture flipx="true">list/bg_facade_nofocus_top.png</texture>
                </control>
                <control type="image">
                    <posx>-470</posx>
                    <posy>709</posy>
                    <width>467</width>
                    <height>79</height>
                    <texture flipx="true">list/bg_facade_nofocus_top.png</texture>
                </control>
                <control type="list" id="9001">
                    <include>Vertical_HomeSubMenu</include>
                </control>
            </control>
        </control>
    </include>
</includes>
