<?xml version="1.0" encoding="utf-8"?>
<includes>
    <include name="Plexbmc.Items">
        <item id="30">
            <visible>!Skin.HasSetting(hide.plexbmc.0.title)</visible>
            <visible>Skin.HasSetting(plexbmc) + !IsEmpty(Window(Home).Property(plexbmc.0.title))</visible>
            <visible>![Skin.HasSetting(Hide.Shared) + Substring(Window(Home).Property(plexbmc.0.shared),t)]</visible>
            <label>$VAR[Plex.0.Label.Management]</label>
            <label2>$INFO[Window(Home).Property(plexbmc.0.subtitle)]</label2>
            <onclick>$INFO[Window(Home).Property(plexbmc.0.path)]</onclick>
            <thumb background="true">$VAR[Plex.0.Icon.Management]</thumb>
            <icon background="true">$VAR[Plex.0.Background.Management]</icon>
            <property name="uuid">$INFO[Window(Home).Property(plexbmc.0.uuid)]</property>
            <property name="type">$INFO[Window(Home).Property(plexbmc.0.type)]</property>
            <property name="partial">$INFO[Window(Home).Property(plexbmc.0.partialpath)]</property>
            <property name="search">$INFO[Window(Home).Property(plexbmc.0.search)]</property>
            <property name="recent">$INFO[Window(Home).Property(plexbmc.0.recent)]</property>
            <property name="viewed">$INFO[Window(Home).Property(plexbmc.0.viewed)]</property>
            <property name="shared">$INFO[Window(Home).Property(plexbmc.0.shared)]</property>
            <property name="newest">$INFO[Window(Home).Property(plexbmc.0.released)]</property>
            <property name="ondeck">$INFO[Window(Home).Property(plexbmc.0.ondeck)]</property>
            <property name="album">$INFO[Window(Home).Property(plexbmc.0.album)]</property>
            <property name="year">$INFO[Window(Home).Property(plexbmc.0.year)]</property>
        </item>
        <item id="31">
            <visible>!Skin.HasSetting(hide.plexbmc.1.title)</visible>
            <visible>Skin.HasSetting(plexbmc) + !IsEmpty(Window(Home).Property(plexbmc.1.title))</visible>
            <visible>![Skin.HasSetting(Hide.Shared) + Substring(Window(Home).Property(plexbmc.1.shared),t)]</visible>
            <label>$VAR[Plex.1.Label.Management]</label>
            <label2>$INFO[Window(Home).Property(plexbmc.1.subtitle)]</label2>
            <onclick>$INFO[Window(Home).Property(plexbmc.1.path)]</onclick>
            <thumb background="true">$VAR[Plex.1.Icon.Management]</thumb>
            <icon background="true">$VAR[Plex.1.Background.Management]</icon>
            <property name="uuid">$INFO[Window(Home).Property(plexbmc.1.uuid)]</property>
            <property name="type">$INFO[Window(Home).Property(plexbmc.1.type)]</property>
            <property name="partial">$INFO[Window(Home).Property(plexbmc.1.partialpath)]</property>
            <property name="search">$INFO[Window(Home).Property(plexbmc.1.search)]</property>
            <property name="recent">$INFO[Window(Home).Property(plexbmc.1.recent)]</property>
            <property name="viewed">$INFO[Window(Home).Property(plexbmc.1.viewed)]</property>
            <property name="shared">$INFO[Window(Home).Property(plexbmc.1.shared)]</property>
            <property name="newest">$INFO[Window(Home).Property(plexbmc.1.released)]</property>
            <property name="ondeck">$INFO[Window(Home).Property(plexbmc.1.ondeck)]</property>
            <property name="album">$INFO[Window(Home).Property(plexbmc.1.album)]</property>
            <property name="year">$INFO[Window(Home).Property(plexbmc.1.year)]</property>
        </item>
        <item id="32">
            <visible>!Skin.HasSetting(hide.plexbmc.2.title)</visible>
            <visible>Skin.HasSetting(plexbmc) + !IsEmpty(Window(Home).Property(plexbmc.2.title))</visible>
            <visible>![Skin.HasSetting(Hide.Shared) + Substring(Window(Home).Property(plexbmc.2.shared),t)]</visible>
            <label>$VAR[Plex.2.Label.Management]</label>
            <label2>$INFO[Window(Home).Property(plexbmc.2.subtitle)]</label2>
            <thumb background="true">$VAR[Plex.2.Icon.Management]</thumb>
            <icon background="true">$VAR[Plex.2.Background.Management]</icon>
            <property name="uuid">$INFO[Window(Home).Property(plexbmc.2.uuid)]</property>
            <onclick>$INFO[Window(Home).Property(plexbmc.2.path)]</onclick>
            <property name="type">$INFO[Window(Home).Property(plexbmc.2.type)]</property>
            <property name="partial">$INFO[Window(Home).Property(plexbmc.2.partialpath)]</property>
            <property name="search">$INFO[Window(Home).Property(plexbmc.2.search)]</property>
            <property name="recent">$INFO[Window(Home).Property(plexbmc.2.recent)]</property>
            <property name="viewed">$INFO[Window(Home).Property(plexbmc.2.viewed)]</property>
            <property name="shared">$INFO[Window(Home).Property(plexbmc.2.shared)]</property>
            <property name="newest">$INFO[Window(Home).Property(plexbmc.2.released)]</property>
            <property name="ondeck">$INFO[Window(Home).Property(plexbmc.2.ondeck)]</property>
            <property name="album">$INFO[Window(Home).Property(plexbmc.2.album)]</property>
            <property name="year">$INFO[Window(Home).Property(plexbmc.2.year)]</property>
        </item>
        <item id="33">
            <visible>!Skin.HasSetting(hide.plexbmc.3.title)</visible>
            <visible>Skin.HasSetting(plexbmc) + !IsEmpty(Window(Home).Property(plexbmc.3.title))</visible>
            <visible>![Skin.HasSetting(Hide.Shared) + Substring(Window(Home).Property(plexbmc.3.shared),t)]</visible>
            <label>$VAR[Plex.3.Label.Management]</label>
            <label2>$INFO[Window(Home).Property(plexbmc.3.subtitle)]</label2>
            <onclick>$INFO[Window(Home).Property(plexbmc.3.path)]</onclick>
            <thumb background="true">$VAR[Plex.3.Icon.Management]</thumb>
            <icon background="true">$VAR[Plex.3.Background.Management]</icon>
            <property name="uuid">$INFO[Window(Home).Property(plexbmc.3.uuid)]</property>
            <property name="type">$INFO[Window(Home).Property(plexbmc.3.type)]</property>
            <property name="partial">$INFO[Window(Home).Property(plexbmc.3.partialpath)]</property>
            <property name="search">$INFO[Window(Home).Property(plexbmc.3.search)]</property>
            <property name="recent">$INFO[Window(Home).Property(plexbmc.3.recent)]</property>
            <property name="viewed">$INFO[Window(Home).Property(plexbmc.3.viewed)]</property>
            <property name="shared">$INFO[Window(Home).Property(plexbmc.3.shared)]</property>
            <property name="newest">$INFO[Window(Home).Property(plexbmc.3.released)]</property>
            <property name="ondeck">$INFO[Window(Home).Property(plexbmc.3.ondeck)]</property>
            <property name="album">$INFO[Window(Home).Property(plexbmc.3.album)]</property>
            <property name="year">$INFO[Window(Home).Property(plexbmc.3.year)]</property>
        </item>
        <item id="34">
            <visible>!Skin.HasSetting(hide.plexbmc.4.title)</visible>
            <visible>Skin.HasSetting(plexbmc) + !IsEmpty(Window(Home).Property(plexbmc.4.title))</visible>
            <visible>![Skin.HasSetting(Hide.Shared) + Substring(Window(Home).Property(plexbmc.4.shared),t)]</visible>
            <label>$VAR[Plex.4.Label.Management]</label>
            <label2>$INFO[Window(Home).Property(plexbmc.4.subtitle)]</label2>
            <onclick>$INFO[Window(Home).Property(plexbmc.4.path)]</onclick>
            <thumb background="true">$VAR[Plex.4.Icon.Management]</thumb>
            <icon background="true">$VAR[Plex.4.Background.Management]</icon>
            <property name="uuid">$INFO[Window(Home).Property(plexbmc.4.uuid)]</property>
            <property name="type">$INFO[Window(Home).Property(plexbmc.4.type)]</property>
            <property name="partial">$INFO[Window(Home).Property(plexbmc.4.partialpath)]</property>
            <property name="search">$INFO[Window(Home).Property(plexbmc.4.search)]</property>
            <property name="recent">$INFO[Window(Home).Property(plexbmc.4.recent)]</property>
            <property name="viewed">$INFO[Window(Home).Property(plexbmc.4.viewed)]</property>
            <property name="shared">$INFO[Window(Home).Property(plexbmc.4.shared)]</property>
            <property name="newest">$INFO[Window(Home).Property(plexbmc.4.released)]</property>
            <property name="ondeck">$INFO[Window(Home).Property(plexbmc.4.ondeck)]</property>
            <property name="album">$INFO[Window(Home).Property(plexbmc.4.album)]</property>
            <property name="year">$INFO[Window(Home).Property(plexbmc.4.year)]</property>
        </item>
        <item id="35">
            <visible>!Skin.HasSetting(hide.plexbmc.5.title)</visible>
            <visible>Skin.HasSetting(plexbmc) + !IsEmpty(Window(Home).Property(plexbmc.5.title))</visible>
            <visible>![Skin.HasSetting(Hide.Shared) + Substring(Window(Home).Property(plexbmc.5.shared),t)]</visible>
            <label>$VAR[Plex.5.Label.Management]</label>
            <label2>$INFO[Window(Home).Property(plexbmc.5.subtitle)]</label2>
            <onclick>$INFO[Window(Home).Property(plexbmc.5.path)]</onclick>
            <thumb background="true">$VAR[Plex.5.Icon.Management]</thumb>
            <icon background="true">$VAR[Plex.5.Background.Management]</icon>
            <property name="uuid">$INFO[Window(Home).Property(plexbmc.5.uuid)]</property>
            <property name="type">$INFO[Window(Home).Property(plexbmc.5.type)]</property>
            <property name="partial">$INFO[Window(Home).Property(plexbmc.5.partialpath)]</property>
            <property name="search">$INFO[Window(Home).Property(plexbmc.5.search)]</property>
            <property name="recent">$INFO[Window(Home).Property(plexbmc.5.recent)]</property>
            <property name="viewed">$INFO[Window(Home).Property(plexbmc.5.viewed)]</property>
            <property name="shared">$INFO[Window(Home).Property(plexbmc.5.shared)]</property>
            <property name="newest">$INFO[Window(Home).Property(plexbmc.5.released)]</property>
            <property name="ondeck">$INFO[Window(Home).Property(plexbmc.5.ondeck)]</property>
            <property name="album">$INFO[Window(Home).Property(plexbmc.5.album)]</property>
            <property name="year">$INFO[Window(Home).Property(plexbmc.5.year)]</property>
        </item>
        <item id="36">
            <visible>!Skin.HasSetting(hide.plexbmc.6.title)</visible>
            <visible>Skin.HasSetting(plexbmc) + !IsEmpty(Window(Home).Property(plexbmc.6.title))</visible>
            <visible>![Skin.HasSetting(Hide.Shared) + Substring(Window(Home).Property(plexbmc.6.shared),t)]</visible>
            <label>$VAR[Plex.6.Label.Management]</label>
            <label2>$INFO[Window(Home).Property(plexbmc.6.subtitle)]</label2>
            <onclick>$INFO[Window(Home).Property(plexbmc.6.path)]</onclick>
            <thumb background="true">$VAR[Plex.6.Icon.Management]</thumb>
            <icon background="true">$VAR[Plex.6.Background.Management]</icon>
            <property name="uuid">$INFO[Window(Home).Property(plexbmc.6.uuid)]</property>
            <property name="type">$INFO[Window(Home).Property(plexbmc.6.type)]</property>
            <property name="partial">$INFO[Window(Home).Property(plexbmc.6.partialpath)]</property>
            <property name="search">$INFO[Window(Home).Property(plexbmc.6.search)]</property>
            <property name="recent">$INFO[Window(Home).Property(plexbmc.6.recent)]</property>
            <property name="viewed">$INFO[Window(Home).Property(plexbmc.6.viewed)]</property>
            <property name="shared">$INFO[Window(Home).Property(plexbmc.6.shared)]</property>
            <property name="newest">$INFO[Window(Home).Property(plexbmc.6.released)]</property>
            <property name="ondeck">$INFO[Window(Home).Property(plexbmc.6.ondeck)]</property>
            <property name="album">$INFO[Window(Home).Property(plexbmc.6.album)]</property>
            <property name="year">$INFO[Window(Home).Property(plexbmc.6.year)]</property>
        </item>
        <item id="37">
            <visible>!Skin.HasSetting(hide.plexbmc.7.title)</visible>
            <visible>Skin.HasSetting(plexbmc) + !IsEmpty(Window(Home).Property(plexbmc.7.title))</visible>
            <visible>![Skin.HasSetting(Hide.Shared) + Substring(Window(Home).Property(plexbmc.7.shared),t)]</visible>
            <label>$VAR[Plex.7.Label.Management]</label>
            <label2>$INFO[Window(Home).Property(plexbmc.7.subtitle)]</label2>
            <onclick>$INFO[Window(Home).Property(plexbmc.7.path)]</onclick>
            <thumb background="true">$VAR[Plex.7.Icon.Management]</thumb>
            <icon background="true">$VAR[Plex.7.Background.Management]</icon>
            <property name="uuid">$INFO[Window(Home).Property(plexbmc.7.uuid)]</property>
            <property name="type">$INFO[Window(Home).Property(plexbmc.7.type)]</property>
            <property name="partial">$INFO[Window(Home).Property(plexbmc.7.partialpath)]</property>
            <property name="search">$INFO[Window(Home).Property(plexbmc.7.search)]</property>
            <property name="recent">$INFO[Window(Home).Property(plexbmc.7.recent)]</property>
            <property name="viewed">$INFO[Window(Home).Property(plexbmc.7.viewed)]</property>
            <property name="shared">$INFO[Window(Home).Property(plexbmc.7.shared)]</property>
            <property name="newest">$INFO[Window(Home).Property(plexbmc.7.released)]</property>
            <property name="ondeck">$INFO[Window(Home).Property(plexbmc.7.ondeck)]</property>
            <property name="album">$INFO[Window(Home).Property(plexbmc.7.album)]</property>
            <property name="year">$INFO[Window(Home).Property(plexbmc.7.year)]</property>
        </item>
        <item id="38">
            <visible>!Skin.HasSetting(hide.plexbmc.8.title)</visible>
            <visible>Skin.HasSetting(plexbmc) + !IsEmpty(Window(Home).Property(plexbmc.8.title))</visible>
            <visible>![Skin.HasSetting(Hide.Shared) + Substring(Window(Home).Property(plexbmc.8.shared),t)]</visible>
            <label>$VAR[Plex.8.Label.Management]</label>
            <label2>$INFO[Window(Home).Property(plexbmc.8.subtitle)]</label2>
            <onclick>$INFO[Window(Home).Property(plexbmc.8.path)]</onclick>
            <thumb background="true">$VAR[Plex.8.Icon.Management]</thumb>
            <icon background="true">$VAR[Plex.8.Background.Management]</icon>
            <property name="uuid">$INFO[Window(Home).Property(plexbmc.8.uuid)]</property>
            <property name="type">$INFO[Window(Home).Property(plexbmc.8.type)]</property>
            <property name="partial">$INFO[Window(Home).Property(plexbmc.8.partialpath)]</property>
            <property name="search">$INFO[Window(Home).Property(plexbmc.8.search)]</property>
            <property name="recent">$INFO[Window(Home).Property(plexbmc.8.recent)]</property>
            <property name="viewed">$INFO[Window(Home).Property(plexbmc.8.viewed)]</property>
            <property name="shared">$INFO[Window(Home).Property(plexbmc.8.shared)]</property>
            <property name="newest">$INFO[Window(Home).Property(plexbmc.8.released)]</property>
            <property name="ondeck">$INFO[Window(Home).Property(plexbmc.8.ondeck)]</property>
            <property name="album">$INFO[Window(Home).Property(plexbmc.8.album)]</property>
            <property name="year">$INFO[Window(Home).Property(plexbmc.8.year)]</property>
        </item>
        <item id="39">
            <visible>!Skin.HasSetting(hide.plexbmc.9.title)</visible>
            <visible>Skin.HasSetting(plexbmc) + !IsEmpty(Window(Home).Property(plexbmc.9.title))</visible>
            <visible>![Skin.HasSetting(Hide.Shared) + Substring(Window(Home).Property(plexbmc.9.shared),t)]</visible>
            <label>$VAR[Plex.9.Label.Management]</label>
            <label2>$INFO[Window(Home).Property(plexbmc.9.subtitle)]</label2>
            <onclick>$INFO[Window(Home).Property(plexbmc.9.path)]</onclick>
            <thumb background="true">$VAR[Plex.9.Icon.Management]</thumb>
            <icon background="true">$VAR[Plex.9.Background.Management]</icon>
            <property name="uuid">$INFO[Window(Home).Property(plexbmc.9.uuid)]</property>
            <property name="type">$INFO[Window(Home).Property(plexbmc.9.type)]</property>
            <property name="partial">$INFO[Window(Home).Property(plexbmc.9.partialpath)]</property>
            <property name="search">$INFO[Window(Home).Property(plexbmc.9.search)]</property>
            <property name="recent">$INFO[Window(Home).Property(plexbmc.9.recent)]</property>
            <property name="viewed">$INFO[Window(Home).Property(plexbmc.9.viewed)]</property>
            <property name="shared">$INFO[Window(Home).Property(plexbmc.9.shared)]</property>
            <property name="newest">$INFO[Window(Home).Property(plexbmc.9.released)]</property>
            <property name="ondeck">$INFO[Window(Home).Property(plexbmc.9.ondeck)]</property>
            <property name="album">$INFO[Window(Home).Property(plexbmc.9.album)]</property>
            <property name="year">$INFO[Window(Home).Property(plexbmc.9.year)]</property>
        </item>
        <item id="40">
            <visible>!Skin.HasSetting(hide.plexbmc.10.title)</visible>
            <visible>Skin.HasSetting(plexbmc) + !IsEmpty(Window(Home).Property(plexbmc.10.title))</visible>
            <visible>![Skin.HasSetting(Hide.Shared) + Substring(Window(Home).Property(plexbmc.10.shared),t)]</visible>
            <label>$VAR[Plex.10.Label.Management]</label>
            <label2>$INFO[Window(Home).Property(plexbmc.10.subtitle)]</label2>
            <onclick>$INFO[Window(Home).Property(plexbmc.10.path)]</onclick>
            <thumb background="true">$VAR[Plex.10.Icon.Management]</thumb>
            <icon background="true">$VAR[Plex.10.Background.Management]</icon>
            <property name="uuid">$INFO[Window(Home).Property(plexbmc.10.uuid)]</property>
            <property name="type">$INFO[Window(Home).Property(plexbmc.10.type)]</property>
            <property name="partial">$INFO[Window(Home).Property(plexbmc.10.partialpath)]</property>
            <property name="search">$INFO[Window(Home).Property(plexbmc.10.search)]</property>
            <property name="recent">$INFO[Window(Home).Property(plexbmc.10.recent)]</property>
            <property name="viewed">$INFO[Window(Home).Property(plexbmc.10.viewed)]</property>
            <property name="shared">$INFO[Window(Home).Property(plexbmc.10.shared)]</property>
            <property name="newest">$INFO[Window(Home).Property(plexbmc.10.released)]</property>
            <property name="ondeck">$INFO[Window(Home).Property(plexbmc.10.ondeck)]</property>
            <property name="album">$INFO[Window(Home).Property(plexbmc.10.album)]</property>
            <property name="year">$INFO[Window(Home).Property(plexbmc.10.year)]</property>
        </item>
        <item id="41">
            <visible>!Skin.HasSetting(hide.plexbmc.11.title)</visible>
            <visible>Skin.HasSetting(plexbmc) + !IsEmpty(Window(Home).Property(plexbmc.11.title))</visible>
            <visible>![Skin.HasSetting(Hide.Shared) + Substring(Window(Home).Property(plexbmc.11.shared),t)]</visible>
            <label>$INFO[Window(Home).Property(plexbmc.11.title)]</label>
            <label2>$INFO[Window(Home).Property(plexbmc.11.subtitle)]</label2>
            <onclick>$INFO[Window(Home).Property(plexbmc.11.path)]</onclick>
            <thumb fallback="special://skin/backgrounds/default/default.jpg" background="true">$INFO[Window(Home).Property(plexbmc.11.art)]</thumb>
            <icon background="true">$INFO[Skin.String(Plexbmc.11.Background)]</icon>
            <property name="uuid">$INFO[Window(Home).Property(plexbmc.11.uuid)]</property>
            <property name="type">$INFO[Window(Home).Property(plexbmc.11.type)]</property>
            <property name="partial">$INFO[Window(Home).Property(plexbmc.11.partialpath)]</property>
            <property name="search">$INFO[Window(Home).Property(plexbmc.11.search)]</property>
            <property name="recent">$INFO[Window(Home).Property(plexbmc.11.recent)]</property>
            <property name="viewed">$INFO[Window(Home).Property(plexbmc.11.viewed)]</property>
            <property name="shared">$INFO[Window(Home).Property(plexbmc.11.shared)]</property>
            <property name="newest">$INFO[Window(Home).Property(plexbmc.11.released)]</property>
            <property name="ondeck">$INFO[Window(Home).Property(plexbmc.11.ondeck)]</property>
            <property name="album">$INFO[Window(Home).Property(plexbmc.11.album)]</property>
            <property name="year">$INFO[Window(Home).Property(plexbmc.11.year)]</property>
        </item>
        <item id="40">
            <visible>!Skin.HasSetting(hide.plexbmc.12.title)</visible>
            <visible>Skin.HasSetting(plexbmc) + !IsEmpty(Window(Home).Property(plexbmc.12.title))</visible>
            <visible>![Skin.HasSetting(Hide.Shared) + Substring(Window(Home).Property(plexbmc.12.shared),t)]</visible>
            <label>$INFO[Window(Home).Property(plexbmc.12.title)]</label>
            <label2>$INFO[Window(Home).Property(plexbmc.12.subtitle)]</label2>
            <onclick>$INFO[Window(Home).Property(plexbmc.12.path)]</onclick>
            <thumb fallback="special://skin/backgrounds/default/default.jpg" background="true">$INFO[Window(Home).Property(plexbmc.12.art)]</thumb>
            <icon background="true">$INFO[Skin.String(Plexbmc.12.Background)]</icon>
            <property name="uuid">$INFO[Window(Home).Property(plexbmc.12.uuid)]</property>
            <property name="type">$INFO[Window(Home).Property(plexbmc.12.type)]</property>
            <property name="partial">$INFO[Window(Home).Property(plexbmc.12.partialpath)]</property>
            <property name="search">$INFO[Window(Home).Property(plexbmc.12.search)]</property>
            <property name="recent">$INFO[Window(Home).Property(plexbmc.12.recent)]</property>
            <property name="viewed">$INFO[Window(Home).Property(plexbmc.12.viewed)]</property>
            <property name="shared">$INFO[Window(Home).Property(plexbmc.12.shared)]</property>
            <property name="newest">$INFO[Window(Home).Property(plexbmc.12.released)]</property>
            <property name="ondeck">$INFO[Window(Home).Property(plexbmc.12.ondeck)]</property>
            <property name="album">$INFO[Window(Home).Property(plexbmc.12.album)]</property>
            <property name="year">$INFO[Window(Home).Property(plexbmc.12.year)]</property>
        </item>
        <item id="43">
            <visible>!Skin.HasSetting(hide.plexbmc.13.title)</visible>
            <visible>Skin.HasSetting(plexbmc) + !IsEmpty(Window(Home).Property(plexbmc.13.title))</visible>
            <visible>![Skin.HasSetting(Hide.Shared) + Substring(Window(Home).Property(plexbmc.13.shared),t)]</visible>
            <label>$INFO[Window(Home).Property(plexbmc.13.title)]</label>
            <label2>$INFO[Window(Home).Property(plexbmc.13.subtitle)]</label2>
            <onclick>$INFO[Window(Home).Property(plexbmc.13.path)]</onclick>
            <thumb fallback="special://skin/backgrounds/default/default.jpg" background="true">$INFO[Window(Home).Property(plexbmc.13.art)]</thumb>
            <icon background="true">$INFO[Skin.String(Plexbmc.13.Background)]</icon>
            <property name="uuid">$INFO[Window(Home).Property(plexbmc.13.uuid)]</property>
            <property name="type">$INFO[Window(Home).Property(plexbmc.13.type)]</property>
            <property name="partial">$INFO[Window(Home).Property(plexbmc.13.partialpath)]</property>
            <property name="search">$INFO[Window(Home).Property(plexbmc.13.search)]</property>
            <property name="recent">$INFO[Window(Home).Property(plexbmc.13.recent)]</property>
            <property name="viewed">$INFO[Window(Home).Property(plexbmc.13.viewed)]</property>
            <property name="shared">$INFO[Window(Home).Property(plexbmc.13.shared)]</property>
            <property name="newest">$INFO[Window(Home).Property(plexbmc.13.released)]</property>
            <property name="ondeck">$INFO[Window(Home).Property(plexbmc.13.ondeck)]</property>
            <property name="album">$INFO[Window(Home).Property(plexbmc.13.album)]</property>
            <property name="year">$INFO[Window(Home).Property(plexbmc.13.year)]</property>
        </item>
        <item id="44">
            <visible>!Skin.HasSetting(hide.plexbmc.14.title)</visible>
            <visible>Skin.HasSetting(plexbmc) + !IsEmpty(Window(Home).Property(plexbmc.14.title))</visible>
            <visible>![Skin.HasSetting(Hide.Shared) + Substring(Window(Home).Property(plexbmc.14.shared),t)]</visible>
            <label>$INFO[Window(Home).Property(plexbmc.14.title)]</label>
            <label2>$INFO[Window(Home).Property(plexbmc.14.subtitle)]</label2>
            <onclick>$INFO[Window(Home).Property(plexbmc.14.path)]</onclick>
            <thumb fallback="special://skin/backgrounds/default/default.jpg" background="true">$INFO[Window(Home).Property(plexbmc.14.art)]</thumb>
            <icon background="true">$INFO[Skin.String(Plexbmc.14.Background)]</icon>
            <property name="uuid">$INFO[Window(Home).Property(plexbmc.14.uuid)]</property>
            <property name="type">$INFO[Window(Home).Property(plexbmc.14.type)]</property>
            <property name="partial">$INFO[Window(Home).Property(plexbmc.14.partialpath)]</property>
            <property name="search">$INFO[Window(Home).Property(plexbmc.14.search)]</property>
            <property name="recent">$INFO[Window(Home).Property(plexbmc.14.recent)]</property>
            <property name="viewed">$INFO[Window(Home).Property(plexbmc.14.viewed)]</property>
            <property name="shared">$INFO[Window(Home).Property(plexbmc.14.shared)]</property>
            <property name="newest">$INFO[Window(Home).Property(plexbmc.14.released)]</property>
            <property name="ondeck">$INFO[Window(Home).Property(plexbmc.14.ondeck)]</property>
            <property name="album">$INFO[Window(Home).Property(plexbmc.14.album)]</property>
            <property name="year">$INFO[Window(Home).Property(plexbmc.14.year)]</property>
        </item>
        <item id="45">
            <visible>!Skin.HasSetting(hide.plexbmc.15.title)</visible>
            <visible>Skin.HasSetting(plexbmc) + !IsEmpty(Window(Home).Property(plexbmc.15.title))</visible>
            <visible>![Skin.HasSetting(Hide.Shared) + Substring(Window(Home).Property(plexbmc.15.shared),t)]</visible>
            <label>$INFO[Window(Home).Property(plexbmc.15.title)]</label>
            <label2>$INFO[Window(Home).Property(plexbmc.15.subtitle)]</label2>
            <onclick>$INFO[Window(Home).Property(plexbmc.15.path)]</onclick>
            <thumb fallback="special://skin/backgrounds/default/default.jpg" background="true">$INFO[Window(Home).Property(plexbmc.15.art)]</thumb>
            <icon background="true">$INFO[Skin.String(Plexbmc.15.Background)]</icon>
            <property name="uuid">$INFO[Window(Home).Property(plexbmc.15.uuid)]</property>
            <property name="type">$INFO[Window(Home).Property(plexbmc.15.type)]</property>
            <property name="partial">$INFO[Window(Home).Property(plexbmc.15.partialpath)]</property>
            <property name="search">$INFO[Window(Home).Property(plexbmc.15.search)]</property>
            <property name="recent">$INFO[Window(Home).Property(plexbmc.15.recent)]</property>
            <property name="viewed">$INFO[Window(Home).Property(plexbmc.15.viewed)]</property>
            <property name="shared">$INFO[Window(Home).Property(plexbmc.15.shared)]</property>
            <property name="newest">$INFO[Window(Home).Property(plexbmc.15.released)]</property>
            <property name="ondeck">$INFO[Window(Home).Property(plexbmc.15.ondeck)]</property>
            <property name="album">$INFO[Window(Home).Property(plexbmc.15.album)]</property>
            <property name="year">$INFO[Window(Home).Property(plexbmc.15.year)]</property>
        </item>
        <item id="46">
            <visible>!Skin.HasSetting(hide.plexbmc.16.title)</visible>
            <visible>Skin.HasSetting(plexbmc) + !IsEmpty(Window(Home).Property(plexbmc.16.title))</visible>
            <visible>![Skin.HasSetting(Hide.Shared) + Substring(Window(Home).Property(plexbmc.16.shared),t)]</visible>
            <label>$INFO[Window(Home).Property(plexbmc.16.title)]</label>
            <label2>$INFO[Window(Home).Property(plexbmc.16.subtitle)]</label2>
            <onclick>$INFO[Window(Home).Property(plexbmc.16.path)]</onclick>
            <thumb fallback="special://skin/backgrounds/default/default.jpg" background="true">$INFO[Window(Home).Property(plexbmc.16.art)]</thumb>
            <icon background="true">$INFO[Skin.String(Plexbmc.16.Background)]</icon>
            <property name="uuid">$INFO[Window(Home).Property(plexbmc.16.uuid)]</property>
            <property name="type">$INFO[Window(Home).Property(plexbmc.16.type)]</property>
            <property name="partial">$INFO[Window(Home).Property(plexbmc.16.partialpath)]</property>
            <property name="search">$INFO[Window(Home).Property(plexbmc.16.search)]</property>
            <property name="recent">$INFO[Window(Home).Property(plexbmc.16.recent)]</property>
            <property name="viewed">$INFO[Window(Home).Property(plexbmc.16.viewed)]</property>
            <property name="shared">$INFO[Window(Home).Property(plexbmc.16.shared)]</property>
            <property name="newest">$INFO[Window(Home).Property(plexbmc.16.released)]</property>
            <property name="ondeck">$INFO[Window(Home).Property(plexbmc.16.ondeck)]</property>
            <property name="album">$INFO[Window(Home).Property(plexbmc.16.album)]</property>
            <property name="year">$INFO[Window(Home).Property(plexbmc.16.year)]</property>
        </item>
        <item id="47">
            <visible>!Skin.HasSetting(hide.plexbmc.17.title)</visible>
            <visible>Skin.HasSetting(plexbmc) + !IsEmpty(Window(Home).Property(plexbmc.17.title))</visible>
            <visible>![Skin.HasSetting(Hide.Shared) + Substring(Window(Home).Property(plexbmc.17.shared),t)]</visible>
            <label>$INFO[Window(Home).Property(plexbmc.17.title)]</label>
            <label2>$INFO[Window(Home).Property(plexbmc.17.subtitle)]</label2>
            <onclick>$INFO[Window(Home).Property(plexbmc.17.path)]</onclick>
            <thumb fallback="special://skin/backgrounds/default/default.jpg" background="true">$INFO[Window(Home).Property(plexbmc.17.art)]</thumb>
            <icon background="true">$INFO[Skin.String(Plexbmc.17.Background)]</icon>
            <property name="uuid">$INFO[Window(Home).Property(plexbmc.17.uuid)]</property>
            <property name="type">$INFO[Window(Home).Property(plexbmc.17.type)]</property>
            <property name="partial">$INFO[Window(Home).Property(plexbmc.17.partialpath)]</property>
            <property name="search">$INFO[Window(Home).Property(plexbmc.17.search)]</property>
            <property name="recent">$INFO[Window(Home).Property(plexbmc.17.recent)]</property>
            <property name="viewed">$INFO[Window(Home).Property(plexbmc.17.viewed)]</property>
            <property name="shared">$INFO[Window(Home).Property(plexbmc.17.shared)]</property>
            <property name="newest">$INFO[Window(Home).Property(plexbmc.17.released)]</property>
            <property name="ondeck">$INFO[Window(Home).Property(plexbmc.17.ondeck)]</property>
            <property name="album">$INFO[Window(Home).Property(plexbmc.17.album)]</property>
            <property name="year">$INFO[Window(Home).Property(plexbmc.17.year)]</property>
        </item>
        <item id="48">
            <visible>!Skin.HasSetting(hide.plexbmc.18.title)</visible>
            <visible>Skin.HasSetting(plexbmc) + !IsEmpty(Window(Home).Property(plexbmc.18.title))</visible>
            <visible>![Skin.HasSetting(Hide.Shared) + Substring(Window(Home).Property(plexbmc.18.shared),t)]</visible>
            <label>$INFO[Window(Home).Property(plexbmc.18.title)]</label>
            <label2>$INFO[Window(Home).Property(plexbmc.18.subtitle)]</label2>
            <onclick>$INFO[Window(Home).Property(plexbmc.18.path)]</onclick>
            <thumb fallback="special://skin/backgrounds/default/default.jpg" background="true">$INFO[Window(Home).Property(plexbmc.18.art)]</thumb>
            <icon background="true">$INFO[Skin.String(Plexbmc.18.Background)]</icon>
            <property name="uuid">$INFO[Window(Home).Property(plexbmc.18.uuid)]</property>
            <property name="type">$INFO[Window(Home).Property(plexbmc.18.type)]</property>
            <property name="partial">$INFO[Window(Home).Property(plexbmc.18.partialpath)]</property>
            <property name="search">$INFO[Window(Home).Property(plexbmc.18.search)]</property>
            <property name="recent">$INFO[Window(Home).Property(plexbmc.18.recent)]</property>
            <property name="viewed">$INFO[Window(Home).Property(plexbmc.18.viewed)]</property>
            <property name="shared">$INFO[Window(Home).Property(plexbmc.18.shared)]</property>
            <property name="newest">$INFO[Window(Home).Property(plexbmc.18.released)]</property>
            <property name="ondeck">$INFO[Window(Home).Property(plexbmc.18.ondeck)]</property>
            <property name="album">$INFO[Window(Home).Property(plexbmc.18.album)]</property>
            <property name="year">$INFO[Window(Home).Property(plexbmc.18.year)]</property>
        </item>
        <item id="49">
            <visible>!Skin.HasSetting(hide.plexbmc.19.title)</visible>
            <visible>Skin.HasSetting(plexbmc) + !IsEmpty(Window(Home).Property(plexbmc.19.title))</visible>
            <visible>![Skin.HasSetting(Hide.Shared) + Substring(Window(Home).Property(plexbmc.19.shared),t)]</visible>
            <label>$INFO[Window(Home).Property(plexbmc.19.title)]</label>
            <label2>$INFO[Window(Home).Property(plexbmc.19.subtitle)]</label2>
            <onclick>$INFO[Window(Home).Property(plexbmc.19.path)]</onclick>
            <thumb fallback="special://skin/backgrounds/default/default.jpg" background="true">$INFO[Window(Home).Property(plexbmc.19.art)]</thumb>
            <icon background="true">$INFO[Skin.String(Plexbmc.19.Background)]</icon>
            <property name="uuid">$INFO[Window(Home).Property(plexbmc.19.uuid)]</property>
            <property name="type">$INFO[Window(Home).Property(plexbmc.19.type)]</property>
            <property name="partial">$INFO[Window(Home).Property(plexbmc.19.partialpath)]</property>
            <property name="search">$INFO[Window(Home).Property(plexbmc.19.search)]</property>
            <property name="recent">$INFO[Window(Home).Property(plexbmc.19.recent)]</property>
            <property name="viewed">$INFO[Window(Home).Property(plexbmc.19.viewed)]</property>
            <property name="shared">$INFO[Window(Home).Property(plexbmc.19.shared)]</property>
            <property name="newest">$INFO[Window(Home).Property(plexbmc.19.released)]</property>
            <property name="ondeck">$INFO[Window(Home).Property(plexbmc.19.ondeck)]</property>
            <property name="album">$INFO[Window(Home).Property(plexbmc.19.album)]</property>
            <property name="year">$INFO[Window(Home).Property(plexbmc.19.year)]</property>
        </item>
        <item id="50">
            <visible>Skin.HasSetting(plexbmc) + !Skin.HasSetting(Channels.Hide)</visible>
            <label>$VAR[Plex.Channels.Label.Management]</label>
            <property name="uuid">Channels</property>
            <thumb background="true">$VAR[Plex.Channels.Icon.Management]</thumb>
            <icon background="true">$VAR[Plex.Channels.Background.Management]</icon>
            <onclick>ActivateWindow(Videos,"plugin://plugin.video.plexbmc/?mode=22&amp;url=http://online%2fsystem%2fplugins%2fall",return)</onclick>
        </item>
        <item id="51">
            <visible>Skin.HasSetting(plexbmc) + !Skin.HasSetting(Queue.Hide)</visible>
            <label>$VAR[Plex.Queue.Label.Management]</label>
            <property name="uuid">Queue</property>
            <thumb background="true">$VAR[Plex.Queue.Icon.Management]</thumb>
            <icon background="true">$VAR[Plex.Queue.Background.Management]</icon>
            <onclick>$INFO[Window(Home).Property(plexbmc.queue)]</onclick>
            <visible>!IsEmpty(Window(Home).Property(plexbmc.myplex))</visible>
        </item>
    </include>
    <include name="Plexbmc.Items.SkinSettings">
        <content>
            <item id="30">
                <visible>Skin.HasSetting(plexbmc) + !IsEmpty(Window(Home).Property(plexbmc.0.title))</visible>
                <visible>![Skin.HasSetting(Hide.Shared) + Substring(Window(Home).Property(plexbmc.0.shared),t)]</visible>
                <label>$VAR[Plex.0.Label.Management]</label>
                <label2>$INFO[Window(Home).Property(plexbmc.0.subtitle)]</label2>
                <onclick>noop</onclick>
                <thumb background="true">$VAR[Plex.0.Icon.Management]</thumb>
                <icon background="true">$VAR[Plex.0.Background.Management]</icon>
                <property name="uuid">$INFO[Window(Home).Property(plexbmc.0.uuid)]</property>
                <property name="type">$INFO[Window(Home).Property(plexbmc.0.type)]</property>
                <property name="hide">$INFO[Skin.HasSetting(hide.plexbmc.0.title)]</property>
            </item>
            <item id="31">
                <visible>Skin.HasSetting(plexbmc) + !IsEmpty(Window(Home).Property(plexbmc.1.title))</visible>
                <visible>![Skin.HasSetting(Hide.Shared) + Substring(Window(Home).Property(plexbmc.1.shared),t)]</visible>
                <label>$VAR[Plex.1.Label.Management]</label>
                <label2>$INFO[Window(Home).Property(plexbmc.1.subtitle)]</label2>
                <onclick>noop</onclick>
                <thumb background="true">$VAR[Plex.1.Icon.Management]</thumb>
                <icon background="true">$VAR[Plex.1.Background.Management]</icon>
                <property name="uuid">$INFO[Window(Home).Property(plexbmc.1.uuid)]</property>
                <property name="type">$INFO[Window(Home).Property(plexbmc.1.type)]</property>
                <property name="hide">$INFO[Skin.HasSetting(hide.plexbmc.1.title)]</property>
            </item>
            <item id="32">
                <visible>Skin.HasSetting(plexbmc) + !IsEmpty(Window(Home).Property(plexbmc.2.title))</visible>
                <visible>![Skin.HasSetting(Hide.Shared) + Substring(Window(Home).Property(plexbmc.2.shared),t)]</visible>
                <label>$VAR[Plex.2.Label.Management]</label>
                <label2>$INFO[Window(Home).Property(plexbmc.2.subtitle)]</label2>
                <onclick>noop</onclick>
                <thumb background="true">$VAR[Plex.2.Icon.Management]</thumb>
                <icon background="true">$VAR[Plex.2.Background.Management]</icon>
                <property name="uuid">$INFO[Window(Home).Property(plexbmc.2.uuid)]</property>
                <property name="type">$INFO[Window(Home).Property(plexbmc.2.type)]</property>
                <property name="hide">$INFO[Skin.HasSetting(hide.plexbmc.2.title)]</property>
            </item>
            <item id="33">
                <visible>Skin.HasSetting(plexbmc) + !IsEmpty(Window(Home).Property(plexbmc.3.title))</visible>
                <visible>![Skin.HasSetting(Hide.Shared) + Substring(Window(Home).Property(plexbmc.3.shared),t)]</visible>
                <label>$VAR[Plex.3.Label.Management]</label>
                <label2>$INFO[Window(Home).Property(plexbmc.3.subtitle)]</label2>
                <onclick>noop</onclick>
                <thumb background="true">$VAR[Plex.3.Icon.Management]</thumb>
                <icon background="true">$VAR[Plex.3.Background.Management]</icon>
                <property name="uuid">$INFO[Window(Home).Property(plexbmc.3.uuid)]</property>
                <property name="type">$INFO[Window(Home).Property(plexbmc.3.type)]</property>
                <property name="hide">$INFO[Skin.HasSetting(hide.plexbmc.3.title)]</property>
            </item>
            <item id="34">
                <visible>Skin.HasSetting(plexbmc) + !IsEmpty(Window(Home).Property(plexbmc.4.title))</visible>
                <visible>![Skin.HasSetting(Hide.Shared) + Substring(Window(Home).Property(plexbmc.4.shared),t)]</visible>
                <label>$VAR[Plex.4.Label.Management]</label>
                <label2>$INFO[Window(Home).Property(plexbmc.4.subtitle)]</label2>
                <onclick>noop</onclick>
                <thumb background="true">$VAR[Plex.4.Icon.Management]</thumb>
                <icon background="true">$VAR[Plex.4.Background.Management]</icon>
                <property name="uuid">$INFO[Window(Home).Property(plexbmc.4.uuid)]</property>
                <property name="type">$INFO[Window(Home).Property(plexbmc.4.type)]</property>
                <property name="hide">$INFO[Skin.HasSetting(hide.plexbmc.4.title)]</property>
            </item>
            <item id="35">
                <visible>Skin.HasSetting(plexbmc) + !IsEmpty(Window(Home).Property(plexbmc.5.title))</visible>
                <visible>![Skin.HasSetting(Hide.Shared) + Substring(Window(Home).Property(plexbmc.5.shared),t)]</visible>
                <label>$VAR[Plex.5.Label.Management]</label>
                <label2>$INFO[Window(Home).Property(plexbmc.5.subtitle)]</label2>
                <onclick>noop</onclick>
                <thumb background="true">$VAR[Plex.5.Icon.Management]</thumb>
                <icon background="true">$VAR[Plex.5.Background.Management]</icon>
                <property name="uuid">$INFO[Window(Home).Property(plexbmc.5.uuid)]</property>
                <property name="type">$INFO[Window(Home).Property(plexbmc.5.type)]</property>
                <property name="hide">$INFO[Skin.HasSetting(hide.plexbmc.5.title)]</property>
            </item>
            <item id="36">
                <visible>Skin.HasSetting(plexbmc) + !IsEmpty(Window(Home).Property(plexbmc.6.title))</visible>
                <visible>![Skin.HasSetting(Hide.Shared) + Substring(Window(Home).Property(plexbmc.6.shared),t)]</visible>
                <label>$VAR[Plex.6.Label.Management]</label>
                <label2>$INFO[Window(Home).Property(plexbmc.6.subtitle)]</label2>
                <onclick>noop</onclick>
                <thumb background="true">$VAR[Plex.6.Icon.Management]</thumb>
                <icon background="true">$VAR[Plex.6.Background.Management]</icon>
                <property name="uuid">$INFO[Window(Home).Property(plexbmc.6.uuid)]</property>
                <property name="type">$INFO[Window(Home).Property(plexbmc.6.type)]</property>
                <property name="hide">$INFO[Skin.HasSetting(hide.plexbmc.6.title)]</property>
            </item>
            <item id="37">
                <visible>Skin.HasSetting(plexbmc) + !IsEmpty(Window(Home).Property(plexbmc.7.title))</visible>
                <visible>![Skin.HasSetting(Hide.Shared) + Substring(Window(Home).Property(plexbmc.7.shared),t)]</visible>
                <label>$VAR[Plex.7.Label.Management]</label>
                <label2>$INFO[Window(Home).Property(plexbmc.7.subtitle)]</label2>
                <onclick>noop</onclick>
                <thumb background="true">$VAR[Plex.7.Icon.Management]</thumb>
                <icon background="true">$VAR[Plex.7.Background.Management]</icon>
                <property name="uuid">$INFO[Window(Home).Property(plexbmc.7.uuid)]</property>
                <property name="type">$INFO[Window(Home).Property(plexbmc.7.type)]</property>
                <property name="hide">$INFO[Skin.HasSetting(hide.plexbmc.7.title)]</property>
            </item>
            <item id="38">
                <visible>Skin.HasSetting(plexbmc) + !IsEmpty(Window(Home).Property(plexbmc.8.title))</visible>
                <visible>![Skin.HasSetting(Hide.Shared) + Substring(Window(Home).Property(plexbmc.8.shared),t)]</visible>
                <label>$VAR[Plex.8.Label.Management]</label>
                <label2>$INFO[Window(Home).Property(plexbmc.8.subtitle)]</label2>
                <onclick>noop</onclick>
                <thumb background="true">$VAR[Plex.8.Icon.Management]</thumb>
                <icon background="true">$VAR[Plex.8.Background.Management]</icon>
                <property name="uuid">$INFO[Window(Home).Property(plexbmc.8.uuid)]</property>
                <property name="type">$INFO[Window(Home).Property(plexbmc.8.type)]</property>
                <property name="hide">$INFO[Skin.HasSetting(hide.plexbmc.8.title)]</property>
            </item>
            <item id="39">
                <visible>Skin.HasSetting(plexbmc) + !IsEmpty(Window(Home).Property(plexbmc.9.title))</visible>
                <visible>![Skin.HasSetting(Hide.Shared) + Substring(Window(Home).Property(plexbmc.9.shared),t)]</visible>
                <label>$VAR[Plex.9.Label.Management]</label>
                <label2>$INFO[Window(Home).Property(plexbmc.9.subtitle)]</label2>
                <onclick>noop</onclick>
                <thumb background="true">$VAR[Plex.9.Icon.Management]</thumb>
                <icon background="true">$VAR[Plex.9.Background.Management]</icon>
                <property name="uuid">$INFO[Window(Home).Property(plexbmc.9.uuid)]</property>
                <property name="type">$INFO[Window(Home).Property(plexbmc.9.type)]</property>
                <property name="hide">$INFO[Skin.HasSetting(hide.plexbmc.9.title)]</property>
            </item>
            <item id="40">
                <visible>Skin.HasSetting(plexbmc) + !IsEmpty(Window(Home).Property(plexbmc.10.title))</visible>
                <visible>![Skin.HasSetting(Hide.Shared) + Substring(Window(Home).Property(plexbmc.10.shared),t)]</visible>
                <label>$VAR[Plex.10.Label.Management]</label>
                <label2>$INFO[Window(Home).Property(plexbmc.10.subtitle)]</label2>
                <onclick>noop</onclick>
                <thumb background="true">$VAR[Plex.10.Icon.Management]</thumb>
                <icon background="true">$VAR[Plex.10.Background.Management]</icon>
                <property name="uuid">$INFO[Window(Home).Property(plexbmc.10.uuid)]</property>
                <property name="type">$INFO[Window(Home).Property(plexbmc.10.type)]</property>
                <property name="hide">$INFO[Skin.HasSetting(hide.plexbmc.10.title)]</property>
            </item>
            <item id="50">
                <label>$VAR[Plex.Channels.Label.Management]</label>
                <thumb background="true">$VAR[Plex.Channels.Icon.Management]</thumb>
                <icon background="true">$VAR[Plex.Channels.Background.Management]</icon>
                <property name="uuid">Channels</property>
                <onclick>noop</onclick>
                <property name="hide">$INFO[Skin.HasSetting(Channels.Hide)]</property>
            </item>
            <item id="51">
                <visible>!IsEmpty(Window(Home).Property(plexbmc.myplex))</visible>
                <label>$VAR[Plex.Queue.Label.Management]</label>
                <thumb background="true">$VAR[Plex.Queue.Icon.Management]</thumb>
                <icon background="true">$VAR[Plex.Queue.Background.Management]</icon>
                <property name="uuid">Queue</property>
                <onclick>noop</onclick>
                <property name="hide">$INFO[Skin.HasSetting(Queue.Hide)]</property>
            </item>
        </content>
    </include>
    <include name="Plexbmc.Submenu.Items">
        <item id="51">
            <visible>System.HasAddon(plugin.video.plexbmc) + Skin.HasSetting(plexbmc)</visible>
            <visible>Container(300).HasFocus(50)</visible>
            <label>$LOCALIZE[1]</label>
            <onclick>ActivateWindow(pictures,"plugin://plugin.video.plexbmc/?url=http://photo&amp;mode=22",return)</onclick>
        </item>
        <item id="52">
            <visible>System.HasAddon(plugin.video.plexbmc) + Skin.HasSetting(plexbmc)</visible>
            <visible>Container(300).HasFocus(50)</visible>
            <label>$LOCALIZE[157]</label>
            <onclick>ActivateWindow(Videos,"plugin://plugin.video.plexbmc/?url=http://video&amp;mode=22",return)</onclick>
        </item>
        <item id="53">
            <visible>System.HasAddon(plugin.video.plexbmc) + Skin.HasSetting(plexbmc)</visible>
            <visible>Container(300).HasFocus(50)</visible>
            <label>$LOCALIZE[2]</label>
            <onclick>ActivateWindow(Music,"plugin://plugin.video.plexbmc/?url=http://music&amp;mode=22",return)</onclick>
        </item>
        <item id="58">
            <visible>System.HasAddon(plugin.video.plexbmc) + Skin.HasSetting(plexbmc)</visible>
            <visible>Container(300).HasFocus(30) | Container(300).HasFocus(31) | Container(300).HasFocus(32) | Container(300).HasFocus(33) | Container(300).HasFocus(34) | Container(300).HasFocus(35) | Container(300).HasFocus(36) | Container(300).HasFocus(37) | Container(300).HasFocus(38) | Container(300).HasFocus(39) | Container(300).HasFocus(40)</visible>
            <visible>substring(Container(300).ListItem.Property(shared),false)</visible>
            <visible>!substring(Container(300).ListItem.Property(type),photo)</visible>
            <label>$LOCALIZE[137]</label>
            <onclick>$INFO[Container(300).ListItem.Property(search)]</onclick>
        </item>
        <item id="66">
            <visible>System.HasAddon(plugin.video.plexbmc) + Skin.HasSetting(plexbmc)</visible>
            <visible>Container(300).HasFocus(30) | Container(300).HasFocus(31) | Container(300).HasFocus(32) | Container(300).HasFocus(33) | Container(300).HasFocus(34) | Container(300).HasFocus(35) | Container(300).HasFocus(36) | Container(300).HasFocus(37) | Container(300).HasFocus(38) | Container(300).HasFocus(39) | Container(300).HasFocus(40)</visible>
            <visible>substring(Container(300).ListItem.Property(type),show)</visible>
            <label>$LOCALIZE[31932]</label>
            <onclick>$INFO[Container(300).ListItem.Property(partial)]/recentlyViewedShows&amp;mode=0,return)</onclick>
        </item>
        <item id="59">
            <visible>System.HasAddon(plugin.video.plexbmc) + Skin.HasSetting(plexbmc)</visible>
            <visible>Container(300).HasFocus(30) | Container(300).HasFocus(31) | Container(300).HasFocus(32) | Container(300).HasFocus(33) | Container(300).HasFocus(34) | Container(300).HasFocus(35) | Container(300).HasFocus(36) | Container(300).HasFocus(37) | Container(300).HasFocus(38) | Container(300).HasFocus(39) | Container(300).HasFocus(40)</visible>
            <visible>substring(Container(300).ListItem.Property(shared),false)</visible>
            <visible>substring(Container(300).ListItem.Property(type),show) | substring(Container(300).ListItem.Property(type),movie)</visible>
            <label>$LOCALIZE[31011]</label>
            <onclick>$INFO[Container(300).ListItem.Property(viewed)]</onclick>
        </item>
        <item id="60">
            <visible>System.HasAddon(plugin.video.plexbmc) + Skin.HasSetting(plexbmc)</visible>
            <visible>Container(300).HasFocus(30) | Container(300).HasFocus(31) | Container(300).HasFocus(32) | Container(300).HasFocus(33) | Container(300).HasFocus(34) | Container(300).HasFocus(35) | Container(300).HasFocus(36) | Container(300).HasFocus(37) | Container(300).HasFocus(38) | Container(300).HasFocus(39) | Container(300).HasFocus(40)</visible>
            <visible>substring(Container(300).ListItem.Property(shared),false)</visible>
            <visible>substring(Container(300).ListItem.Property(type),show) | substring(Container(300).ListItem.Property(type),movie)</visible>
            <label>$LOCALIZE[16101]</label>
            <onclick>$INFO[Container(300).ListItem.Property(partial)]/unwatched&amp;mode=0,return)</onclick>
        </item>
        <item id="61">
            <visible>System.HasAddon(plugin.video.plexbmc) + Skin.HasSetting(plexbmc)</visible>
            <visible>Container(300).HasFocus(30) | Container(300).HasFocus(31) | Container(300).HasFocus(32) | Container(300).HasFocus(33) | Container(300).HasFocus(34) | Container(300).HasFocus(35) | Container(300).HasFocus(36) | Container(300).HasFocus(37) | Container(300).HasFocus(38) | Container(300).HasFocus(39) | Container(300).HasFocus(40)</visible>
            <visible>substring(Container(300).ListItem.Property(shared),false)</visible>
            <visible>substring(Container(300).ListItem.Property(type),movie)</visible>
            <label>$LOCALIZE[31012]</label>
            <onclick>$INFO[Container(300).ListItem.Property(newest)]</onclick>
        </item>
        <item id="61">
            <visible>System.HasAddon(plugin.video.plexbmc) + Skin.HasSetting(plexbmc)</visible>
            <visible>Container(300).HasFocus(30) | Container(300).HasFocus(31) | Container(300).HasFocus(32) | Container(300).HasFocus(33) | Container(300).HasFocus(34) | Container(300).HasFocus(35) | Container(300).HasFocus(36) | Container(300).HasFocus(37) | Container(300).HasFocus(38) | Container(300).HasFocus(39) | Container(300).HasFocus(40)</visible>
            <visible>substring(Container(300).ListItem.Property(shared),false)</visible>
            <visible>substring(Container(300).ListItem.Property(type),show)</visible>
            <label>$LOCALIZE[31013]</label>
            <onclick>$INFO[Container(300).ListItem.Property(newest)]</onclick>
        </item>
        <item id="62">
            <visible>System.HasAddon(plugin.video.plexbmc) + Skin.HasSetting(plexbmc)</visible>
            <visible>Container(300).HasFocus(30) | Container(300).HasFocus(31) | Container(300).HasFocus(32) | Container(300).HasFocus(33) | Container(300).HasFocus(34) | Container(300).HasFocus(35) | Container(300).HasFocus(36) | Container(300).HasFocus(37) | Container(300).HasFocus(38) | Container(300).HasFocus(39) | Container(300).HasFocus(40)</visible>
            <visible>substring(Container(300).ListItem.Property(shared),false)</visible>
            <label>$LOCALIZE[31020]</label>
            <onclick>$INFO[Container(300).ListItem.Property(recent)]</onclick>
        </item>
        <item id="63">
            <visible>System.HasAddon(plugin.video.plexbmc) + Skin.HasSetting(plexbmc)</visible>
            <visible>Container(300).HasFocus(30) | Container(300).HasFocus(31) | Container(300).HasFocus(32) | Container(300).HasFocus(33) | Container(300).HasFocus(34) | Container(300).HasFocus(35) | Container(300).HasFocus(36) | Container(300).HasFocus(37) | Container(300).HasFocus(38) | Container(300).HasFocus(39) | Container(300).HasFocus(40)</visible>
            <visible>substring(Container(300).ListItem.Property(shared),false)</visible>
            <visible>substring(Container(300).ListItem.Property(type),show) | substring(Container(300).ListItem.Property(type),movie)</visible>
            <label>$LOCALIZE[31014]</label>
            <onclick>$INFO[Container(300).ListItem.Property(ondeck)]</onclick>
        </item>
        <item id="64">
            <visible>System.HasAddon(plugin.video.plexbmc) + Skin.HasSetting(plexbmc)</visible>
            <visible>Container(300).HasFocus(30) | Container(300).HasFocus(31) | Container(300).HasFocus(32) | Container(300).HasFocus(33) | Container(300).HasFocus(34) | Container(300).HasFocus(35) | Container(300).HasFocus(36) | Container(300).HasFocus(37) | Container(300).HasFocus(38) | Container(300).HasFocus(39) | Container(300).HasFocus(40)</visible>
            <visible>substring(Container(300).ListItem.Property(shared),false)</visible>
            <visible>substring(Container(300).ListItem.Property(type),artist)</visible>
            <label>$LOCALIZE[132]</label>
            <onclick>$INFO[Container(300).ListItem.Property(album)]</onclick>
        </item>
        <item id="65">
            <visible>System.HasAddon(plugin.video.plexbmc) + Skin.HasSetting(plexbmc)</visible>
            <visible>Container(300).HasFocus(30) | Container(300).HasFocus(31) | Container(300).HasFocus(32) | Container(300).HasFocus(33) | Container(300).HasFocus(34) | Container(300).HasFocus(35) | Container(300).HasFocus(36) | Container(300).HasFocus(37) | Container(300).HasFocus(38) | Container(300).HasFocus(39) | Container(300).HasFocus(40)</visible>
            <visible>substring(Container(300).ListItem.Property(shared),false)</visible>
            <visible>substring(Container(300).ListItem.Property(type),photo)</visible>
            <label>$LOCALIZE[345]</label>
            <onclick>$INFO[Container(300).ListItem.Property(year)]</onclick>
        </item>
    </include>
</includes>
