<?xml version="1.0" encoding="utf-8"?>
<window>
    <defaultcontrol always="true">5</defaultcontrol>
    <include>DialogOpenClose</include>
    <controls>
        <include>DimBG</include>
        <control type="group">
            <include condition="Skin.HasSetting(BlackGlassMode)+!Skin.HasSetting(DisableSlidingAnimations)">OpenCloseSlideRight</include>
            <include name="WindowClosingButton">
                <param name="id" value="0"/>
                <param name="x" value="1387"/>
                <param name="y" value="98"/>
            </include>
            <control type="image">
                <posx>483</posx>
                <posy>102</posy>
                <width>954</width>
                <height>875</height>
                <texture border="94">common/bg_dialog.png</texture>
            </control>
            <control type="group">
                <posx>528</posx>
                <posy>139</posy>
                <control type="label" id="2">
                    <posx>45</posx>
                    <posy>18</posy>
                    <width>774</width>
                    <height>100</height>
                    <font>InfoTitleFont</font>
                    <textcolor>MainColor</textcolor>
                    <align>center</align>
                    <label>$LOCALIZE[20043]</label>
                </control>
                <control type="image">
                    <posx>0</posx>
                    <posy>38</posy>
                    <width>864</width>
                    <height>79</height>
                    <texture>list/bg_facade_nofocus_top.png</texture>
                </control>
                <control type="grouplist" id="5">
                    <description>Control Area</description>
                    <posx>0</posx>
                    <posy>117</posy>
                    <width>864</width>
                    <height>568</height>
                    <itemgap>0</itemgap>
                    <orientation>vertical</orientation>
                    <onleft>noop</onleft>
                    <onright>9001</onright>
                    <onup>28</onup>
                    <ondown>28</ondown>
                </control>
                <control type="button" id="7">
                    <width>864</width>
                    <include>LeftMenuButton</include>
                </control>
                <control type="radiobutton" id="8">
                    <width>864</width>
                    <radioposx>760</radioposx>
                    <textwidth>702</textwidth>
                    <include>LeftMenuButton</include>
                </control>
                <control type="spincontrolex" id="9">
                    <width>864</width>
                    <include>LeftMenuButton</include>
                </control>
                <control type="label" id="14">
                    <description>Default Label</description>
                    <label>-</label>
                    <font>LeftMenuTitleFont</font>
                    <textcolor>AlternateColor</textcolor>
                    <include>LeftMenuButton</include>
                </control>
                <control type="image">
                    <posx>0</posx>
                    <posy>606</posy>
                    <width>864</width>
                    <height>79</height>
                    <texture>list/bg_facade_nofocus_top.png</texture>
                </control>
                <control type="grouplist" id="9001">
                    <posx>0</posx>
                    <posy>692</posy>
                    <width>864</width>
                    <height>90</height>
                    <itemgap>30</itemgap>
                    <aligny>bottom</aligny>
                    <align>center</align>
                    <orientation>horizontal</orientation>
                    <control type="button" id="28">
                        <onup>5</onup>
                        <label>$LOCALIZE[186]</label>
                    </control>
                    <control type="button" id="29">
                        <onup>5</onup>
                        <label>$LOCALIZE[222]</label>
                    </control>
                </control>
            </control>
        </control>
    </controls>
</window>
