<?xml version="1.0" encoding="utf-8"?>
<window>
    <defaultcontrol always="true">300</defaultcontrol>
    <!-- <animation effect="fade" time="150" condition="![Window.Previous(SkinSettings.xml)]">WindowOpen</animation>
    <animation effect="fade" time="150" condition="![Window.Next(SkinSettings.xml)]">WindowClose</animation> -->
    <controls>
        <include>Fanart_Art</include>
        <include>Player_Show</include>
        <include>Time</include>
        <control type="label">
            <include condition="Skin.HasSetting(BlackGlassMode)+!Skin.HasSetting(DisableSlidingAnimations)">OpenCloseSlideRight</include>
            <include>WindowTitle</include>
            <label>$LOCALIZE[5]</label>
        </control>
        <control type="label" id="500">
            <include condition="Skin.HasSetting(BlackGlassMode)+!Skin.HasSetting(DisableSlidingAnimations)">OpenCloseSlideRight</include>
            <include>WindowTitleSub</include>
        </control>
        <control type="group">
            <include condition="Skin.HasSetting(BlackGlassMode)+!Skin.HasSetting(DisableSlidingAnimations)">OpenCloseSlideRight</include>
            <posy>-189</posy>
            <include name="WindowClosingButton">
                <param name="id" value="0"/>
                <param name="x" value="1787"/>
                <param name="y" value="240"/>
            </include>
            <control type="image">
                <posx>83</posx>
                <posy>244</posy>
                <width>1754</width>
                <height>1029</height>
                <texture border="90">common/bg_dialog.png</texture>
            </control>
            <control type="image">
                <posx>128</posx>
                <posy>292</posy>
                <width>1664</width>
                <height>90</height>
                <texture border="3">list/bg_facade_nofocus_top.png</texture>
            </control>
            <control type="label">
                <posx>173</posx>
                <posy>323</posy>
                <height>36</height>
                <width>1574</width>
                <align>center</align>
                <font>InfoTitleFont</font>
                <textcolor>MainColor</textcolor>
                <label>$INFO[Control.GetLabel(500)]</label>
            </control>
            <control type="image">
                <posx>1359</posx>
                <posy>382</posy>
                <width>2</width>
                <height>841</height>
                <texture>list/bg_facade_vertical.png</texture>
            </control>
            <control type="image">
                <posx>1359</posx>
                <posy>382</posy>
                <height>841</height>
                <width>375</width>
                <texture flipx="true">list/bg_strip_horizontal_left.png</texture>
                <colordiffuse>90ffffff</colordiffuse>
            </control>
            <!--COMMANDS-->
            <control type="grouplist" id="300">
                <posx>1359</posx>
                <posy>382</posy>
                <width>433</width>
                <height>803</height>
                <itemgap>0</itemgap>
                <orientation>vertical</orientation>
                <onleft>211</onleft>
                <onright>360</onright>
                <pagecontrol>360</pagecontrol>
                <control type="button" id="301">
                    <description>Add a new shortcut</description>
                    <include>RightDialogButton</include>
                    <onclick>noop</onclick>
                    <label>$ADDON[script.skinshortcuts 32000]</label>
                </control>
                <control type="button" id="302">
                    <description>Delete shortcut</description>
                    <include>RightDialogButton</include>
                    <onclick>noop</onclick>
                    <label>$ADDON[script.skinshortcuts 32001]</label>
                </control>
                <!--<control type="button" id="313">-->
                    <!--<description>Disable shortcut</description>-->
                    <!--<include>RightDialogButton</include>-->
                    <!--<onclick>noop</onclick>-->
                    <!--<label>$VAR[SkinShortcutDisabledLabel]</label>-->
                <!--</control>-->
                <control type="button" id="303">
                    <description>Move shortcut up</description>
                    <include>RightDialogButton</include>
                    <onclick>noop</onclick>
                    <label>$VAR[SkinShortcutsMoveUpLabel]</label>
                </control>
                <control type="button" id="304">
                    <description>Move shortcut down</description>
                    <include>RightDialogButton</include>
                    <onclick>noop</onclick>
                    <label>$VAR[SkinShortcutsMoveDownLabel]</label>
                </control>
                <control type="button" id="401">
                    <description>Alternative method to set a shortcut</description>
                    <include>RightDialogButton</include>
                    <onclick>noop</onclick>
                    <label>$ADDON[script.skinshortcuts 32048]</label>
                </control>
                <control type="button" id="307">
                    <description>Change shortcut action</description>
                    <include>RightDialogButton</include>
                    <onclick>noop</onclick>
                    <label>$ADDON[script.skinshortcuts 32027]</label>
                </control>
                <control type="button" id="305">
                    <description>Change shortcut label</description>
                    <include>RightDialogButton</include>
                    <onclick>noop</onclick>
                    <label>$ADDON[script.skinshortcuts 32025]</label>
                </control>
                <control type="button" id="306">
                    <visible>StringCompare(Window.Property(groupname),mainmenu)</visible>
                    <visible>!Skin.HasSetting(VerticalHome)</visible>
                    <description>Change shortcut thumbnail</description>
                    <include>RightDialogButton</include>
                    <onclick>noop</onclick>
                    <label>$ADDON[script.skinshortcuts 32026]</label>
                </control>
                <control type="button" id="310">
                    <visible>StringCompare(Window.Property(groupname),mainmenu)</visible>
                    <visible>[[!Skin.HasSetting(BlackGlassMode)+!Skin.HasSetting(Home_DefaultBG)]|[Skin.HasSetting(BlackGlassMode)+Skin.HasSetting(VerticalHome)]]</visible>
                    <description>Change shortcut background</description>
                    <include>RightDialogButton</include>
                    <onclick>noop</onclick>
                    <label>$ADDON[script.skinshortcuts 32045]</label>
                </control>
                <!--<control type="button" id="309">-->
                <!--<visible>!Skin.HasSetting(Hide.RecentlyAdded)</visible>-->
                <!--<visible>StringCompare(Window.Property(groupname),mainmenu)</visible>-->
                <!--<description>Select Widgets</description>-->
                <!--<include>RightDialogButton</include>-->
                <!--<onclick>noop</onclick>-->
                <!--<label>$ADDON[script.skinshortcuts 32044]</label>-->
                <!--</control>-->
                <control type="button" id="312">
                    <visible>!Skin.HasSetting(Hide.RecentlyAdded)</visible>
                    <visible>StringCompare(Window.Property(groupname),mainmenu)</visible>
                    <description>Select Widgets Advanced</description>
                    <include>RightDialogButton</include>
                    <!--<onclick>SetProperty(widgetID,0)</onclick>-->
                    <!--<onclick>SendClick(312)</onclick>-->
                    <label>$ADDON[script.skinshortcuts 32044] 1</label>
                </control>
                <control type="button" id="3121">
                    <visible>!Skin.HasSetting(Hide.RecentlyAdded)</visible>
                    <visible>StringCompare(Window.Property(groupname),mainmenu)</visible>
                    <description>Select Widgets Advanced</description>
                    <include>RightDialogButton</include>
                    <onclick>SetProperty(widgetID,1)</onclick>
                    <onclick>SendClick(312)</onclick>
                    <label>$ADDON[script.skinshortcuts 32044] 2</label>
                </control>
                <control type="button" id="3122">
                    <visible>!Skin.HasSetting(Hide.RecentlyAdded)</visible>
                    <visible>StringCompare(Window.Property(groupname),mainmenu)</visible>
                    <description>Select Widgets Advanced</description>
                    <include>RightDialogButton</include>
                    <onclick>SetProperty(widgetID,2)</onclick>
                    <onclick>SendClick(312)</onclick>
                    <label>$ADDON[script.skinshortcuts 32044] 3</label>
                </control>
                <control type="button" id="3123">
                    <visible>!Skin.HasSetting(Hide.RecentlyAdded)</visible>
                    <visible>StringCompare(Window.Property(groupname),mainmenu)</visible>
                    <description>Select Widgets Advanced</description>
                    <include>RightDialogButton</include>
                    <onclick>SetProperty(widgetID,3)</onclick>
                    <onclick>SendClick(312)</onclick>
                    <label>$ADDON[script.skinshortcuts 32044] 4</label>
                </control>
                <control type="button" id="3124">
                    <visible>!Skin.HasSetting(Hide.RecentlyAdded)</visible>
                    <visible>StringCompare(Window.Property(groupname),mainmenu)</visible>
                    <description>Select Widgets Advanced</description>
                    <include>RightDialogButton</include>
                    <onclick>SetProperty(widgetID,4)</onclick>
                    <onclick>SendClick(312)</onclick>
                    <label>$ADDON[script.skinshortcuts 32044] 5</label>
                </control>
                <control type="button" id="405">
                    <visible>StringCompare(Window.Property(groupname),mainmenu)</visible>
                    <description>Submenu</description>
                    <label>$ADDON[script.skinshortcuts 32072]</label>
                    <include>RightDialogButton</include>
                </control>
                <!--<control type="button" id="308">-->
                    <!--<description>Reset shortcuts</description>-->
                    <!--<include>RightDialogButton</include>-->
                    <!--<onclick>noop</onclick>-->
                    <!--<label>$ADDON[script.skinshortcuts 32028]</label>-->
                <!--</control>-->
            </control>
            <control type="scrollbar" id="360">
                <posx>1761</posx>
                <posy>382</posy>
                <height>803</height>
                <include>VerticalScroller</include>
                <onleft>300</onleft>
                <onright>360</onright>
            </control>
            <!--MAIN MENU-->
            <control type="group">
                <visible>StringCompare(Window.Property(groupname),mainmenu)</visible>
                <include>VisibleFadeEffect</include>
                <include>SkinShortcuts_Window_Back_Level</include>
                <control type="fixedlist" id="211">
                    <visible>StringCompare(Window.Property(groupname),mainmenu)</visible>
                    <include condition="Skin.HasSetting(VerticalHome)">SkinShortcuts_MainMenu_Vertical</include>
                    <include condition="!Skin.HasSetting(BlackGlassMode)+!Skin.HasSetting(VerticalHome)">SkinShortcuts_MainMenu_Horizontal</include>
                    <include condition="Skin.HasSetting(BlackGlassMode)+!Skin.HasSetting(VerticalHome)">SkinShortcuts_MainMenu_Horizontal_BG</include>
                </control>
                <control type="scrollbar" id="260">
                    <visible>!Skin.HasSetting(VerticalHome)</visible>
                    <posx>128</posx>
                    <posy>1140</posy>
                    <width>1230</width>
                    <include>HorizontalScroller</include>
                    <onup>211</onup>
                    <ondown>300</ondown>
                </control>
                <include condition="Skin.HasSetting(VerticalHome)">SkinShortcuts_Window_Vertical_Upper_Level</include>
                <include>SkinShortcuts_Window_Navigation</include>
                <include condition="Skin.HasSetting(VerticalHome)">SkinShortcuts_Widgets_Vertical</include>
                <include condition="!Skin.HasSetting(BlackGlassMode)+!Skin.HasSetting(VerticalHome)">SkinShortcuts_Widgets_Horizontal</include>
                <include condition="Skin.HasSetting(BlackGlassMode)+!Skin.HasSetting(VerticalHome)">SkinShortcuts_Widgets_Horizontal_BG</include>
                <control type="group">
                    <visible>!Skin.HasSetting(VerticalHome)</visible>
                    <control type="label">
                        <visible>!Skin.HasSetting(BlackGlassMode)</visible>
                        <posx>178</posx>
                        <posy>382</posy>
                        <width>1120</width>
                        <height>100</height>
                        <align>center</align>
                        <font>SmallButtonFont</font>
                        <textcolor>MainColor</textcolor>
                        <label>[COLOR=AlternateColor]$LOCALIZE[31059]:[/COLOR] [B]$VAR[SkinShortcutBackgroundDescription][/B]</label>
                    </control>
                    <control type="label">
                        <posx>178</posx>
                        <posy>960</posy>
                        <width>1120</width>
                        <height>100</height>
                        <align>center</align>
                        <font>SmallButtonFont</font>
                        <textcolor>MainColor</textcolor>
                        <label>[COLOR=AlternateColor]$LOCALIZE[31052]:[/COLOR] [B]$INFO[Container(211).ListItem.Label][/B]</label>
                    </control>
                    <control type="label">
                        <posx>178</posx>
                        <posy>1010</posy>
                        <width>1120</width>
                        <height>100</height>
                        <align>center</align>
                        <font>SmallButtonFont</font>
                        <textcolor>MainColor</textcolor>
                        <label>[COLOR=AlternateColor]$ADDON[script.skinshortcuts 32041]:[/COLOR] [B]$INFO[Container(211).ListItem.Property(Path)][/B]</label>
                    </control>
                </control>
                <control type="group">
                    <visible>Skin.HasSetting(VerticalHome)</visible>
                    <control type="label">
                        <posx>626</posx>
                        <posy>382</posy>
                        <width>687</width>
                        <height>100</height>
                        <font>SmallButtonFont</font>
                        <textcolor>MainColor</textcolor>
                        <label>[COLOR=AlternateColor]$LOCALIZE[31059]:[/COLOR] [B]$VAR[SkinShortcutBackgroundDescription][/B]</label>
                    </control>
                    <control type="label">
                        <posx>626</posx>
                        <posy>1060</posy>
                        <width>687</width>
                        <height>100</height>
                        <font>SmallButtonFont</font>
                        <textcolor>MainColor</textcolor>
                        <label>[COLOR=AlternateColor]$ADDON[script.skinshortcuts 32041]:[/COLOR] [B]$INFO[Container(211).ListItem.Property(Path)][/B]</label>
                    </control>
                </control>
            </control>

            <!--SUBMENU-->
            <control type="group">
                <visible>!StringCompare(Window.Property(groupname),mainmenu)</visible>
                <include>VisibleFadeEffect</include>
                <control type="list" id="211">
                    <visible>!StringCompare(Window.Property(groupname),mainmenu)</visible>
                    <posx>128</posx>
                    <posy>382</posy>
                    <width>1230</width>
                    <height>803</height>
                    <itemgap>0</itemgap>
                    <onright>266</onright>
                    <onleft>300</onleft>
                    <orientation>vertical</orientation>
                    <viewtype label="535">list</viewtype>
                    <pagecontrol>266</pagecontrol>
                    <itemlayout width="1230" height="73">
                        <control type="image">
                            <posx>0</posx>
                            <posy>0</posy>
                            <height>73</height>
                            <width>1230</width>
                            <texture border="3">list/bg_facade_nofocus.png</texture>
                        </control>
                        <control type="label">
                            <posx>TextMargin</posx>
                            <height>42</height>
                            <width>1140</width>
                            <font>FacadeListMainFont</font>
                            <textcolor>ListNoFocusColor</textcolor>
                            <label>$INFO[ListItem.Label]</label>
                            <scroll>false</scroll>
                        </control>
                        <control type="label">
                            <posx>TextMargin</posx>
                            <posy>39</posy>
                            <height>28</height>
                            <width>345</width>
                            <font>FacadeListSubFont</font>
                            <textcolor>SublistNoFocusColor</textcolor>
                            <label>$INFO[ListItem.Label2]</label>
                            <scroll>false</scroll>
                        </control>
                        <control type="label">
                            <posx>440</posx>
                            <posy>39</posy>
                            <height>28</height>
                            <width>745</width>
                            <font>FacadeListSubFont</font>
                            <align>right</align>
                            <textcolor>SublistNoFocusColor</textcolor>
                            <label>$INFO[ListItem.Property(Path)]</label>
                            <scroll>false</scroll>
                        </control>
                    </itemlayout>
                    <focusedlayout width="1230" height="73">
                        <control type="image">
                            <posx>0</posx>
                            <posy>0</posy>
                            <height>73</height>
                            <width>1230</width>
                            <include>FacadeFocus</include>
                        </control>
                        <control type="label">
                            <posx>TextMargin</posx>
                            <height>42</height>
                            <width>1140</width>
                            <font>FacadeListMainFont</font>
                            <textcolor>ListFocusColor</textcolor>
                            <label>$INFO[ListItem.Label]</label>
                        </control>
                        <control type="label">
                            <posx>TextMargin</posx>
                            <posy>39</posy>
                            <height>28</height>
                            <width>345</width>
                            <font>FacadeListSubFont</font>
                            <textcolor>SublistFocusColor</textcolor>
                            <label>$INFO[ListItem.Label2]</label>
                        </control>
                        <control type="label">
                            <posx>440</posx>
                            <posy>39</posy>
                            <height>28</height>
                            <width>745</width>
                            <font>FacadeListSubFont</font>
                            <align>right</align>
                            <textcolor>SublistFocusColor</textcolor>
                            <label>$INFO[ListItem.Property(Path)]</label>
                        </control>
                    </focusedlayout>
                </control>
                <control type="scrollbar" id="266">
                    <posx>1327</posx>
                    <posy>382</posy>
                    <height>803</height>
                    <include>VerticalScroller</include>
                    <onleft>211</onleft>
                    <onright>300</onright>
                </control>
            </control>
        </control>
    </controls>
</window>
