<?xml version="1.0" encoding="utf-8"?>
<window id="3001">
    <!-- The following property allows TvTunes to keep playing when this window is displayed -->
    <onload condition="!IsEmpty(ListItem.TvShowTitle)">SetProperty("TvTunesSupported", "TvShows")</onload>
    <onload condition="IsEmpty(ListItem.TvShowTitle)">SetProperty("TvTunesSupported", "Movies")</onload>
    <views>51</views>
    <defaultcontrol always="true">51</defaultcontrol>
    <include condition="!Skin.HasSetting(BlackGlassMode)|Skin.HasSetting(DisableSlidingAnimations)">OpenClose</include>
    <controls>
        <include>Fanart_Art</include>
        <include>Player_Show</include>
        <include>Time</include>
        <include>InfoBackground</include>
        <control type="label">
            <include condition="Skin.HasSetting(BlackGlassMode)+!Skin.HasSetting(DisableSlidingAnimations)">OpenCloseSlideRight</include>
            <include>WindowTitle</include>
            <label>$ADDON[script.videoextras 32001]</label>
        </control>
        <control type="label">
            <include condition="Skin.HasSetting(BlackGlassMode)+!Skin.HasSetting(DisableSlidingAnimations)">OpenCloseSlideRight</include>
            <include>WindowTitleSub</include>
            <label>$INFO[ListItem.Title]</label>
        </control>
        <!-- BGN -->
        <control type="group">
            <visible>!Skin.HasSetting(BlackGlassMode)</visible>
            <animation effect="slide" tween="circle" easing="out" time="250" start="0,0" end="-2690,0" condition="Control.HasFocus(505050)">conditional</animation>
            <include condition="!Skin.HasSetting(BlackGlassMode)">View_50_VideoExtras</include>
            <!-- COMMON -->
            <control type="group">
                <include>Icon_Fade</include>
                <control type="image">
                    <posx>18</posx>
                    <posy>411</posy>
                    <width>440</width>
                    <height>654</height>
                    <include>DetatchedThumb</include>
                </control>
            </control>
        </control>
        <!-- BG -->
        <control type="group">
            <visible>Skin.HasSetting(BlackGlassMode)</visible>
            <control type="group">
                <animation effect="slide" tween="circle" easing="out" time="250" start="0,0" end="580,0" condition="[ControlGroup(9000).HasFocus()|Control.HasFocus(8999)]+!Skin.HasSetting(DisableSlidingAnimations)">conditional</animation>
                <animation effect="slide" tween="circle" easing="out" time="250" start="0,0" end="-2090,0" condition="Control.HasFocus(505050)">conditional</animation>
                <include condition="!Skin.HasSetting(DisableSlidingAnimations)">OpenCloseSlideRight</include>
                <include condition="Skin.HasSetting(BlackGlassMode)">View_50_VideoExtras_BG</include>
                <!-- COMMON -->
                <control type="group">
                    <include>Icon_Fade</include>
                    <control type="image">
                        <posx>18</posx>
                        <posy>110</posy>
                        <width>704</width>
                        <height>518</height>
                        <include>DetatchedThumb</include>
                    </control>
                </control>
            </control>
        </control>
        <include>FooterInfo</include>
    </controls>
</window>
