<?xml version="1.0" encoding="UTF-8"?>
<window>
    <defaultcontrol>1001</defaultcontrol>
    <include>DialogOpenClose</include>
    <coordinates>
        <system>1</system>
        <posx>0</posx>
        <posy>0</posy>
        <origin x="626" y="414" />
    </coordinates>
    <controls>
        <include>DimBG</include>
        <control type="group">
            <include condition="Skin.HasSetting(BlackGlassMode)+!Skin.HasSetting(DisableSlidingAnimations)">OpenCloseSlideRight</include>
            <control type="group">
                <animation effect="slide" time="0" start="0,0" end="0,-35" condition="control.isvisible(1002)">conditional</animation>
                <animation effect="slide" time="0" start="0,0" end="0,-36" condition="control.isvisible(1003)">conditional</animation>
                <include name="WindowClosingButton">
                    <param name="id" value="0"/>
                    <param name="x" value="617"/>
                    <param name="y" value="-24"/>
                </include>
            </control>
            <control type="image" id="999">
                <posx>0</posx>
                <posy>-11</posy>
                <width>667</width>
                <height>251</height>
                <texture border="90">common/bg_dialog.png</texture>
            </control>
            <control type="image">
                <animation effect="slide" time="0" start="0,0" end="0,-35" condition="control.isvisible(1002)">conditional</animation>
                <animation effect="slide" time="0" start="0,0" end="0,-36" condition="control.isvisible(1003)">conditional</animation>
                <posx>45</posx>
                <posy>0</posy>
                <width>577</width>
                <height>79</height>
                <texture>list/bg_facade_nofocus_top.png</texture>
            </control>
            <control type="group">
                <posx>45</posx>
                <posy>79</posy>
                <control type="button" id="1001">
                    <posx>0</posx>
                    <posy>0</posy>
                    <align>center</align>
                    <textoffsetx>30</textoffsetx>
                    <include>LeftMenuButton</include>
                    <onleft>1001</onleft>
                    <onright>1001</onright>
                    <onup>1003</onup>
                    <ondown>1002</ondown>
                </control>
                <control type="button" id="1002">
                    <posx>0</posx>
                    <posy>0</posy>
                    <align>center</align>
                    <textoffsetx>30</textoffsetx>
                    <include>LeftMenuButton</include>
                    <onleft>1002</onleft>
                    <onright>1002</onright>
                    <onup>1001</onup>
                    <ondown>1003</ondown>
                </control>
                <control type="button" id="1003">
                    <posx>0</posx>
                    <posy>0</posy>
                    <align>center</align>
                    <textoffsetx>30</textoffsetx>
                    <include>LeftMenuButton</include>
                    <onleft>1003</onleft>
                    <onright>1003</onright>
                    <onup>1002</onup>
                    <ondown>1001</ondown>
                </control>
            </control>
        </control>
    </controls>
</window>
