<?xml version="1.0" encoding="utf-8"?>
<window type="dialog">
    <defaultcontrol always="true">2</defaultcontrol>
    <backgroundcolor>0</backgroundcolor>
    <include condition="!Skin.HasSetting(BlackGlassMode)|Skin.HasSetting(DisableSlidingAnimations)">OpenClose</include>
    <controls>
        <include>Fanart_Art</include>
        <include>Player_Show</include>
        <include>Time</include>
        <control type="label">
            <include condition="Skin.HasSetting(BlackGlassMode)+!Skin.HasSetting(DisableSlidingAnimations)">OpenCloseSlideRight</include>
            <include>WindowTitle</include>
            <label>$LOCALIZE[5]</label>
        </control>
        <control type="label">
            <include condition="Skin.HasSetting(BlackGlassMode)+!Skin.HasSetting(DisableSlidingAnimations)">OpenCloseSlideRight</include>
            <include>WindowTitleSub</include>
            <label>$LOCALIZE[10034]</label>
        </control>
        <control type="group">
            <include condition="Skin.HasSetting(BlackGlassMode)+!Skin.HasSetting(DisableSlidingAnimations)">OpenCloseSlideRight</include>
            <include name="WindowClosingButton">
                <param name="id" value="0"/>
                <param name="x" value="1387"/>
                <param name="y" value="230"/>
            </include>
            <control type="image">
                <posx>483</posx>
                <posy>234</posy>
                <width>954</width>
                <height>613</height>
                <texture border="94">common/bg_dialog.png</texture>
            </control>
            <control type="group">
                <posx>528</posx>
                <posy>271</posy>
                <control type="label">
                    <posx>45</posx>
                    <posy>18</posy>
                    <width>774</width>
                    <height>100</height>
                    <font>InfoTitleFont</font>
                    <textcolor>MainColor</textcolor>
                    <align>center</align>
                    <label>$LOCALIZE[10034]</label>
                </control>
                <control type="image">
                    <posx>0</posx>
                    <posy>38</posy>
                    <width>864</width>
                    <height>79</height>
                    <texture>list/bg_facade_nofocus_top.png</texture>
                </control>
                <control type="image">
                    <posx>0</posx>
                    <posy>259</posy>
                    <width>864</width>
                    <height>8</height>
                    <texture>list/bg_facade_separator.png</texture>
                </control>
                <control type="radiobutton" id="4">
                    <posx>0</posx>
                    <posy>117</posy>
                    <width>864</width>
                    <radioposx>780</radioposx>
                    <label>$LOCALIZE[20096]</label>
                    <onright>noop</onright>
                    <onleft>noop</onleft>
                    <onup>noop</onup>
                    <ondown>5</ondown>
                    <textwidth>722</textwidth>
                    <include>LeftMenuButton</include>
                </control>
                <control type="radiobutton" id="5">
                    <posx>0</posx>
                    <posy>188</posy>
                    <width>864</width>
                    <radioposx>780</radioposx>
                    <label>$LOCALIZE[33084]$INFO[system.profileautologin,:  ]</label>
                    <onright>noop</onright>
                    <onleft>noop</onleft>
                    <onup>4</onup>
                    <ondown>2</ondown>
                    <textwidth>722</textwidth>
                    <include>LeftMenuButton</include>
                </control>
                <control type="group">
                    <posx>0</posx>
                    <posy>267</posy>
                    <control type="panel" id="2">
                        <posx>0</posx>
                        <posy>0</posy>
                        <width>864</width>
                        <height>219</height>
                        <onleft>2</onleft>
                        <onright>60</onright>
                        <onup>5</onup>
                        <ondown>noop</ondown>
                        <pagecontrol>60</pagecontrol>
                        <scrolltime>280</scrolltime>
                        <itemlayout width="864" height="73">
                            <control type="image">
                                <posx>0</posx>
                                <posy>0</posy>
                                <height>73</height>
                                <width>864</width>
                                <texture border="3">list/bg_facade_nofocus.png</texture>
                            </control>
                            <control type="label">
                                <posx>TextMargin</posx>
                                <height>71</height>
                                <width>400</width>
                                <font>FacadeListMainFont</font>
                                <textcolor>ListNoFocusColor</textcolor>
                                <label>$INFO[ListItem.Label]</label>
                                <scroll>false</scroll>
                            </control>
                            <control type="label">
                                <posx>430</posx>
                                <posy>0</posy>
                                <height>71</height>
                                <width>400</width>
                                <align>right</align>
                                <font>FacadePanelFont</font>
                                <textcolor>SublistNoFocusColor</textcolor>
                                <label>$INFO[ListItem.Label2]</label>
                                <scroll>false</scroll>
                            </control>
                        </itemlayout>
                        <focusedlayout width="864" height="73">
                            <control type="image">
                                <posx>0</posx>
                                <posy>0</posy>
                                <height>73</height>
                                <width>864</width>
                                <include>FacadeFocus</include>
                            </control>
                            <control type="label">
                                <posx>TextMargin</posx>
                                <height>71</height>
                                <width>400</width>
                                <font>FacadeListMainFont</font>
                                <textcolor>ListFocusColor</textcolor>
                                <label>$INFO[ListItem.Label]</label>
                            </control>
                            <control type="label">
                                <posx>430</posx>
                                <posy>0</posy>
                                <height>71</height>
                                <width>400</width>
                                <align>right</align>
                                <font>FacadePanelFont</font>
                                <textcolor>SublistFocusColor</textcolor>
                                <label>$INFO[ListItem.Label2]</label>
                            </control>
                        </focusedlayout>
                    </control>
                    <control type="scrollbar" id="60">
                        <posx>833</posx>
                        <posy>0</posy>
                        <height>219</height>
                        <include>VerticalScroller</include>
                        <onleft>2</onleft>
                        <onright>60</onright>
                    </control>
                </control>
            </control>
        </control>
    </controls>
</window>
