<?xml version="1.0" encoding="UTF-8" standalone="yes"?>
<addon id="plugin.program.senyortools" name="[COLOR green]senyor tools[/COLOR]" version="1.3.6" provider-name="kodi senyor">
  <requires>
    <import addon="xbmc.python" version="2.1.0"/>
	<import addon="script.module.addon.common" />
  </requires>
  <extension point="xbmc.python.pluginsource" library="default.py">
        <provides>executable</provides>
  </extension>
  <extension point="xbmc.addon.metadata">
    <summary lang="en">kodi-senyor.co.il kodi tools and tweaks</summary>
    <description lang="he">הרחבה ייחודית של קודי סניור המאפשרת התקנת הרחבות והגדרות מערכת בקליק אחד</description>
    <platform>all</platform>
  </extension>
</addon>
