<?xml version="1.0" encoding="UTF-8" standalone="yes"?>
<addon id="plugin.video.Vodil" name="V.O.D IL" version="1.0.0" provider-name="kodi senyor">
  <requires>
    <import addon="xbmc.python" version="2.1.0"/>
    <import addon="plugin.video.youtube"/>
  </requires>
  <extension point="xbmc.python.pluginsource" library="addon.py">
    <provides>video</provides>
  </extension>
  <extension point="xbmc.addon.metadata">
    <language>he</language>
    <summary lang="he">הרחבה לצפיה בסרטונים מיוטיוב</summary>
    <description lang="he">הרחבה לצפיה בתכנים מיוטיוב</description>
    <disclaimer lang="en">kodi senyor Is Not Affiliated With The Content In This Addon</disclaimer>
    <platform>all</platform>
  </extension>
</addon>
