<?xml version="1.0" encoding="UTF-8" standalone="yes"?>
<addon id="plugin.program.senyorwizard" name="senyor wizard" version="1.0.6" provider-name="senyor wizard">
  <requires>
    <import addon="xbmc.python" version="2.1.0"/>
  </requires>
  <extension point="xbmc.python.pluginsource" library="default.py">
        <provides>executable</provides>
  </extension>
  <extension point="xbmc.addon.metadata">
    <summary lang="en">senyor Wizard</summary>
    <description lang="en">kodi-senyor.co.il kodi builds</description>
	<disclaimer lang="en">The author does not host or distribute any of the content displayed by this addon or have any affiliation with the website owners</disclaimer>
    <platform>all</platform>
  </extension>
</addon>
